
-- disable FK constraints 
ALTER TABLE hwl_countries DISABLE CONSTRAINT fk_countries_regions;
ALTER TABLE hwl_locations DISABLE CONSTRAINT fk_locations_countries;
ALTER TABLE hwl_warehouses DISABLE CONSTRAINT fk_warehouses_locations;
ALTER TABLE hwl_employees DISABLE CONSTRAINT fk_employees_manager;
ALTER TABLE hwl_products DISABLE CONSTRAINT fk_products_categories;
ALTER TABLE hwl_contacts DISABLE CONSTRAINT fk_contacts_customers;
ALTER TABLE hwl_orders DISABLE CONSTRAINT fk_orders_customers;
ALTER TABLE hwl_orders DISABLE CONSTRAINT fk_orders_employees;
ALTER TABLE hwl_order_items DISABLE CONSTRAINT fk_order_items_products;
ALTER TABLE hwl_order_items DISABLE CONSTRAINT fk_order_items_orders;
ALTER TABLE hwl_inventories DISABLE CONSTRAINT fk_inventories_products;
ALTER TABLE hwl_inventories DISABLE CONSTRAINT fk_inventories_warehouses;
--------------------------------------------------------
--  OT
--------------------------------------------------------
REM INSERTING into HWL_REGIONS
SET DEFINE OFF;
Insert into HWL_REGIONS (REGION_ID,REGION_NAME) values (1,'Europe');
Insert into HWL_REGIONS (REGION_ID,REGION_NAME) values (2,'Americas');
Insert into HWL_REGIONS (REGION_ID,REGION_NAME) values (3,'Asia');
Insert into HWL_REGIONS (REGION_ID,REGION_NAME) values (4,'Middle East and Africa');

REM INSERTING into HWL_COUNTRIES
SET DEFINE OFF;
Insert into HWL_COUNTRIES (COUNTRY_ID,COUNTRY_NAME,REGION_ID) values ('AR','Argentina',2);
Insert into HWL_COUNTRIES (COUNTRY_ID,COUNTRY_NAME,REGION_ID) values ('AU','Australia',3);
Insert into HWL_COUNTRIES (COUNTRY_ID,COUNTRY_NAME,REGION_ID) values ('BE','Belgium',1);
Insert into HWL_COUNTRIES (COUNTRY_ID,COUNTRY_NAME,REGION_ID) values ('BR','Brazil',2);
Insert into HWL_COUNTRIES (COUNTRY_ID,COUNTRY_NAME,REGION_ID) values ('CA','Canada',2);
Insert into HWL_COUNTRIES (COUNTRY_ID,COUNTRY_NAME,REGION_ID) values ('CH','Switzerland',1);
Insert into HWL_COUNTRIES (COUNTRY_ID,COUNTRY_NAME,REGION_ID) values ('CN','China',3);
Insert into HWL_COUNTRIES (COUNTRY_ID,COUNTRY_NAME,REGION_ID) values ('DE','Germany',1);
Insert into HWL_COUNTRIES (COUNTRY_ID,COUNTRY_NAME,REGION_ID) values ('DK','Denmark',1);
Insert into HWL_COUNTRIES (COUNTRY_ID,COUNTRY_NAME,REGION_ID) values ('EG','Egypt',4);
Insert into HWL_COUNTRIES (COUNTRY_ID,COUNTRY_NAME,REGION_ID) values ('FR','France',1);
Insert into HWL_COUNTRIES (COUNTRY_ID,COUNTRY_NAME,REGION_ID) values ('IL','Israel',4);
Insert into HWL_COUNTRIES (COUNTRY_ID,COUNTRY_NAME,REGION_ID) values ('IN','India',3);
Insert into HWL_COUNTRIES (COUNTRY_ID,COUNTRY_NAME,REGION_ID) values ('IT','Italy',1);
Insert into HWL_COUNTRIES (COUNTRY_ID,COUNTRY_NAME,REGION_ID) values ('JP','Japan',3);
Insert into HWL_COUNTRIES (COUNTRY_ID,COUNTRY_NAME,REGION_ID) values ('KW','Kuwait',4);
Insert into HWL_COUNTRIES (COUNTRY_ID,COUNTRY_NAME,REGION_ID) values ('ML','Malaysia',3);
Insert into HWL_COUNTRIES (COUNTRY_ID,COUNTRY_NAME,REGION_ID) values ('MX','Mexico',2);
Insert into HWL_COUNTRIES (COUNTRY_ID,COUNTRY_NAME,REGION_ID) values ('NG','Nigeria',4);
Insert into HWL_COUNTRIES (COUNTRY_ID,COUNTRY_NAME,REGION_ID) values ('NL','Netherlands',1);
Insert into HWL_COUNTRIES (COUNTRY_ID,COUNTRY_NAME,REGION_ID) values ('SG','Singapore',3);
Insert into HWL_COUNTRIES (COUNTRY_ID,COUNTRY_NAME,REGION_ID) values ('UK','United Kingdom',1);
Insert into HWL_COUNTRIES (COUNTRY_ID,COUNTRY_NAME,REGION_ID) values ('US','United States of America',2);
Insert into HWL_COUNTRIES (COUNTRY_ID,COUNTRY_NAME,REGION_ID) values ('ZM','Zambia',4);
Insert into HWL_COUNTRIES (COUNTRY_ID,COUNTRY_NAME,REGION_ID) values ('ZW','Zimbabwe',4);

REM INSERTING into HWL_LOCATIONS
SET DEFINE OFF;
Insert into HWL_LOCATIONS (LOCATION_ID,ADDRESS,POSTAL_CODE,CITY,STATE,COUNTRY_ID) values (1,'1297 Via Cola di Rie','00989','Roma',null,'IT');
Insert into HWL_LOCATIONS (LOCATION_ID,ADDRESS,POSTAL_CODE,CITY,STATE,COUNTRY_ID) values (2,'93091 Calle della Testa','10934','Venice',null,'IT');
Insert into HWL_LOCATIONS (LOCATION_ID,ADDRESS,POSTAL_CODE,CITY,STATE,COUNTRY_ID) values (3,'2017 Shinjuku-ku','1689','Tokyo','Tokyo Prefecture','JP');
Insert into HWL_LOCATIONS (LOCATION_ID,ADDRESS,POSTAL_CODE,CITY,STATE,COUNTRY_ID) values (4,'9450 Kamiya-cho','6823','Hiroshima',null,'JP');
Insert into HWL_LOCATIONS (LOCATION_ID,ADDRESS,POSTAL_CODE,CITY,STATE,COUNTRY_ID) values (5,'2014 Jabberwocky Rd','26192','Southlake','Texas','US');
Insert into HWL_LOCATIONS (LOCATION_ID,ADDRESS,POSTAL_CODE,CITY,STATE,COUNTRY_ID) values (6,'2011 Interiors Blvd','99236','South San Francisco','California','US');
Insert into HWL_LOCATIONS (LOCATION_ID,ADDRESS,POSTAL_CODE,CITY,STATE,COUNTRY_ID) values (7,'2007 Zagora St','50090','South Brunswick','New Jersey','US');
Insert into HWL_LOCATIONS (LOCATION_ID,ADDRESS,POSTAL_CODE,CITY,STATE,COUNTRY_ID) values (8,'2004 Charade Rd','98199','Seattle','Washington','US');
Insert into HWL_LOCATIONS (LOCATION_ID,ADDRESS,POSTAL_CODE,CITY,STATE,COUNTRY_ID) values (9,'147 Spadina Ave','M5V 2L7','Toronto','Ontario','CA');
Insert into HWL_LOCATIONS (LOCATION_ID,ADDRESS,POSTAL_CODE,CITY,STATE,COUNTRY_ID) values (10,'6092 Boxwood St','YSW 9T2','Whitehorse','Yukon','CA');
Insert into HWL_LOCATIONS (LOCATION_ID,ADDRESS,POSTAL_CODE,CITY,STATE,COUNTRY_ID) values (11,'40-5-12 Laogianggen','190518','Beijing',null,'CN');
Insert into HWL_LOCATIONS (LOCATION_ID,ADDRESS,POSTAL_CODE,CITY,STATE,COUNTRY_ID) values (12,'1298 Vileparle (E)','490231','Bombay','Maharashtra','IN');
Insert into HWL_LOCATIONS (LOCATION_ID,ADDRESS,POSTAL_CODE,CITY,STATE,COUNTRY_ID) values (13,'12-98 Victoria Street','2901','Sydney','New South Wales','AU');
Insert into HWL_LOCATIONS (LOCATION_ID,ADDRESS,POSTAL_CODE,CITY,STATE,COUNTRY_ID) values (14,'198 Clementi North','540198','Singapore',null,'SG');
Insert into HWL_LOCATIONS (LOCATION_ID,ADDRESS,POSTAL_CODE,CITY,STATE,COUNTRY_ID) values (15,'8204 Arthur St',null,'London',null,'UK');
Insert into HWL_LOCATIONS (LOCATION_ID,ADDRESS,POSTAL_CODE,CITY,STATE,COUNTRY_ID) values (16,'Magdalen Centre, The Oxford Science Park','OX9 9ZB','Oxford','Oxford','UK');
Insert into HWL_LOCATIONS (LOCATION_ID,ADDRESS,POSTAL_CODE,CITY,STATE,COUNTRY_ID) values (17,'9702 Chester Road','09629850293','Stretford','Manchester','UK');
Insert into HWL_LOCATIONS (LOCATION_ID,ADDRESS,POSTAL_CODE,CITY,STATE,COUNTRY_ID) values (18,'Schwanthalerstr. 7031','80925','Munich','Bavaria','DE');
Insert into HWL_LOCATIONS (LOCATION_ID,ADDRESS,POSTAL_CODE,CITY,STATE,COUNTRY_ID) values (19,'Rua Frei Caneca 1360 ','01307-002','Sao Paulo','Sao Paulo','BR');
Insert into HWL_LOCATIONS (LOCATION_ID,ADDRESS,POSTAL_CODE,CITY,STATE,COUNTRY_ID) values (20,'20 Rue des Corps-Saints','1730','Geneva','Geneve','CH');
Insert into HWL_LOCATIONS (LOCATION_ID,ADDRESS,POSTAL_CODE,CITY,STATE,COUNTRY_ID) values (21,'Murtenstrasse 921','3095','Bern','BE','CH');
Insert into HWL_LOCATIONS (LOCATION_ID,ADDRESS,POSTAL_CODE,CITY,STATE,COUNTRY_ID) values (22,'Pieter Breughelstraat 837','3029SK','Utrecht','Utrecht','NL');
Insert into HWL_LOCATIONS (LOCATION_ID,ADDRESS,POSTAL_CODE,CITY,STATE,COUNTRY_ID) values (23,'Mariano Escobedo 9991','11932','Mexico City','Distrito Federal,','MX');

REM INSERTING into HWL_WAREHOUSES
SET DEFINE OFF;
Insert into HWL_WAREHOUSES (WAREHOUSE_ID,WAREHOUSE_NAME,LOCATION_ID) values (1,'Southlake, Texas',5);
Insert into HWL_WAREHOUSES (WAREHOUSE_ID,WAREHOUSE_NAME,LOCATION_ID) values (2,'San Francisco',6);
Insert into HWL_WAREHOUSES (WAREHOUSE_ID,WAREHOUSE_NAME,LOCATION_ID) values (3,'New Jersey',7);
Insert into HWL_WAREHOUSES (WAREHOUSE_ID,WAREHOUSE_NAME,LOCATION_ID) values (4,'Seattle, Washington',8);
Insert into HWL_WAREHOUSES (WAREHOUSE_ID,WAREHOUSE_NAME,LOCATION_ID) values (5,'Toronto',9);
Insert into HWL_WAREHOUSES (WAREHOUSE_ID,WAREHOUSE_NAME,LOCATION_ID) values (6,'Sydney',13);
Insert into HWL_WAREHOUSES (WAREHOUSE_ID,WAREHOUSE_NAME,LOCATION_ID) values (7,'Mexico City',23);
Insert into HWL_WAREHOUSES (WAREHOUSE_ID,WAREHOUSE_NAME,LOCATION_ID) values (8,'Beijing',11);
Insert into HWL_WAREHOUSES (WAREHOUSE_ID,WAREHOUSE_NAME,LOCATION_ID) values (9,'Bombay',12);

REM INSERTING into HWL_EMPLOYEES
SET DEFINE OFF;
Insert into HWL_EMPLOYEES (EMPLOYEE_ID,FIRST_NAME,LAST_NAME,EMAIL,MOBILE,HIRE_DATE,MANAGER_ID,JOB_TITLE, NRIC, SALARY) VALUES ( 107, 'Summer', 'Payne', 'summer.payne@example.com', '99592682', to_date('7-Jun-16','DD-MON-RR'), 106, 'Public Accountant', 'S6407063C', 7435);
Insert into HWL_EMPLOYEES (EMPLOYEE_ID,FIRST_NAME,LAST_NAME,EMAIL,MOBILE,HIRE_DATE,MANAGER_ID,JOB_TITLE, NRIC, SALARY) VALUES ( 106, 'Rose', 'Stephens', 'rose.stephens@example.com', '97288798', to_date('7-Jun-16','DD-MON-RR'), 2, 'Accounting Manager', 'S2834521V', 11035);
Insert into HWL_EMPLOYEES (EMPLOYEE_ID,FIRST_NAME,LAST_NAME,EMAIL,MOBILE,HIRE_DATE,MANAGER_ID,JOB_TITLE, NRIC, SALARY) VALUES ( 101, 'Annabelle', 'Dunn', 'annabelle.dunn@example.com', '93157910', to_date('17-Sep-16','DD-MON-RR'), 2, 'Administration Assistant', 'S8299611X', 7693);
Insert into HWL_EMPLOYEES (EMPLOYEE_ID,FIRST_NAME,LAST_NAME,EMAIL,MOBILE,HIRE_DATE, JOB_TITLE, NRIC, SALARY) VALUES ( 1, 'Tommy', 'Bailey', 'tommy.bailey@example.com', '98824462', to_date('17-Jun-16','DD-MON-RR'), 'President', 'S4366852D', 15469);
Insert into HWL_EMPLOYEES (EMPLOYEE_ID,FIRST_NAME,LAST_NAME,EMAIL,MOBILE,HIRE_DATE,MANAGER_ID,JOB_TITLE, NRIC, SALARY) VALUES ( 3, 'Blake', 'Cooper', 'blake.cooper@example.com', '90117612', to_date('13-Jan-16','DD-MON-RR'), 1, 'Administration Vice President', 'S1553037J', 7132);
Insert into HWL_EMPLOYEES (EMPLOYEE_ID,FIRST_NAME,LAST_NAME,EMAIL,MOBILE,HIRE_DATE,MANAGER_ID,JOB_TITLE, NRIC, SALARY) VALUES ( 2, 'Jude', 'Rivera', 'jude.rivera@example.com', '95180690', to_date('21-Sep-16','DD-MON-RR'), 1, 'Administration Vice President', 'S5966852H', 9699);
Insert into HWL_EMPLOYEES (EMPLOYEE_ID,FIRST_NAME,LAST_NAME,EMAIL,MOBILE,HIRE_DATE,MANAGER_ID,JOB_TITLE, NRIC, SALARY) VALUES ( 11, 'Tyler', 'Ramirez', 'tyler.ramirez@example.com', '90625173', to_date('28-Sep-16','DD-MON-RR'), 9, 'Accountant', 'S5069739R', 16677);
Insert into HWL_EMPLOYEES (EMPLOYEE_ID,FIRST_NAME,LAST_NAME,EMAIL,MOBILE,HIRE_DATE,MANAGER_ID,JOB_TITLE, NRIC, SALARY) VALUES ( 10, 'Ryan', 'Gray', 'ryan.gray@example.com', '90154069', to_date('16-Aug-16','DD-MON-RR'), 9, 'Accountant', 'S8723402A', 9642);
Insert into HWL_EMPLOYEES (EMPLOYEE_ID,FIRST_NAME,LAST_NAME,EMAIL,MOBILE,HIRE_DATE,MANAGER_ID,JOB_TITLE, NRIC, SALARY) VALUES ( 14, 'Elliot', 'Brooks', 'elliot.brooks@example.com', '90382800', to_date('7-Dec-16','DD-MON-RR'), 9, 'Accountant', 'S4981629J', 14011);
Insert into HWL_EMPLOYEES (EMPLOYEE_ID,FIRST_NAME,LAST_NAME,EMAIL,MOBILE,HIRE_DATE,MANAGER_ID,JOB_TITLE, NRIC, SALARY) VALUES ( 12, 'Elliott', 'James', 'elliott.james@example.com', '94479764', to_date('30-Sep-16','DD-MON-RR'), 9, 'Accountant', 'S1098984F', 12554);
Insert into HWL_EMPLOYEES (EMPLOYEE_ID,FIRST_NAME,LAST_NAME,EMAIL,MOBILE,HIRE_DATE,MANAGER_ID,JOB_TITLE, NRIC, SALARY) VALUES ( 13, 'Albert', 'Watson', 'albert.watson@example.com', '90275949', to_date('7-Mar-16','DD-MON-RR'), 9, 'Accountant', 'S1302632O', 14195);
Insert into HWL_EMPLOYEES (EMPLOYEE_ID,FIRST_NAME,LAST_NAME,EMAIL,MOBILE,HIRE_DATE,MANAGER_ID,JOB_TITLE, NRIC, SALARY) VALUES ( 9, 'Mohammad', 'Peterson', 'mohammad.peterson@example.com', '94862266', to_date('17-Aug-16','DD-MON-RR'), 2, 'Finance Manager', 'S4781278M', 4340);
Insert into HWL_EMPLOYEES (EMPLOYEE_ID,FIRST_NAME,LAST_NAME,EMAIL,MOBILE,HIRE_DATE,MANAGER_ID,JOB_TITLE, NRIC, SALARY) VALUES ( 104, 'Harper', 'Spencer', 'harper.spencer@example.com', '99864734', to_date('7-Jun-16','DD-MON-RR'), 2, 'Human Resources Representative', 'S2314504F', 5549);
Insert into HWL_EMPLOYEES (EMPLOYEE_ID,FIRST_NAME,LAST_NAME,EMAIL,MOBILE,HIRE_DATE,MANAGER_ID,JOB_TITLE, NRIC, SALARY) VALUES ( 4, 'Louie', 'Richardson', 'louie.richardson@example.com', '93790875', to_date('3-Jan-16','DD-MON-RR'), 3, 'Programmer', 'S1648460E', 18971);
Insert into HWL_EMPLOYEES (EMPLOYEE_ID,FIRST_NAME,LAST_NAME,EMAIL,MOBILE,HIRE_DATE,MANAGER_ID,JOB_TITLE, NRIC, SALARY) VALUES ( 5, 'Nathan', 'Cox', 'nathan.cox@example.com', '95746573', to_date('21-May-16','DD-MON-RR'), 4, 'Programmer', 'S3675413E', 4115);
Insert into HWL_EMPLOYEES (EMPLOYEE_ID,FIRST_NAME,LAST_NAME,EMAIL,MOBILE,HIRE_DATE,MANAGER_ID,JOB_TITLE, NRIC, SALARY) VALUES ( 8, 'Bobby', 'Torres', 'bobby.torres@example.com', '90133028', to_date('7-Feb-16','DD-MON-RR'), 4, 'Programmer', 'S7828982W', 17321);
Insert into HWL_EMPLOYEES (EMPLOYEE_ID,FIRST_NAME,LAST_NAME,EMAIL,MOBILE,HIRE_DATE,MANAGER_ID,JOB_TITLE, NRIC, SALARY) VALUES ( 7, 'Charles', 'Ward', 'charles.ward@example.com', '91914832', to_date('5-Feb-16','DD-MON-RR'), 4, 'Programmer', 'S2892480G', 13616);
Insert into HWL_EMPLOYEES (EMPLOYEE_ID,FIRST_NAME,LAST_NAME,EMAIL,MOBILE,HIRE_DATE,MANAGER_ID,JOB_TITLE, NRIC, SALARY) VALUES ( 6, 'Gabriel', 'Howard', 'gabriel.howard@example.com', '96713299', to_date('25-Jun-16','DD-MON-RR'), 4, 'Programmer', 'S8351826V', 17130);
Insert into HWL_EMPLOYEES (EMPLOYEE_ID,FIRST_NAME,LAST_NAME,EMAIL,MOBILE,HIRE_DATE,MANAGER_ID,JOB_TITLE, NRIC, SALARY) VALUES ( 102, 'Emma', 'Perkins', 'emma.perkins@example.com', '95753351', to_date('17-Feb-16','DD-MON-RR'), 1, 'Marketing Manager', 'S2635543K', 12773);
Insert into HWL_EMPLOYEES (EMPLOYEE_ID,FIRST_NAME,LAST_NAME,EMAIL,MOBILE,HIRE_DATE,MANAGER_ID,JOB_TITLE, NRIC, SALARY) VALUES ( 103, 'Amelie', 'Hudson', 'amelie.hudson@example.com', '96741971', to_date('17-Aug-16','DD-MON-RR'), 102, 'Marketing Representative', 'S2206325J', 7168);
Insert into HWL_EMPLOYEES (EMPLOYEE_ID,FIRST_NAME,LAST_NAME,EMAIL,MOBILE,HIRE_DATE,MANAGER_ID,JOB_TITLE, NRIC, SALARY) VALUES ( 105, 'Gracie', 'Gardner', 'gracie.gardner@example.com', '93832852', to_date('7-Jun-16','DD-MON-RR'), 2, 'Public Relations Representative', 'S2837971C', 19816);
Insert into HWL_EMPLOYEES (EMPLOYEE_ID,FIRST_NAME,LAST_NAME,EMAIL,MOBILE,HIRE_DATE,MANAGER_ID,JOB_TITLE, NRIC, SALARY) VALUES ( 17, 'Frederick', 'Price', 'frederick.price@example.com', '97146577', to_date('24-Dec-16','DD-MON-RR'), 15, 'Purchasing Clerk', 'S6114173H', 17182);
Insert into HWL_EMPLOYEES (EMPLOYEE_ID,FIRST_NAME,LAST_NAME,EMAIL,MOBILE,HIRE_DATE,MANAGER_ID,JOB_TITLE, NRIC, SALARY) VALUES ( 16, 'Alex', 'Sanders', 'alex.sanders@example.com', '92020309', to_date('18-May-16','DD-MON-RR'), 15, 'Purchasing Clerk', 'S8132021T', 11352);
Insert into HWL_EMPLOYEES (EMPLOYEE_ID,FIRST_NAME,LAST_NAME,EMAIL,MOBILE,HIRE_DATE,MANAGER_ID,JOB_TITLE, NRIC, SALARY) VALUES ( 18, 'Ollie', 'Bennett', 'ollie.bennett@example.com', '96085902', to_date('24-Jul-16','DD-MON-RR'), 15, 'Purchasing Clerk', 'S1577837E', 19542);
Insert into HWL_EMPLOYEES (EMPLOYEE_ID,FIRST_NAME,LAST_NAME,EMAIL,MOBILE,HIRE_DATE,MANAGER_ID,JOB_TITLE, NRIC, SALARY) VALUES ( 19, 'Louis', 'Wood', 'louis.wood@example.com', '96797048', to_date('15-Nov-16','DD-MON-RR'), 15, 'Purchasing Clerk', 'S7671140K', 12347);
Insert into HWL_EMPLOYEES (EMPLOYEE_ID,FIRST_NAME,LAST_NAME,EMAIL,MOBILE,HIRE_DATE,MANAGER_ID,JOB_TITLE, NRIC, SALARY) VALUES ( 20, 'Dexter', 'Barnes', 'dexter.barnes@example.com', '98908111', to_date('10-Aug-16','DD-MON-RR'), 15, 'Purchasing Clerk', 'S5923211F', 5696);
Insert into HWL_EMPLOYEES (EMPLOYEE_ID,FIRST_NAME,LAST_NAME,EMAIL,MOBILE,HIRE_DATE,MANAGER_ID,JOB_TITLE, NRIC, SALARY) VALUES ( 15, 'Rory', 'Kelly', 'rory.kelly@example.com', '99654903', to_date('7-Dec-16','DD-MON-RR'), 1, 'Purchasing Manager', 'S7752492Z', 8210);
Insert into HWL_EMPLOYEES (EMPLOYEE_ID,FIRST_NAME,LAST_NAME,EMAIL,MOBILE,HIRE_DATE,MANAGER_ID,JOB_TITLE, NRIC, SALARY) VALUES ( 49, 'Isabella', 'Cole', 'isabella.cole@example.com', '91895746', to_date('15-Oct-16','DD-MON-RR'), 1, 'Sales Manager', 'S9033589G', 16507);
Insert into HWL_EMPLOYEES (EMPLOYEE_ID,FIRST_NAME,LAST_NAME,EMAIL,MOBILE,HIRE_DATE,MANAGER_ID,JOB_TITLE, NRIC, SALARY) VALUES ( 48, 'Jessica', 'Woods', 'jessica.woods@example.com', '98055346', to_date('10-Mar-16','DD-MON-RR'), 1, 'Sales Manager', 'S7730705A', 18660);
Insert into HWL_EMPLOYEES (EMPLOYEE_ID,FIRST_NAME,LAST_NAME,EMAIL,MOBILE,HIRE_DATE,MANAGER_ID,JOB_TITLE, NRIC, SALARY) VALUES ( 47, 'Ella', 'Wallace', 'ella.wallace@example.com', '94405763', to_date('5-Jan-16','DD-MON-RR'), 1, 'Sales Manager', 'S1083027D', 9867);
Insert into HWL_EMPLOYEES (EMPLOYEE_ID,FIRST_NAME,LAST_NAME,EMAIL,MOBILE,HIRE_DATE,MANAGER_ID,JOB_TITLE, NRIC, SALARY) VALUES ( 46, 'Ava', 'Sullivan', 'ava.sullivan@example.com', '95531324', to_date('1-Oct-16','DD-MON-RR'), 1, 'Sales Manager', 'S3518014H', 19512);
Insert into HWL_EMPLOYEES (EMPLOYEE_ID,FIRST_NAME,LAST_NAME,EMAIL,MOBILE,HIRE_DATE,MANAGER_ID,JOB_TITLE, NRIC, SALARY) VALUES ( 50, 'Mia', 'West', 'mia.west@example.com', '92994346', to_date('29-Jan-16','DD-MON-RR'), 1, 'Sales Manager', 'S4565090U', 17029);
Insert into HWL_EMPLOYEES (EMPLOYEE_ID,FIRST_NAME,LAST_NAME,EMAIL,MOBILE,HIRE_DATE,MANAGER_ID,JOB_TITLE, NRIC, SALARY) VALUES ( 56, 'Evie', 'Harrison', 'evie.harrison@example.com', '95334519', to_date('23-Nov-16','DD-MON-RR'), 46, 'Sales Representative', 'S8921166C', 12422);
Insert into HWL_EMPLOYEES (EMPLOYEE_ID,FIRST_NAME,LAST_NAME,EMAIL,MOBILE,HIRE_DATE,MANAGER_ID,JOB_TITLE, NRIC, SALARY) VALUES ( 57, 'Scarlett', 'Gibson', 'scarlett.gibson@example.com', '92427712', to_date('30-Jan-16','DD-MON-RR'), 47, 'Sales Representative', 'S3207165B', 9055);
Insert into HWL_EMPLOYEES (EMPLOYEE_ID,FIRST_NAME,LAST_NAME,EMAIL,MOBILE,HIRE_DATE,MANAGER_ID,JOB_TITLE, NRIC, SALARY) VALUES ( 58, 'Ruby', 'Mcdonald', 'ruby.mcdonald@example.com', '93665316', to_date('4-Mar-16','DD-MON-RR'), 47, 'Sales Representative', 'S7469344Y', 13677);
Insert into HWL_EMPLOYEES (EMPLOYEE_ID,FIRST_NAME,LAST_NAME,EMAIL,MOBILE,HIRE_DATE,MANAGER_ID,JOB_TITLE, NRIC, SALARY) VALUES ( 59, 'Chloe', 'Cruz', 'chloe.cruz@example.com', '91571310', to_date('1-Aug-16','DD-MON-RR'), 47, 'Sales Representative', 'S3213440R', 7579);
Insert into HWL_EMPLOYEES (EMPLOYEE_ID,FIRST_NAME,LAST_NAME,EMAIL,MOBILE,HIRE_DATE,MANAGER_ID,JOB_TITLE, NRIC, SALARY) VALUES ( 60, 'Isabelle', 'Marshall', 'isabelle.marshall@example.com', '98749122', to_date('10-Mar-16','DD-MON-RR'), 47, 'Sales Representative', 'S5524408F', 17207);
Insert into HWL_EMPLOYEES (EMPLOYEE_ID,FIRST_NAME,LAST_NAME,EMAIL,MOBILE,HIRE_DATE,MANAGER_ID,JOB_TITLE, NRIC, SALARY) VALUES ( 61, 'Daisy', 'Ortiz', 'daisy.ortiz@example.com', '90807554', to_date('15-Dec-16','DD-MON-RR'), 47, 'Sales Representative', 'S6031210S', 13604);
Insert into HWL_EMPLOYEES (EMPLOYEE_ID,FIRST_NAME,LAST_NAME,EMAIL,MOBILE,HIRE_DATE,MANAGER_ID,JOB_TITLE, NRIC, SALARY) VALUES ( 62, 'Freya', 'Gomez', 'freya.gomez@example.com', '99418981', to_date('3-Nov-16','DD-MON-RR'), 47, 'Sales Representative', 'S3342616A', 16464);
Insert into HWL_EMPLOYEES (EMPLOYEE_ID,FIRST_NAME,LAST_NAME,EMAIL,MOBILE,HIRE_DATE,MANAGER_ID,JOB_TITLE, NRIC, SALARY) VALUES ( 80, 'Elizabeth', 'Dixon', 'elizabeth.dixon@example.com', '97267164', to_date('4-Jan-16','DD-MON-RR'), 50, 'Sales Representative', 'S4399828J', 5575);
Insert into HWL_EMPLOYEES (EMPLOYEE_ID,FIRST_NAME,LAST_NAME,EMAIL,MOBILE,HIRE_DATE,MANAGER_ID,JOB_TITLE, NRIC, SALARY) VALUES ( 64, 'Florence', 'Freeman', 'florence.freeman@example.com', '96110108', to_date('19-Mar-16','DD-MON-RR'), 48, 'Sales Representative', 'S3548096D', 17426);
Insert into HWL_EMPLOYEES (EMPLOYEE_ID,FIRST_NAME,LAST_NAME,EMAIL,MOBILE,HIRE_DATE,MANAGER_ID,JOB_TITLE, NRIC, SALARY) VALUES ( 65, 'Alice', 'Wells', 'alice.wells@example.com', '91461139', to_date('24-Jan-16','DD-MON-RR'), 48, 'Sales Representative', 'S3904211A', 17897);
Insert into HWL_EMPLOYEES (EMPLOYEE_ID,FIRST_NAME,LAST_NAME,EMAIL,MOBILE,HIRE_DATE,MANAGER_ID,JOB_TITLE, NRIC, SALARY) VALUES ( 66, 'Charlotte', 'Webb', 'charlotte.webb@example.com', '98320248', to_date('23-Feb-16','DD-MON-RR'), 48, 'Sales Representative', 'S6456315K', 10804);
Insert into HWL_EMPLOYEES (EMPLOYEE_ID,FIRST_NAME,LAST_NAME,EMAIL,MOBILE,HIRE_DATE,MANAGER_ID,JOB_TITLE, NRIC, SALARY) VALUES ( 67, 'Sienna', 'Simpson', 'sienna.simpson@example.com', '93472252', to_date('24-Mar-16','DD-MON-RR'), 48, 'Sales Representative', 'S7324694S', 4984);
Insert into HWL_EMPLOYEES (EMPLOYEE_ID,FIRST_NAME,LAST_NAME,EMAIL,MOBILE,HIRE_DATE,MANAGER_ID,JOB_TITLE, NRIC, SALARY) VALUES ( 68, 'Matilda', 'Stevens', 'matilda.stevens@example.com', '99847592', to_date('21-Apr-16','DD-MON-RR'), 48, 'Sales Representative', 'S7238726V', 14751);
Insert into HWL_EMPLOYEES (EMPLOYEE_ID,FIRST_NAME,LAST_NAME,EMAIL,MOBILE,HIRE_DATE,MANAGER_ID,JOB_TITLE, NRIC, SALARY) VALUES ( 69, 'Evelyn', 'Tucker', 'evelyn.tucker@example.com', '96669130', to_date('11-Mar-16','DD-MON-RR'), 49, 'Sales Representative', 'S8991513S', 4308);
Insert into HWL_EMPLOYEES (EMPLOYEE_ID,FIRST_NAME,LAST_NAME,EMAIL,MOBILE,HIRE_DATE,MANAGER_ID,JOB_TITLE, NRIC, SALARY) VALUES ( 70, 'Eva', 'Porter', 'eva.porter@example.com', '91643172', to_date('23-Mar-16','DD-MON-RR'), 49, 'Sales Representative', 'S3831703U', 16475);
Insert into HWL_EMPLOYEES (EMPLOYEE_ID,FIRST_NAME,LAST_NAME,EMAIL,MOBILE,HIRE_DATE,MANAGER_ID,JOB_TITLE, NRIC, SALARY) VALUES ( 71, 'Millie', 'Hunter', 'millie.hunter@example.com', '97949228', to_date('24-Jan-16','DD-MON-RR'), 49, 'Sales Representative', 'S2975501L', 10102);
Insert into HWL_EMPLOYEES (EMPLOYEE_ID,FIRST_NAME,LAST_NAME,EMAIL,MOBILE,HIRE_DATE,MANAGER_ID,JOB_TITLE, NRIC, SALARY) VALUES ( 72, 'Sofia', 'Hicks', 'sofia.hicks@example.com', '91821768', to_date('23-Feb-16','DD-MON-RR'), 49, 'Sales Representative', 'S1885655Z', 9589);
Insert into HWL_EMPLOYEES (EMPLOYEE_ID,FIRST_NAME,LAST_NAME,EMAIL,MOBILE,HIRE_DATE,MANAGER_ID,JOB_TITLE, NRIC, SALARY) VALUES ( 73, 'Lucy', 'Crawford', 'lucy.crawford@example.com', '98221882', to_date('24-Mar-16','DD-MON-RR'), 49, 'Sales Representative', 'S2778051Z', 15930);
Insert into HWL_EMPLOYEES (EMPLOYEE_ID,FIRST_NAME,LAST_NAME,EMAIL,MOBILE,HIRE_DATE,MANAGER_ID,JOB_TITLE, NRIC, SALARY) VALUES ( 74, 'Elsie', 'Henry', 'elsie.henry@example.com', '96871925', to_date('21-Apr-16','DD-MON-RR'), 49, 'Sales Representative', 'S4625129S', 16985);
Insert into HWL_EMPLOYEES (EMPLOYEE_ID,FIRST_NAME,LAST_NAME,EMAIL,MOBILE,HIRE_DATE,MANAGER_ID,JOB_TITLE, NRIC, SALARY) VALUES ( 75, 'Imogen', 'Boyd', 'imogen.boyd@example.com', '95531432', to_date('11-May-16','DD-MON-RR'), 50, 'Sales Representative', 'S1775369Y', 12357);
Insert into HWL_EMPLOYEES (EMPLOYEE_ID,FIRST_NAME,LAST_NAME,EMAIL,MOBILE,HIRE_DATE,MANAGER_ID,JOB_TITLE, NRIC, SALARY) VALUES ( 76, 'Layla', 'Mason', 'layla.mason@example.com', '97011033', to_date('19-Mar-16','DD-MON-RR'), 50, 'Sales Representative', 'S2511611D', 6575);
Insert into HWL_EMPLOYEES (EMPLOYEE_ID,FIRST_NAME,LAST_NAME,EMAIL,MOBILE,HIRE_DATE,MANAGER_ID,JOB_TITLE, NRIC, SALARY) VALUES ( 77, 'Rosie', 'Morales', 'rosie.morales@example.com', '94191624', to_date('24-Mar-16','DD-MON-RR'), 50, 'Sales Representative', 'S2632132T', 10686);
Insert into HWL_EMPLOYEES (EMPLOYEE_ID,FIRST_NAME,LAST_NAME,EMAIL,MOBILE,HIRE_DATE,MANAGER_ID,JOB_TITLE, NRIC, SALARY) VALUES ( 78, 'Maya', 'Kennedy', 'maya.kennedy@example.com', '97783193', to_date('23-Apr-16','DD-MON-RR'), 50, 'Sales Representative', 'S3002671Q', 7848);
Insert into HWL_EMPLOYEES (EMPLOYEE_ID,FIRST_NAME,LAST_NAME,EMAIL,MOBILE,HIRE_DATE,MANAGER_ID,JOB_TITLE, NRIC, SALARY) VALUES ( 79, 'Esme', 'Warren', 'esme.warren@example.com', '92140420', to_date('24-May-16','DD-MON-RR'), 50, 'Sales Representative', 'S6436930Y', 16979);
Insert into HWL_EMPLOYEES (EMPLOYEE_ID,FIRST_NAME,LAST_NAME,EMAIL,MOBILE,HIRE_DATE,MANAGER_ID,JOB_TITLE, NRIC, SALARY) VALUES ( 55, 'Grace', 'Ellis', 'grace.ellis@example.com', '97079005', to_date('9-Dec-16','DD-MON-RR'), 46, 'Sales Representative', 'S1307829A', 10349);
Insert into HWL_EMPLOYEES (EMPLOYEE_ID,FIRST_NAME,LAST_NAME,EMAIL,MOBILE,HIRE_DATE,MANAGER_ID,JOB_TITLE, NRIC, SALARY) VALUES ( 54, 'Lily', 'Fisher', 'lily.fisher@example.com', '98565629', to_date('30-Mar-16','DD-MON-RR'), 46, 'Sales Representative', 'S2008640H', 12839);
Insert into HWL_EMPLOYEES (EMPLOYEE_ID,FIRST_NAME,LAST_NAME,EMAIL,MOBILE,HIRE_DATE,MANAGER_ID,JOB_TITLE, NRIC, SALARY) VALUES ( 53, 'Sophia', 'Reynolds', 'sophia.reynolds@example.com', '96027265', to_date('20-Aug-16','DD-MON-RR'), 46, 'Sales Representative', 'S7275629K', 5024);
Insert into HWL_EMPLOYEES (EMPLOYEE_ID,FIRST_NAME,LAST_NAME,EMAIL,MOBILE,HIRE_DATE,MANAGER_ID,JOB_TITLE, NRIC, SALARY) VALUES ( 52, 'Sophie', 'Owens', 'sophie.owens@example.com', '99173813', to_date('24-Mar-16','DD-MON-RR'), 46, 'Sales Representative', 'S1159102O', 5631);
Insert into HWL_EMPLOYEES (EMPLOYEE_ID,FIRST_NAME,LAST_NAME,EMAIL,MOBILE,HIRE_DATE,MANAGER_ID,JOB_TITLE, NRIC, SALARY) VALUES ( 51, 'Poppy', 'Jordan', 'poppy.jordan@example.com', '92340332', to_date('30-Jan-16','DD-MON-RR'), 46, 'Sales Representative', 'S2217163F', 6331);
Insert into HWL_EMPLOYEES (EMPLOYEE_ID,FIRST_NAME,LAST_NAME,EMAIL,MOBILE,HIRE_DATE,MANAGER_ID,JOB_TITLE, NRIC, SALARY) VALUES ( 63, 'Phoebe', 'Murray', 'phoebe.murray@example.com', '99408692', to_date('11-Nov-16','DD-MON-RR'), 48, 'Sales Representative', 'S8539797S', 4159);
Insert into HWL_EMPLOYEES (EMPLOYEE_ID,FIRST_NAME,LAST_NAME,EMAIL,MOBILE,HIRE_DATE,MANAGER_ID,JOB_TITLE, NRIC, SALARY) VALUES ( 85, 'Holly', 'Shaw', 'holly.shaw@example.com', '91470553', to_date('27-Jan-16','DD-MON-RR'), 22, 'Shipping Clerk', 'S2813304O', 13927);
Insert into HWL_EMPLOYEES (EMPLOYEE_ID,FIRST_NAME,LAST_NAME,EMAIL,MOBILE,HIRE_DATE,MANAGER_ID,JOB_TITLE, NRIC, SALARY) VALUES ( 86, 'Emilia', 'Holmes', 'emilia.holmes@example.com', '92388281', to_date('20-Feb-16','DD-MON-RR'), 22, 'Shipping Clerk', 'S5691759X', 7122);
Insert into HWL_EMPLOYEES (EMPLOYEE_ID,FIRST_NAME,LAST_NAME,EMAIL,MOBILE,HIRE_DATE,MANAGER_ID,JOB_TITLE, NRIC, SALARY) VALUES ( 87, 'Molly', 'Rice', 'molly.rice@example.com', '99120888', to_date('24-Jun-16','DD-MON-RR'), 22, 'Shipping Clerk', 'S5290375M', 19172);
Insert into HWL_EMPLOYEES (EMPLOYEE_ID,FIRST_NAME,LAST_NAME,EMAIL,MOBILE,HIRE_DATE,MANAGER_ID,JOB_TITLE, NRIC, SALARY) VALUES ( 88, 'Ellie', 'Robertson', 'ellie.robertson@example.com', '99051657', to_date('7-Feb-16','DD-MON-RR'), 22, 'Shipping Clerk', 'S6112402M', 15003);
Insert into HWL_EMPLOYEES (EMPLOYEE_ID,FIRST_NAME,LAST_NAME,EMAIL,MOBILE,HIRE_DATE,MANAGER_ID,JOB_TITLE, NRIC, SALARY) VALUES ( 89, 'Jasmine', 'Hunt', 'jasmine.hunt@example.com', '99588179', to_date('14-Jun-16','DD-MON-RR'), 23, 'Shipping Clerk', 'S6020614N', 11248);
Insert into HWL_EMPLOYEES (EMPLOYEE_ID,FIRST_NAME,LAST_NAME,EMAIL,MOBILE,HIRE_DATE,MANAGER_ID,JOB_TITLE, NRIC, SALARY) VALUES ( 90, 'Eliza', 'Black', 'eliza.black@example.com', '97617796', to_date('13-Aug-16','DD-MON-RR'), 23, 'Shipping Clerk', 'S2804351I', 10136);
Insert into HWL_EMPLOYEES (EMPLOYEE_ID,FIRST_NAME,LAST_NAME,EMAIL,MOBILE,HIRE_DATE,MANAGER_ID,JOB_TITLE, NRIC, SALARY) VALUES ( 91, 'Lilly', 'Daniels', 'lilly.daniels@example.com', '95310859', to_date('11-Jul-16','DD-MON-RR'), 23, 'Shipping Clerk', 'S5442256T', 7579);
Insert into HWL_EMPLOYEES (EMPLOYEE_ID,FIRST_NAME,LAST_NAME,EMAIL,MOBILE,HIRE_DATE,MANAGER_ID,JOB_TITLE, NRIC, SALARY) VALUES ( 92, 'Abigail', 'Palmer', 'abigail.palmer@example.com', '91469032', to_date('19-Dec-16','DD-MON-RR'), 23, 'Shipping Clerk', 'S7951794W', 19229);
Insert into HWL_EMPLOYEES (EMPLOYEE_ID,FIRST_NAME,LAST_NAME,EMAIL,MOBILE,HIRE_DATE,MANAGER_ID,JOB_TITLE, NRIC, SALARY) VALUES ( 93, 'Georgia', 'Mills', 'georgia.mills@example.com', '99451765', to_date('4-Feb-16','DD-MON-RR'), 24, 'Shipping Clerk', 'S2724668T', 14195);
Insert into HWL_EMPLOYEES (EMPLOYEE_ID,FIRST_NAME,LAST_NAME,EMAIL,MOBILE,HIRE_DATE,MANAGER_ID,JOB_TITLE, NRIC, SALARY) VALUES ( 94, 'Maisie', 'Nichols', 'maisie.nichols@example.com', '90531950', to_date('3-Mar-16','DD-MON-RR'), 24, 'Shipping Clerk', 'S2236660H', 9405);
Insert into HWL_EMPLOYEES (EMPLOYEE_ID,FIRST_NAME,LAST_NAME,EMAIL,MOBILE,HIRE_DATE,MANAGER_ID,JOB_TITLE, NRIC, SALARY) VALUES ( 95, 'Eleanor', 'Grant', 'eleanor.grant@example.com', '90319265', to_date('1-Jul-16','DD-MON-RR'), 24, 'Shipping Clerk', 'S7222052X', 10816);
Insert into HWL_EMPLOYEES (EMPLOYEE_ID,FIRST_NAME,LAST_NAME,EMAIL,MOBILE,HIRE_DATE,MANAGER_ID,JOB_TITLE, NRIC, SALARY) VALUES ( 96, 'Hannah', 'Knight', 'hannah.knight@example.com', '94408378', to_date('17-Mar-16','DD-MON-RR'), 24, 'Shipping Clerk', 'S6121374M', 11765);
Insert into HWL_EMPLOYEES (EMPLOYEE_ID,FIRST_NAME,LAST_NAME,EMAIL,MOBILE,HIRE_DATE,MANAGER_ID,JOB_TITLE, NRIC, SALARY) VALUES ( 97, 'Harriet', 'Ferguson', 'harriet.ferguson@example.com', '91952184', to_date('24-Apr-16','DD-MON-RR'), 25, 'Shipping Clerk', 'S5028437W', 13648);
Insert into HWL_EMPLOYEES (EMPLOYEE_ID,FIRST_NAME,LAST_NAME,EMAIL,MOBILE,HIRE_DATE,MANAGER_ID,JOB_TITLE, NRIC, SALARY) VALUES ( 98, 'Amber', 'Rose', 'amber.rose@example.com', '90757373', to_date('23-May-16','DD-MON-RR'), 25, 'Shipping Clerk', 'S5565486K', 15035);
Insert into HWL_EMPLOYEES (EMPLOYEE_ID,FIRST_NAME,LAST_NAME,EMAIL,MOBILE,HIRE_DATE,MANAGER_ID,JOB_TITLE, NRIC, SALARY) VALUES ( 99, 'Bella', 'Stone', 'bella.stone@example.com', '97302997', to_date('21-Jun-16','DD-MON-RR'), 25, 'Shipping Clerk', 'S5816290D', 16673);
Insert into HWL_EMPLOYEES (EMPLOYEE_ID,FIRST_NAME,LAST_NAME,EMAIL,MOBILE,HIRE_DATE,MANAGER_ID,JOB_TITLE, NRIC, SALARY) VALUES ( 100, 'Thea', 'Hawkins', 'thea.hawkins@example.com', '95491171', to_date('13-Jan-16','DD-MON-RR'), 25, 'Shipping Clerk', 'S4428934Q', 13231);
Insert into HWL_EMPLOYEES (EMPLOYEE_ID,FIRST_NAME,LAST_NAME,EMAIL,MOBILE,HIRE_DATE,MANAGER_ID,JOB_TITLE, NRIC, SALARY) VALUES ( 81, 'Lola', 'Ramos', 'lola.ramos@example.com', '98084530', to_date('24-Jan-16','DD-MON-RR'), 21, 'Shipping Clerk', 'S7107950F', 16759);
Insert into HWL_EMPLOYEES (EMPLOYEE_ID,FIRST_NAME,LAST_NAME,EMAIL,MOBILE,HIRE_DATE,MANAGER_ID,JOB_TITLE, NRIC, SALARY) VALUES ( 82, 'Willow', 'Reyes', 'willow.reyes@example.com', '98349517', to_date('23-Feb-16','DD-MON-RR'), 21, 'Shipping Clerk', 'S4512387K', 12100);
Insert into HWL_EMPLOYEES (EMPLOYEE_ID,FIRST_NAME,LAST_NAME,EMAIL,MOBILE,HIRE_DATE,MANAGER_ID,JOB_TITLE, NRIC, SALARY) VALUES ( 83, 'Ivy', 'Burns', 'ivy.burns@example.com', '92658901', to_date('21-Jun-16','DD-MON-RR'), 21, 'Shipping Clerk', 'S3178483X', 15288);
Insert into HWL_EMPLOYEES (EMPLOYEE_ID,FIRST_NAME,LAST_NAME,EMAIL,MOBILE,HIRE_DATE,MANAGER_ID,JOB_TITLE, NRIC, SALARY) VALUES ( 84, 'Erin', 'Gordon', 'erin.gordon@example.com', '92676613', to_date('3-Feb-16','DD-MON-RR'), 21, 'Shipping Clerk', 'S3582504V', 17744);
Insert into HWL_EMPLOYEES (EMPLOYEE_ID,FIRST_NAME,LAST_NAME,EMAIL,MOBILE,HIRE_DATE,MANAGER_ID,JOB_TITLE, NRIC, SALARY) VALUES ( 33, 'Reggie', 'Simmons', 'reggie.simmons@example.com', '98994169', to_date('10-Apr-16','DD-MON-RR'), 22, 'Stock Clerk', 'S7671068D', 12524);
Insert into HWL_EMPLOYEES (EMPLOYEE_ID,FIRST_NAME,LAST_NAME,EMAIL,MOBILE,HIRE_DATE,MANAGER_ID,JOB_TITLE, NRIC, SALARY) VALUES ( 44, 'Emily', 'Hamilton', 'emily.hamilton@example.com', '95951752', to_date('15-Mar-16','DD-MON-RR'), 25, 'Stock Clerk', 'S4397994A', 7881);
Insert into HWL_EMPLOYEES (EMPLOYEE_ID,FIRST_NAME,LAST_NAME,EMAIL,MOBILE,HIRE_DATE,MANAGER_ID,JOB_TITLE, NRIC, SALARY) VALUES ( 43, 'Olivia', 'Ford', 'olivia.ford@example.com', '93741254', to_date('29-Jan-16','DD-MON-RR'), 25, 'Stock Clerk', 'S3854538P', 16418);
Insert into HWL_EMPLOYEES (EMPLOYEE_ID,FIRST_NAME,LAST_NAME,EMAIL,MOBILE,HIRE_DATE,MANAGER_ID,JOB_TITLE, NRIC, SALARY) VALUES ( 42, 'Amelia', 'Myers', 'amelia.myers@example.com', '98709398', to_date('17-Oct-16','DD-MON-RR'), 25, 'Stock Clerk', 'S1269149K', 13198);
Insert into HWL_EMPLOYEES (EMPLOYEE_ID,FIRST_NAME,LAST_NAME,EMAIL,MOBILE,HIRE_DATE,MANAGER_ID,JOB_TITLE, NRIC, SALARY) VALUES ( 41, 'Connor', 'Hayes', 'connor.hayes@example.com', '98247208', to_date('6-Apr-16','DD-MON-RR'), 24, 'Stock Clerk', 'S6182252E', 15371);
Insert into HWL_EMPLOYEES (EMPLOYEE_ID,FIRST_NAME,LAST_NAME,EMAIL,MOBILE,HIRE_DATE,MANAGER_ID,JOB_TITLE, NRIC, SALARY) VALUES ( 26, 'Leon', 'Powell', 'leon.powell@example.com', '96470783', to_date('16-Jul-16','DD-MON-RR'), 21, 'Stock Clerk', 'S1102744L', 4221);
Insert into HWL_EMPLOYEES (EMPLOYEE_ID,FIRST_NAME,LAST_NAME,EMAIL,MOBILE,HIRE_DATE,MANAGER_ID,JOB_TITLE, NRIC, SALARY) VALUES ( 27, 'Kai', 'Long', 'kai.long@example.com', '94078724', to_date('28-Sep-16','DD-MON-RR'), 21, 'Stock Clerk', 'S3184019K', 6233);
Insert into HWL_EMPLOYEES (EMPLOYEE_ID,FIRST_NAME,LAST_NAME,EMAIL,MOBILE,HIRE_DATE,MANAGER_ID,JOB_TITLE, NRIC, SALARY) VALUES ( 28, 'Aaron', 'Patterson', 'aaron.patterson@example.com', '96126925', to_date('14-Jan-16','DD-MON-RR'), 21, 'Stock Clerk', 'S8169505Q', 13061);
Insert into HWL_EMPLOYEES (EMPLOYEE_ID,FIRST_NAME,LAST_NAME,EMAIL,MOBILE,HIRE_DATE,MANAGER_ID,JOB_TITLE, NRIC, SALARY) VALUES ( 29, 'Roman', 'Hughes', 'roman.hughes@example.com', '90458609', to_date('8-Mar-16','DD-MON-RR'), 21, 'Stock Clerk', 'S2840983P', 11713);
Insert into HWL_EMPLOYEES (EMPLOYEE_ID,FIRST_NAME,LAST_NAME,EMAIL,MOBILE,HIRE_DATE,MANAGER_ID,JOB_TITLE, NRIC, SALARY) VALUES ( 30, 'Austin', 'Flores', 'austin.flores@example.com', '92375481', to_date('20-Aug-16','DD-MON-RR'), 22, 'Stock Clerk', 'S2352283S', 11828);
Insert into HWL_EMPLOYEES (EMPLOYEE_ID,FIRST_NAME,LAST_NAME,EMAIL,MOBILE,HIRE_DATE,MANAGER_ID,JOB_TITLE, NRIC, SALARY) VALUES ( 31, 'Ellis', 'Washington', 'ellis.washington@example.com', '90672056', to_date('30-Oct-16','DD-MON-RR'), 22, 'Stock Clerk', 'S6185181N', 5416);
Insert into HWL_EMPLOYEES (EMPLOYEE_ID,FIRST_NAME,LAST_NAME,EMAIL,MOBILE,HIRE_DATE,MANAGER_ID,JOB_TITLE, NRIC, SALARY) VALUES ( 32, 'Jamie', 'Butler', 'jamie.butler@example.com', '91052588', to_date('16-Feb-16','DD-MON-RR'), 22, 'Stock Clerk', 'S8335855G', 10827);
Insert into HWL_EMPLOYEES (EMPLOYEE_ID,FIRST_NAME,LAST_NAME,EMAIL,MOBILE,HIRE_DATE,MANAGER_ID,JOB_TITLE, NRIC, SALARY) VALUES ( 45, 'Isla', 'Graham', 'isla.graham@example.com', '95986672', to_date('9-Jul-16','DD-MON-RR'), 25, 'Stock Clerk', 'S2944169A', 10876);
Insert into HWL_EMPLOYEES (EMPLOYEE_ID,FIRST_NAME,LAST_NAME,EMAIL,MOBILE,HIRE_DATE,MANAGER_ID,JOB_TITLE, NRIC, SALARY) VALUES ( 34, 'Seth', 'Foster', 'seth.foster@example.com', '93460141', to_date('14-Jun-16','DD-MON-RR'), 23, 'Stock Clerk', 'S6237125T', 11841);
Insert into HWL_EMPLOYEES (EMPLOYEE_ID,FIRST_NAME,LAST_NAME,EMAIL,MOBILE,HIRE_DATE,MANAGER_ID,JOB_TITLE, NRIC, SALARY) VALUES ( 35, 'Carter', 'Gonzales', 'carter.gonzales@example.com', '98538051', to_date('26-Aug-16','DD-MON-RR'), 23, 'Stock Clerk', 'S2305381O', 18492);
Insert into HWL_EMPLOYEES (EMPLOYEE_ID,FIRST_NAME,LAST_NAME,EMAIL,MOBILE,HIRE_DATE,MANAGER_ID,JOB_TITLE, NRIC, SALARY) VALUES ( 36, 'Felix', 'Bryant', 'felix.bryant@example.com', '92036591', to_date('12-Dec-16','DD-MON-RR'), 23, 'Stock Clerk', 'S8645303K', 13503);
Insert into HWL_EMPLOYEES (EMPLOYEE_ID,FIRST_NAME,LAST_NAME,EMAIL,MOBILE,HIRE_DATE,MANAGER_ID,JOB_TITLE, NRIC, SALARY) VALUES ( 37, 'Ibrahim', 'Alexander', 'ibrahim.alexander@example.com', '92337432', to_date('6-Feb-16','DD-MON-RR'), 23, 'Stock Clerk', 'S7848480E', 10818);
Insert into HWL_EMPLOYEES (EMPLOYEE_ID,FIRST_NAME,LAST_NAME,EMAIL,MOBILE,HIRE_DATE,MANAGER_ID,JOB_TITLE, NRIC, SALARY) VALUES ( 38, 'Sonny', 'Russell', 'sonny.russell@example.com', '90381028', to_date('14-Jul-16','DD-MON-RR'), 24, 'Stock Clerk', 'S6981942X', 14780);
Insert into HWL_EMPLOYEES (EMPLOYEE_ID,FIRST_NAME,LAST_NAME,EMAIL,MOBILE,HIRE_DATE,MANAGER_ID,JOB_TITLE, NRIC, SALARY) VALUES ( 39, 'Kian', 'Griffin', 'kian.griffin@example.com', '96224222', to_date('26-Oct-16','DD-MON-RR'), 24, 'Stock Clerk', 'S5146448R', 11080);
Insert into HWL_EMPLOYEES (EMPLOYEE_ID,FIRST_NAME,LAST_NAME,EMAIL,MOBILE,HIRE_DATE,MANAGER_ID,JOB_TITLE, NRIC, SALARY) VALUES ( 40, 'Caleb', 'Diaz', 'caleb.diaz@example.com', '91932044', to_date('12-Feb-16','DD-MON-RR'), 24, 'Stock Clerk', 'S8525092C', 15193);
Insert into HWL_EMPLOYEES (EMPLOYEE_ID,FIRST_NAME,LAST_NAME,EMAIL,MOBILE,HIRE_DATE,MANAGER_ID,JOB_TITLE, NRIC, SALARY) VALUES ( 25, 'Ronnie', 'Perry', 'ronnie.perry@example.com', '95818576', to_date('16-Nov-16','DD-MON-RR'), 1, 'Stock Manager', 'S3532695U', 14741);
Insert into HWL_EMPLOYEES (EMPLOYEE_ID,FIRST_NAME,LAST_NAME,EMAIL,MOBILE,HIRE_DATE,MANAGER_ID,JOB_TITLE, NRIC, SALARY) VALUES ( 24, 'Callum', 'Jenkins', 'callum.jenkins@example.com', '94920822', to_date('10-Oct-16','DD-MON-RR'), 1, 'Stock Manager', 'S6166441K', 11921);
Insert into HWL_EMPLOYEES (EMPLOYEE_ID,FIRST_NAME,LAST_NAME,EMAIL,MOBILE,HIRE_DATE,MANAGER_ID,JOB_TITLE, NRIC, SALARY) VALUES ( 23, 'Jackson', 'Coleman', 'jackson.coleman@example.com', '96854888', to_date('1-May-16','DD-MON-RR'), 1, 'Stock Manager', 'S6642519D', 4704);
Insert into HWL_EMPLOYEES (EMPLOYEE_ID,FIRST_NAME,LAST_NAME,EMAIL,MOBILE,HIRE_DATE,MANAGER_ID,JOB_TITLE, NRIC, SALARY) VALUES ( 22, 'Liam', 'Henderson', 'liam.henderson@example.com', '90575277', to_date('10-Apr-16','DD-MON-RR'), 1, 'Stock Manager', 'S4532055Q', 7305);
Insert into HWL_EMPLOYEES (EMPLOYEE_ID,FIRST_NAME,LAST_NAME,EMAIL,MOBILE,HIRE_DATE,MANAGER_ID,JOB_TITLE, NRIC, SALARY) VALUES ( 21, 'Jaxon', 'Ross', 'jaxon.ross@example.com', '91270335', to_date('18-Jul-16','DD-MON-RR'), 1, 'Stock Manager', 'S3703279Q', 4079);


REM INSERTING into HWL_PRODUCT_CATEGORIES
SET DEFINE OFF;
Insert into HWL_PRODUCT_CATEGORIES (CATEGORY_ID,CATEGORY_NAME) values (1,'CPU');
Insert into HWL_PRODUCT_CATEGORIES (CATEGORY_ID,CATEGORY_NAME) values (2,'Video Card');
Insert into HWL_PRODUCT_CATEGORIES (CATEGORY_ID,CATEGORY_NAME) values (3,'RAM');
Insert into HWL_PRODUCT_CATEGORIES (CATEGORY_ID,CATEGORY_NAME) values (4,'Mother Board');
Insert into HWL_PRODUCT_CATEGORIES (CATEGORY_ID,CATEGORY_NAME) values (5,'Storage');

REM INSERTING into HWL_PRODUCTS
SET DEFINE OFF;
Insert into HWL_PRODUCTS (PRODUCT_ID,PRODUCT_NAME,DESCRIPTION,STANDARD_COST,LIST_PRICE,CATEGORY_ID) values (228,'Intel Xeon E5-2699 V3 (OEM/Tray)','Speed:2.3GHz,Cores:18,TDP:145W',2867.51,3410.46,1);
Insert into HWL_PRODUCTS (PRODUCT_ID,PRODUCT_NAME,DESCRIPTION,STANDARD_COST,LIST_PRICE,CATEGORY_ID) values (248,'Intel Xeon E5-2697 V3','Speed:2.6GHz,Cores:14,TDP:145W',2326.27,2774.98,1);
Insert into HWL_PRODUCTS (PRODUCT_ID,PRODUCT_NAME,DESCRIPTION,STANDARD_COST,LIST_PRICE,CATEGORY_ID) values (249,'Intel Xeon E5-2698 V3 (OEM/Tray)','Speed:2.3GHz,Cores:16,TDP:135W',2035.18,2660.72,1);
Insert into HWL_PRODUCTS (PRODUCT_ID,PRODUCT_NAME,DESCRIPTION,STANDARD_COST,LIST_PRICE,CATEGORY_ID) values (2,'Intel Xeon E5-2697 V4','Speed:2.3GHz,Cores:18,TDP:145W',2144.4,2554.99,1);
Insert into HWL_PRODUCTS (PRODUCT_ID,PRODUCT_NAME,DESCRIPTION,STANDARD_COST,LIST_PRICE,CATEGORY_ID) values (45,'Intel Xeon E5-2685 V3 (OEM/Tray)','Speed:2.6GHz,Cores:12,TDP:120W',2012.11,2501.69,1);
Insert into HWL_PRODUCTS (PRODUCT_ID,PRODUCT_NAME,DESCRIPTION,STANDARD_COST,LIST_PRICE,CATEGORY_ID) values (46,'Intel Xeon E5-2695 V3 (OEM/Tray)','Speed:2.3GHz,Cores:14,TDP:120W',1925.13,2431.95,1);
Insert into HWL_PRODUCTS (PRODUCT_ID,PRODUCT_NAME,DESCRIPTION,STANDARD_COST,LIST_PRICE,CATEGORY_ID) values (47,'Intel Xeon E5-2697 V2','Speed:2.7GHz,Cores:12,TDP:130W',2101.59,2377.09,1);
Insert into HWL_PRODUCTS (PRODUCT_ID,PRODUCT_NAME,DESCRIPTION,STANDARD_COST,LIST_PRICE,CATEGORY_ID) values (51,'Intel Xeon E5-2695 V4','Speed:2.1GHz,Cores:18,TDP:120W',1780.35,2269.99,1);
Insert into HWL_PRODUCTS (PRODUCT_ID,PRODUCT_NAME,DESCRIPTION,STANDARD_COST,LIST_PRICE,CATEGORY_ID) values (91,'Intel Xeon E5-2695 V2','Speed:2.4GHz,Cores:12,TDP:115W',1793.53,2259.99,1);
Insert into HWL_PRODUCTS (PRODUCT_ID,PRODUCT_NAME,DESCRIPTION,STANDARD_COST,LIST_PRICE,CATEGORY_ID) values (92,'Intel Xeon E5-2643 V2 (OEM/Tray)','Speed:3.5GHz,Cores:6,TDP:130W',1940.18,2200,1);
Insert into HWL_PRODUCTS (PRODUCT_ID,PRODUCT_NAME,DESCRIPTION,STANDARD_COST,LIST_PRICE,CATEGORY_ID) values (93,'Intel Xeon E5-2690 (OEM/Tray)','Speed:2.9GHz,Cores:8,TDP:135W',1888.33,2116.72,1);
Insert into HWL_PRODUCTS (PRODUCT_ID,PRODUCT_NAME,DESCRIPTION,STANDARD_COST,LIST_PRICE,CATEGORY_ID) values (98,'Intel Xeon E5-2687W V3','Speed:3.1GHz,Cores:10,TDP:160W',1781.47,2064.99,1);
Insert into HWL_PRODUCTS (PRODUCT_ID,PRODUCT_NAME,DESCRIPTION,STANDARD_COST,LIST_PRICE,CATEGORY_ID) values (102,'Intel Xeon E5-2687W V4','Speed:3.0GHz,Cores:12,TDP:160W',1723.83,2042.69,1);
Insert into HWL_PRODUCTS (PRODUCT_ID,PRODUCT_NAME,DESCRIPTION,STANDARD_COST,LIST_PRICE,CATEGORY_ID) values (158,'Intel Xeon E5-2667 V3 (OEM/Tray)','Speed:3.2GHz,Cores:8,TDP:135W',1504.08,2009.46,1);
Insert into HWL_PRODUCTS (PRODUCT_ID,PRODUCT_NAME,DESCRIPTION,STANDARD_COST,LIST_PRICE,CATEGORY_ID) values (159,'Intel Xeon E5-2690 V4','Speed:2.6GHz,Cores:14,TDP:135W',1499.26,1994.49,1);
Insert into HWL_PRODUCTS (PRODUCT_ID,PRODUCT_NAME,DESCRIPTION,STANDARD_COST,LIST_PRICE,CATEGORY_ID) values (160,'Intel Xeon E5-2690 V3','Speed:2.6GHz,Cores:12,TDP:135W',1540.35,1908.73,1);
Insert into HWL_PRODUCTS (PRODUCT_ID,PRODUCT_NAME,DESCRIPTION,STANDARD_COST,LIST_PRICE,CATEGORY_ID) values (162,'Intel Xeon E5-2470V2','Speed:2.4GHz,Cores:10,TDP:95W',1671.95,1904.7,1);
Insert into HWL_PRODUCTS (PRODUCT_ID,PRODUCT_NAME,DESCRIPTION,STANDARD_COST,LIST_PRICE,CATEGORY_ID) values (163,'Intel Xeon E5-2683 V4','Speed:2.1GHz,Cores:16,TDP:120W',1706.95,1899.99,1);
Insert into HWL_PRODUCTS (PRODUCT_ID,PRODUCT_NAME,DESCRIPTION,STANDARD_COST,LIST_PRICE,CATEGORY_ID) values (164,'Intel Xeon E5-2637 V2 (OEM/Tray)','Speed:3.5GHz,Cores:4,TDP:130W',1323.12,1850,1);
Insert into HWL_PRODUCTS (PRODUCT_ID,PRODUCT_NAME,DESCRIPTION,STANDARD_COST,LIST_PRICE,CATEGORY_ID) values (169,'Intel Xeon E5-2683 V4 (OEM/Tray)','Speed:2.1GHz,Cores:16,TDP:120W',1369.83,1844.89,1);
Insert into HWL_PRODUCTS (PRODUCT_ID,PRODUCT_NAME,DESCRIPTION,STANDARD_COST,LIST_PRICE,CATEGORY_ID) values (240,'Intel Core i7-4960X Extreme Edition','Speed:3.6GHz,Cores:6,TDP:130W',1496.43,1805.97,1);
Insert into HWL_PRODUCTS (PRODUCT_ID,PRODUCT_NAME,DESCRIPTION,STANDARD_COST,LIST_PRICE,CATEGORY_ID) values (241,'Intel Xeon E5-2699 V4 (OEM/Tray)','Speed:2.2GHz,Cores:22,TDP:145W',1535.62,1756,1);
Insert into HWL_PRODUCTS (PRODUCT_ID,PRODUCT_NAME,DESCRIPTION,STANDARD_COST,LIST_PRICE,CATEGORY_ID) values (242,'Intel Xeon E5-1680 V3 (OEM/Tray)','Speed:3.2GHz,Cores:8,TDP:140W',1519.85,1751.99,1);
Insert into HWL_PRODUCTS (PRODUCT_ID,PRODUCT_NAME,DESCRIPTION,STANDARD_COST,LIST_PRICE,CATEGORY_ID) values (243,'Intel Xeon E5-2643 V4 (OEM/Tray)','Speed:3.4GHz,Cores:6,TDP:135W',1225.59,1708.86,1);
Insert into HWL_PRODUCTS (PRODUCT_ID,PRODUCT_NAME,DESCRIPTION,STANDARD_COST,LIST_PRICE,CATEGORY_ID) values (19,'Intel Core i7-6950X (OEM/Tray)','Speed:3.0GHz,Cores:10,TDP:140W',1479.56,1704.37,1);
Insert into HWL_PRODUCTS (PRODUCT_ID,PRODUCT_NAME,DESCRIPTION,STANDARD_COST,LIST_PRICE,CATEGORY_ID) values (52,'Intel Xeon E5-2670 V3','Speed:2.3GHz,Cores:12,TDP:120W',1453.94,1676.98,1);
Insert into HWL_PRODUCTS (PRODUCT_ID,PRODUCT_NAME,DESCRIPTION,STANDARD_COST,LIST_PRICE,CATEGORY_ID) values (165,'Intel Xeon E5-2680','Speed:2.7GHz,Cores:8,TDP:130W',1479.95,1666.61,1);
Insert into HWL_PRODUCTS (PRODUCT_ID,PRODUCT_NAME,DESCRIPTION,STANDARD_COST,LIST_PRICE,CATEGORY_ID) values (212,'Intel Xeon E5-2680 V4','Speed:2.4GHz,Cores:14,TDP:120W',1365.13,1639.99,1);
Insert into HWL_PRODUCTS (PRODUCT_ID,PRODUCT_NAME,DESCRIPTION,STANDARD_COST,LIST_PRICE,CATEGORY_ID) values (166,'Intel Xeon E5-2680 V3 (OEM/Tray)','Speed:2.5GHz,Cores:12,TDP:120W',1166.89,1638.89,1);
Insert into HWL_PRODUCTS (PRODUCT_ID,PRODUCT_NAME,DESCRIPTION,STANDARD_COST,LIST_PRICE,CATEGORY_ID) values (82,'Intel Core i7-6950X','Speed:3.0GHz,Cores:10,TDP:140W',1052.92,1499.89,1);
Insert into HWL_PRODUCTS (PRODUCT_ID,PRODUCT_NAME,DESCRIPTION,STANDARD_COST,LIST_PRICE,CATEGORY_ID) values (213,'Intel Xeon E5-2643 V3 (OEM/Tray)','Speed:3.4GHz,Cores:6,TDP:135W',1266.37,1469.96,1);
Insert into HWL_PRODUCTS (PRODUCT_ID,PRODUCT_NAME,DESCRIPTION,STANDARD_COST,LIST_PRICE,CATEGORY_ID) values (218,'Intel Xeon E5-2660 V4','Speed:2.0GHz,Cores:14,TDP:105W',1194.03,1388.89,1);
Insert into HWL_PRODUCTS (PRODUCT_ID,PRODUCT_NAME,DESCRIPTION,STANDARD_COST,LIST_PRICE,CATEGORY_ID) values (219,'Intel Xeon E5-2660 V3','Speed:2.6GHz,Cores:10,TDP:105W',1041.99,1299.73,1);
Insert into HWL_PRODUCTS (PRODUCT_ID,PRODUCT_NAME,DESCRIPTION,STANDARD_COST,LIST_PRICE,CATEGORY_ID) values (85,'Intel Xeon E5-2660 V3 (OEM/Tray)','Speed:2.6GHz,Cores:10,TDP:105W',902.18,1274.99,1);
Insert into HWL_PRODUCTS (PRODUCT_ID,PRODUCT_NAME,DESCRIPTION,STANDARD_COST,LIST_PRICE,CATEGORY_ID) values (153,'Intel Xeon E5-2650 V2','Speed:2.6GHz,Cores:8,TDP:95W',961.11,1249,1);
Insert into HWL_PRODUCTS (PRODUCT_ID,PRODUCT_NAME,DESCRIPTION,STANDARD_COST,LIST_PRICE,CATEGORY_ID) values (154,'Intel Xeon E5-2650 V3','Speed:2.3GHz,Cores:10,TDP:105W',906.63,1204.98,1);
Insert into HWL_PRODUCTS (PRODUCT_ID,PRODUCT_NAME,DESCRIPTION,STANDARD_COST,LIST_PRICE,CATEGORY_ID) values (209,'Intel Core i7-990X Extreme Edition','Speed:3.47GHz,Cores:6,TDP:130W',1072.79,1199.99,1);
Insert into HWL_PRODUCTS (PRODUCT_ID,PRODUCT_NAME,DESCRIPTION,STANDARD_COST,LIST_PRICE,CATEGORY_ID) values (81,'Intel Xeon E5-2650 V4','Speed:2.2GHz,Cores:12,TDP:105W',945.11,1099.99,1);
Insert into HWL_PRODUCTS (PRODUCT_ID,PRODUCT_NAME,DESCRIPTION,STANDARD_COST,LIST_PRICE,CATEGORY_ID) values (211,'Intel Xeon E5-2650','Speed:2.0GHz,Cores:8,TDP:95W',869.03,1064.99,1);
Insert into HWL_PRODUCTS (PRODUCT_ID,PRODUCT_NAME,DESCRIPTION,STANDARD_COST,LIST_PRICE,CATEGORY_ID) values (210,'Intel Core i9-7900X','Speed:3.3GHz,Cores:10,TDP:140W',855.82,1029.99,1);
Insert into HWL_PRODUCTS (PRODUCT_ID,PRODUCT_NAME,DESCRIPTION,STANDARD_COST,LIST_PRICE,CATEGORY_ID) values (54,'Intel Xeon E5-1660 V3 (OEM/Tray)','Speed:3.0GHz,Cores:8,TDP:140W',914.52,1019.99,1);
Insert into HWL_PRODUCTS (PRODUCT_ID,PRODUCT_NAME,DESCRIPTION,STANDARD_COST,LIST_PRICE,CATEGORY_ID) values (167,'Intel Xeon E5-2650L V3 (OEM/Tray)','Speed:1.8GHz,Cores:12,TDP:65W',779.17,1010.46,1);
Insert into HWL_PRODUCTS (PRODUCT_ID,PRODUCT_NAME,DESCRIPTION,STANDARD_COST,LIST_PRICE,CATEGORY_ID) values (214,'Intel Core i7-5960X','Speed:3.0GHz,Cores:8,TDP:140W',865.59,1009.79,1);
Insert into HWL_PRODUCTS (PRODUCT_ID,PRODUCT_NAME,DESCRIPTION,STANDARD_COST,LIST_PRICE,CATEGORY_ID) values (53,'Intel Core 2 Extreme QX6800','Speed:2.93GHz,Cores:4,TDP:100W',787.72,1003.98,1);
Insert into HWL_PRODUCTS (PRODUCT_ID,PRODUCT_NAME,DESCRIPTION,STANDARD_COST,LIST_PRICE,CATEGORY_ID) values (59,'Intel Core i7-5960X (OEM/Tray)','Speed:3.0GHz,Cores:8,TDP:140W',879.8,977.99,1);
Insert into HWL_PRODUCTS (PRODUCT_ID,PRODUCT_NAME,DESCRIPTION,STANDARD_COST,LIST_PRICE,CATEGORY_ID) values (176,'Intel Xeon E5-2650 V3 (OEM/Tray)','Speed:2.3GHz,Cores:10,TDP:105W',799.98,939.49,1);
Insert into HWL_PRODUCTS (PRODUCT_ID,PRODUCT_NAME,DESCRIPTION,STANDARD_COST,LIST_PRICE,CATEGORY_ID) values (9,'Intel Xeon E5-2640 V4','Speed:2.4GHz,Cores:10,TDP:90W',738.71,899.99,1);
Insert into HWL_PRODUCTS (PRODUCT_ID,PRODUCT_NAME,DESCRIPTION,STANDARD_COST,LIST_PRICE,CATEGORY_ID) values (119,'Intel Xeon E5-2640 V3','Speed:2.6GHz,Cores:8,TDP:90W',668.24,899.99,1);
Insert into HWL_PRODUCTS (PRODUCT_ID,PRODUCT_NAME,DESCRIPTION,STANDARD_COST,LIST_PRICE,CATEGORY_ID) values (120,'Intel Core 2 Extreme QX9775','Speed:3.2GHz,Cores:4,TDP:150W',737.68,892,1);
Insert into HWL_PRODUCTS (PRODUCT_ID,PRODUCT_NAME,DESCRIPTION,STANDARD_COST,LIST_PRICE,CATEGORY_ID) values (16,'Intel Core i7-6900K','Speed:3.2GHz,Cores:8,TDP:140W',792.89,889.89,1);
Insert into HWL_PRODUCTS (PRODUCT_ID,PRODUCT_NAME,DESCRIPTION,STANDARD_COST,LIST_PRICE,CATEGORY_ID) values (111,'Intel Core i7-6900K (OEM/Tray)','Speed:3.2GHz,Cores:8,TDP:140W',620.28,827.37,1);
Insert into HWL_PRODUCTS (PRODUCT_ID,PRODUCT_NAME,DESCRIPTION,STANDARD_COST,LIST_PRICE,CATEGORY_ID) values (136,'AMD Opteron 6378','Speed:2.4GHz,Cores:16,TDP:115W',651.92,826.99,1);
Insert into HWL_PRODUCTS (PRODUCT_ID,PRODUCT_NAME,DESCRIPTION,STANDARD_COST,LIST_PRICE,CATEGORY_ID) values (27,'Intel Core i7-3960X Extreme Edition','Speed:3.3GHz,Cores:6,TDP:130W',573.41,800.74,1);
Insert into HWL_PRODUCTS (PRODUCT_ID,PRODUCT_NAME,DESCRIPTION,STANDARD_COST,LIST_PRICE,CATEGORY_ID) values (73,'Intel Core i7-4770K','Speed:3.5GHz,Cores:4,TDP:84W',714.15,799,1);
Insert into HWL_PRODUCTS (PRODUCT_ID,PRODUCT_NAME,DESCRIPTION,STANDARD_COST,LIST_PRICE,CATEGORY_ID) values (70,'Intel Xeon E5-2687W','Speed:3.1GHz,Cores:8,TDP:150W',581.16,710.99,1);
Insert into HWL_PRODUCTS (PRODUCT_ID,PRODUCT_NAME,DESCRIPTION,STANDARD_COST,LIST_PRICE,CATEGORY_ID) values (74,'Intel Xeon E5-2680 V2','Speed:2.8GHz,Cores:10,TDP:115W',567.81,701.95,1);
Insert into HWL_PRODUCTS (PRODUCT_ID,PRODUCT_NAME,DESCRIPTION,STANDARD_COST,LIST_PRICE,CATEGORY_ID) values (198,'Intel Core i7-980','Speed:3.33GHz,Cores:6,TDP:130W',563.7,699.99,1);
Insert into HWL_PRODUCTS (PRODUCT_ID,PRODUCT_NAME,DESCRIPTION,STANDARD_COST,LIST_PRICE,CATEGORY_ID) values (69,'Intel Core i7-7820X','Speed:3.6GHz,Cores:8,TDP:140W',511.1,678.75,1);
Insert into HWL_PRODUCTS (PRODUCT_ID,PRODUCT_NAME,DESCRIPTION,STANDARD_COST,LIST_PRICE,CATEGORY_ID) values (71,'Intel Core i7-3930K','Speed:3.2GHz,Cores:6,TDP:130W',509.32,660,1);
Insert into HWL_PRODUCTS (PRODUCT_ID,PRODUCT_NAME,DESCRIPTION,STANDARD_COST,LIST_PRICE,CATEGORY_ID) values (199,'Intel Xeon E5-2630 V4','Speed:2.2GHz,Cores:10,TDP:85W',528.95,647.99,1);
Insert into HWL_PRODUCTS (PRODUCT_ID,PRODUCT_NAME,DESCRIPTION,STANDARD_COST,LIST_PRICE,CATEGORY_ID) values (76,'Intel Xeon E5-2630 V3','Speed:2.4GHz,Cores:8,TDP:85W',499.96,629.99,1);
Insert into HWL_PRODUCTS (PRODUCT_ID,PRODUCT_NAME,DESCRIPTION,STANDARD_COST,LIST_PRICE,CATEGORY_ID) values (75,'Intel Core i7-4930K','Speed:3.4GHz,Cores:6,TDP:130W',527.69,624.04,1);
Insert into HWL_PRODUCTS (PRODUCT_ID,PRODUCT_NAME,DESCRIPTION,STANDARD_COST,LIST_PRICE,CATEGORY_ID) values (200,'Intel Core i7-4790K','Speed:4.0GHz,Cores:4,TDP:88W',461.92,620.95,1);
Insert into HWL_PRODUCTS (PRODUCT_ID,PRODUCT_NAME,DESCRIPTION,STANDARD_COST,LIST_PRICE,CATEGORY_ID) values (106,'Intel Xeon E5-2640 V2','Speed:2.0GHz,Cores:8,TDP:95W',545.19,608.95,1);
Insert into HWL_PRODUCTS (PRODUCT_ID,PRODUCT_NAME,DESCRIPTION,STANDARD_COST,LIST_PRICE,CATEGORY_ID) values (8,'Intel Xeon E5-1650 V4','Speed:3.6GHz,Cores:6,TDP:140W',535.47,601.99,1);
Insert into HWL_PRODUCTS (PRODUCT_ID,PRODUCT_NAME,DESCRIPTION,STANDARD_COST,LIST_PRICE,CATEGORY_ID) values (124,'Intel Xeon E5-1650 V4 (OEM/Tray)','Speed:3.6GHz,Cores:6,TDP:140W',453.14,594.99,1);
Insert into HWL_PRODUCTS (PRODUCT_ID,PRODUCT_NAME,DESCRIPTION,STANDARD_COST,LIST_PRICE,CATEGORY_ID) values (72,'Intel Xeon E5-2630 V3 (OEM/Tray)','Speed:2.4GHz,Cores:8,TDP:85W',421.9,589.99,1);
Insert into HWL_PRODUCTS (PRODUCT_ID,PRODUCT_NAME,DESCRIPTION,STANDARD_COST,LIST_PRICE,CATEGORY_ID) values (155,'Intel Xeon E5-2630 V2','Speed:2.6GHz,Cores:6,TDP:80W',493.48,588.95,1);
Insert into HWL_PRODUCTS (PRODUCT_ID,PRODUCT_NAME,DESCRIPTION,STANDARD_COST,LIST_PRICE,CATEGORY_ID) values (80,'Intel Xeon E5-1650 V3','Speed:3.5GHz,Cores:6,TDP:140W',399.77,564.89,1);
Insert into HWL_PRODUCTS (PRODUCT_ID,PRODUCT_NAME,DESCRIPTION,STANDARD_COST,LIST_PRICE,CATEGORY_ID) values (132,'Intel Core i7-5930K','Speed:3.5GHz,Cores:6,TDP:140W',481.56,554.99,1);
Insert into HWL_PRODUCTS (PRODUCT_ID,PRODUCT_NAME,DESCRIPTION,STANDARD_COST,LIST_PRICE,CATEGORY_ID) values (133,'PNY VCQP6000-PB','Chipset:Quadro P6000,Memory:24GBCore Clock:1.42GHz',4058.99,5499.99,2);
Insert into HWL_PRODUCTS (PRODUCT_ID,PRODUCT_NAME,DESCRIPTION,STANDARD_COST,LIST_PRICE,CATEGORY_ID) values (206,'PNY VCQM6000-24GB-PB','Chipset:Quadro M6000,Memory:24GBCore Clock:988MHz',3619.14,4139,2);
Insert into HWL_PRODUCTS (PRODUCT_ID,PRODUCT_NAME,DESCRIPTION,STANDARD_COST,LIST_PRICE,CATEGORY_ID) values (207,'PNY VCQM6000-PB','Chipset:Quadro M6000,Memory:12GBCore Clock:988MHz',2505.04,3254.99,2);
Insert into HWL_PRODUCTS (PRODUCT_ID,PRODUCT_NAME,DESCRIPTION,STANDARD_COST,LIST_PRICE,CATEGORY_ID) values (110,'ATI FirePro W9000','Chipset:FirePro W9000,Memory:6GBCore Clock:975MHz',2785.55,3192.97,2);
Insert into HWL_PRODUCTS (PRODUCT_ID,PRODUCT_NAME,DESCRIPTION,STANDARD_COST,LIST_PRICE,CATEGORY_ID) values (123,'ATI FirePro S9150','Chipset:FirePro S9150,Memory:16GBCore Clock:900MHz',2628.06,3177.44,2);
Insert into HWL_PRODUCTS (PRODUCT_ID,PRODUCT_NAME,DESCRIPTION,STANDARD_COST,LIST_PRICE,CATEGORY_ID) values (142,'AMD FirePro W9100','Chipset:FirePro W9100,Memory:16GBCore Clock:930MHz',2483.38,2998.89,2);
Insert into HWL_PRODUCTS (PRODUCT_ID,PRODUCT_NAME,DESCRIPTION,STANDARD_COST,LIST_PRICE,CATEGORY_ID) values (105,'EVGA 12G-P4-3992-KR','Chipset:GeForce GTX Titan Z,Memory:12GBCore Clock:732MHz',2313.07,2799.99,2);
Insert into HWL_PRODUCTS (PRODUCT_ID,PRODUCT_NAME,DESCRIPTION,STANDARD_COST,LIST_PRICE,CATEGORY_ID) values (4,'AMD 100-505989','Chipset:FirePro W9100,Memory:32GBCore Clock:930MHz',2128.67,2699.99,2);
Insert into HWL_PRODUCTS (PRODUCT_ID,PRODUCT_NAME,DESCRIPTION,STANDARD_COST,LIST_PRICE,CATEGORY_ID) values (5,'PNY VCQK6000-PB','Chipset:Quadro K6000,Memory:12GBCore Clock:902MHz',1740.31,2290.79,2);
Insert into HWL_PRODUCTS (PRODUCT_ID,PRODUCT_NAME,DESCRIPTION,STANDARD_COST,LIST_PRICE,CATEGORY_ID) values (11,'PNY VCQP5000-PB','Chipset:Quadro P5000,Memory:16GBCore Clock:1.61GHz',1602.21,2015.11,2);
Insert into HWL_PRODUCTS (PRODUCT_ID,PRODUCT_NAME,DESCRIPTION,STANDARD_COST,LIST_PRICE,CATEGORY_ID) values (178,'HP C2J95AT','Chipset:Quadro K5000,Memory:4GBCore Clock:706MHz',1715.91,1999.89,2);
Insert into HWL_PRODUCTS (PRODUCT_ID,PRODUCT_NAME,DESCRIPTION,STANDARD_COST,LIST_PRICE,CATEGORY_ID) values (267,'EVGA 12G-P4-1999-KR','Chipset:GeForce GTX Titan X,Memory:12GBCore Clock:1.15GHz',1328.03,1799.99,2);
Insert into HWL_PRODUCTS (PRODUCT_ID,PRODUCT_NAME,DESCRIPTION,STANDARD_COST,LIST_PRICE,CATEGORY_ID) values (177,'PNY VCQM5000-PB','Chipset:Quadro M5000,Memory:8GBCore Clock:861MHz',1268.42,1759.99,2);
Insert into HWL_PRODUCTS (PRODUCT_ID,PRODUCT_NAME,DESCRIPTION,STANDARD_COST,LIST_PRICE,CATEGORY_ID) values (245,'ATI FirePro S9050','Chipset:FirePro S9050,Memory:12GBCore Clock:900MHz',1237.04,1699,2);
Insert into HWL_PRODUCTS (PRODUCT_ID,PRODUCT_NAME,DESCRIPTION,STANDARD_COST,LIST_PRICE,CATEGORY_ID) values (161,'AMD 100-5056062','Chipset:Vega Frontier Edition Liquid,Memory:16GBCore Clock:1.5GHz',1343.84,1499.99,2);
Insert into HWL_PRODUCTS (PRODUCT_ID,PRODUCT_NAME,DESCRIPTION,STANDARD_COST,LIST_PRICE,CATEGORY_ID) values (186,'PNY VCQK5200-PB','Chipset:Quadro K5200,Memory:8GBCore Clock:667MHz',1129.39,1449.98,2);
Insert into HWL_PRODUCTS (PRODUCT_ID,PRODUCT_NAME,DESCRIPTION,STANDARD_COST,LIST_PRICE,CATEGORY_ID) values (48,'AMD FirePro S7000','Chipset:FirePro S7000,Memory:4GBCore Clock:950MHz',936.42,1218.5,2);
Insert into HWL_PRODUCTS (PRODUCT_ID,PRODUCT_NAME,DESCRIPTION,STANDARD_COST,LIST_PRICE,CATEGORY_ID) values (184,'AMD 100-506061','Chipset:Vega Frontier Edition,Memory:16GBCore Clock:1.44GHz',706.99,999.99,2);
Insert into HWL_PRODUCTS (PRODUCT_ID,PRODUCT_NAME,DESCRIPTION,STANDARD_COST,LIST_PRICE,CATEGORY_ID) values (181,'ATI FirePro R5000','Chipset:FirePro R5000,Memory:2GBCore Clock:825MHz',760.59,999.99,2);
Insert into HWL_PRODUCTS (PRODUCT_ID,PRODUCT_NAME,DESCRIPTION,STANDARD_COST,LIST_PRICE,CATEGORY_ID) values (182,'PNY VCQK4200-PB','Chipset:Quadro K4200,Memory:4GBCore Clock:771MHz',799.05,949.89,2);
Insert into HWL_PRODUCTS (PRODUCT_ID,PRODUCT_NAME,DESCRIPTION,STANDARD_COST,LIST_PRICE,CATEGORY_ID) values (183,'Asus GTX780TI-3GD5','Chipset:GeForce GTX 780 Ti,Memory:3GBCore Clock:876MHz',781.91,899.99,2);
Insert into HWL_PRODUCTS (PRODUCT_ID,PRODUCT_NAME,DESCRIPTION,STANDARD_COST,LIST_PRICE,CATEGORY_ID) values (185,'MSI GTX 1080 TI LIGHTNING Z','Chipset:GeForce GTX 1080 Ti,Memory:11GBCore Clock:1.61GHz',688.35,873.98,2);
Insert into HWL_PRODUCTS (PRODUCT_ID,PRODUCT_NAME,DESCRIPTION,STANDARD_COST,LIST_PRICE,CATEGORY_ID) values (281,'Asus ROG-POSEIDON-GTX1080TI-P11G-GAMING','Chipset:GeForce GTX 1080 Ti,Memory:11GBCore Clock:1.62GHz',696.14,864.98,2);
Insert into HWL_PRODUCTS (PRODUCT_ID,PRODUCT_NAME,DESCRIPTION,STANDARD_COST,LIST_PRICE,CATEGORY_ID) values (216,'MSI GTX 1080 TI LIGHTNING X','Chipset:GeForce GTX 1080 Ti,Memory:11GBCore Clock:1.57GHz',742.94,863.98,2);
Insert into HWL_PRODUCTS (PRODUCT_ID,PRODUCT_NAME,DESCRIPTION,STANDARD_COST,LIST_PRICE,CATEGORY_ID) values (6,'Zotac ZT-P10810A-10P','Chipset:GeForce GTX 1080 Ti,Memory:11GBCore Clock:1.48GHz',702.35,849.99,2);
Insert into HWL_PRODUCTS (PRODUCT_ID,PRODUCT_NAME,DESCRIPTION,STANDARD_COST,LIST_PRICE,CATEGORY_ID) values (108,'MSI GAMING','Chipset:GeForce GTX 780 Ti,Memory:3GBCore Clock:1.02GHz',753.18,849.99,2);
Insert into HWL_PRODUCTS (PRODUCT_ID,PRODUCT_NAME,DESCRIPTION,STANDARD_COST,LIST_PRICE,CATEGORY_ID) values (83,'Asus STRIX-GTX1080TI-O11G-GAMING','Chipset:GeForce GTX 1080 Ti,Memory:11GBCore Clock:1.57GHz',691.13,829.99,2);
Insert into HWL_PRODUCTS (PRODUCT_ID,PRODUCT_NAME,DESCRIPTION,STANDARD_COST,LIST_PRICE,CATEGORY_ID) values (215,'PNY VCQP4000-PB','Chipset:Quadro P4000,Memory:8GBCore Clock:1.23GHz',724,829.89,2);
Insert into HWL_PRODUCTS (PRODUCT_ID,PRODUCT_NAME,DESCRIPTION,STANDARD_COST,LIST_PRICE,CATEGORY_ID) values (12,'Gigabyte GV-N108TAORUSX W-11GD','Chipset:GeForce GTX 1080 Ti,Memory:11GBCore Clock:1.63GHz',596.05,824.98,2);
Insert into HWL_PRODUCTS (PRODUCT_ID,PRODUCT_NAME,DESCRIPTION,STANDARD_COST,LIST_PRICE,CATEGORY_ID) values (114,'Zotac ZT-70203-10P','Chipset:GeForce GTX 780,Memory:3GBCore Clock:1.01GHz',580.42,820.61,2);
Insert into HWL_PRODUCTS (PRODUCT_ID,PRODUCT_NAME,DESCRIPTION,STANDARD_COST,LIST_PRICE,CATEGORY_ID) values (103,'EVGA 11G-P4-6598-KR','Chipset:GeForce GTX 1080 Ti,Memory:11GBCore Clock:1.56GHz',663.54,809.99,2);
Insert into HWL_PRODUCTS (PRODUCT_ID,PRODUCT_NAME,DESCRIPTION,STANDARD_COST,LIST_PRICE,CATEGORY_ID) values (86,'MSI GTX 1080 TI SEA HAWK X','Chipset:GeForce GTX 1080 Ti,Memory:11GBCore Clock:1.57GHz',691.32,804.98,2);
Insert into HWL_PRODUCTS (PRODUCT_ID,PRODUCT_NAME,DESCRIPTION,STANDARD_COST,LIST_PRICE,CATEGORY_ID) values (3,'Corsair CB-9060011-WW','Chipset:GeForce GTX 1080 Ti,Memory:11GBCore Clock:1.57GHz',573.51,799.99,2);
Insert into HWL_PRODUCTS (PRODUCT_ID,PRODUCT_NAME,DESCRIPTION,STANDARD_COST,LIST_PRICE,CATEGORY_ID) values (174,'MSI GTX 1080 TI AERO 11G OC','Chipset:GeForce GTX 1080 Ti,Memory:11GBCore Clock:1.51GHz',715.72,798.26,2);
Insert into HWL_PRODUCTS (PRODUCT_ID,PRODUCT_NAME,DESCRIPTION,STANDARD_COST,LIST_PRICE,CATEGORY_ID) values (175,'NVIDIA VCQM4000-PB','Chipset:Quadro M4000,Memory:8GBCore Clock:N/A',682.09,790,2);
Insert into HWL_PRODUCTS (PRODUCT_ID,PRODUCT_NAME,DESCRIPTION,STANDARD_COST,LIST_PRICE,CATEGORY_ID) values (58,'Gigabyte GV-N108TAORUS X-11GD','Chipset:GeForce GTX 1080 Ti,Memory:11GBCore Clock:1.61GHz',688.35,784.98,2);
Insert into HWL_PRODUCTS (PRODUCT_ID,PRODUCT_NAME,DESCRIPTION,STANDARD_COST,LIST_PRICE,CATEGORY_ID) values (270,'Gigabyte GV-N1070WF2OC-8GD','Chipset:GeForce GTX 1070,Memory:8GBCore Clock:1.56GHz',551.62,769.99,2);
Insert into HWL_PRODUCTS (PRODUCT_ID,PRODUCT_NAME,DESCRIPTION,STANDARD_COST,LIST_PRICE,CATEGORY_ID) values (223,'MSI GeForce GTX 1080 TI ARMOR 11G OC','Chipset:GeForce GTX 1080 Ti,Memory:11GBCore Clock:1.48GHz',644.19,764.98,2);
Insert into HWL_PRODUCTS (PRODUCT_ID,PRODUCT_NAME,DESCRIPTION,STANDARD_COST,LIST_PRICE,CATEGORY_ID) values (90,'EVGA 11G-P4-6696-KR','Chipset:GeForce GTX 1080 Ti,Memory:11GBCore Clock:1.56GHz',594.46,759.99,2);
Insert into HWL_PRODUCTS (PRODUCT_ID,PRODUCT_NAME,DESCRIPTION,STANDARD_COST,LIST_PRICE,CATEGORY_ID) values (220,'MSI GeForce GTX 1080 Ti GAMING X 11G','Chipset:GeForce GTX 1080 Ti,Memory:11GBCore Clock:1.57GHz',666.59,759.99,2);
Insert into HWL_PRODUCTS (PRODUCT_ID,PRODUCT_NAME,DESCRIPTION,STANDARD_COST,LIST_PRICE,CATEGORY_ID) values (221,'Zotac ZT-P10810C-10P','Chipset:GeForce GTX 1080 Ti,Memory:11GBCore Clock:1.65GHz',535.03,759.99,2);
Insert into HWL_PRODUCTS (PRODUCT_ID,PRODUCT_NAME,DESCRIPTION,STANDARD_COST,LIST_PRICE,CATEGORY_ID) values (269,'Zotac ZT-P10810D-10P','Chipset:GeForce GTX 1080 Ti,Memory:11GBCore Clock:1.57GHz',580.1,759.99,2);
Insert into HWL_PRODUCTS (PRODUCT_ID,PRODUCT_NAME,DESCRIPTION,STANDARD_COST,LIST_PRICE,CATEGORY_ID) values (87,'PNY VCGGTX1080T11XGPB-OC','Chipset:GeForce GTX 1080 Ti,Memory:11GBCore Clock:1.53GHz',600.92,759.99,2);
Insert into HWL_PRODUCTS (PRODUCT_ID,PRODUCT_NAME,DESCRIPTION,STANDARD_COST,LIST_PRICE,CATEGORY_ID) values (222,'Zotac ZT-P10810G-10P','Chipset:GeForce GTX 1080 Ti,Memory:11GBCore Clock:1.51GHz',598.25,754.98,2);
Insert into HWL_PRODUCTS (PRODUCT_ID,PRODUCT_NAME,DESCRIPTION,STANDARD_COST,LIST_PRICE,CATEGORY_ID) values (88,'Gigabyte GV-N98TWF3OC-6GD','Chipset:GeForce GTX 980 Ti,Memory:6GBCore Clock:1.06GHz',633.29,749.99,2);
Insert into HWL_PRODUCTS (PRODUCT_ID,PRODUCT_NAME,DESCRIPTION,STANDARD_COST,LIST_PRICE,CATEGORY_ID) values (89,'PNY VCGGTX780T3XPB-OC','Chipset:GeForce GTX 780 Ti,Memory:3GBCore Clock:980MHz',592.12,749.99,2);
Insert into HWL_PRODUCTS (PRODUCT_ID,PRODUCT_NAME,DESCRIPTION,STANDARD_COST,LIST_PRICE,CATEGORY_ID) values (236,'MSI GTX 980 Ti Gaming 6G','Chipset:GeForce GTX 980 Ti,Memory:6GBCore Clock:1.18GHz',539.98,745.32,2);
Insert into HWL_PRODUCTS (PRODUCT_ID,PRODUCT_NAME,DESCRIPTION,STANDARD_COST,LIST_PRICE,CATEGORY_ID) values (237,'Gigabyte GV-N108TAORUS-11GD','Chipset:GeForce GTX 1080 Ti,Memory:11GBCore Clock:1.59GHz',605.3,744.98,2);
Insert into HWL_PRODUCTS (PRODUCT_ID,PRODUCT_NAME,DESCRIPTION,STANDARD_COST,LIST_PRICE,CATEGORY_ID) values (238,'EVGA 06G-P4-4998-KR','Chipset:GeForce GTX 980 Ti,Memory:6GBCore Clock:1.19GHz',521.03,741.78,2);
Insert into HWL_PRODUCTS (PRODUCT_ID,PRODUCT_NAME,DESCRIPTION,STANDARD_COST,LIST_PRICE,CATEGORY_ID) values (239,'MSI GTX 1080 Ti DUKE 11G OC','Chipset:GeForce GTX 1080 Ti,Memory:11GBCore Clock:1.53GHz',555.07,739.99,2);
Insert into HWL_PRODUCTS (PRODUCT_ID,PRODUCT_NAME,DESCRIPTION,STANDARD_COST,LIST_PRICE,CATEGORY_ID) values (244,'Crucial','Speed:DDR4-2133,Type:288-pin DIMM,CAS:15Module:4x16GBSize:64GB',1139.23,1620.99,5);
Insert into HWL_PRODUCTS (PRODUCT_ID,PRODUCT_NAME,DESCRIPTION,STANDARD_COST,LIST_PRICE,CATEGORY_ID) values (261,'G.Skill TridentZ RGB','Speed:DDR4-3200,Type:288-pin DIMM,CAS:14Module:8x16GBSize:128GB',1330.26,1504.99,5);
Insert into HWL_PRODUCTS (PRODUCT_ID,PRODUCT_NAME,DESCRIPTION,STANDARD_COST,LIST_PRICE,CATEGORY_ID) values (262,'Corsair Dominator Platinum','Speed:DDR4-3200,Type:288-pin DIMM,CAS:16Module:8x16GBSize:128GB',1051.97,1449.99,5);
Insert into HWL_PRODUCTS (PRODUCT_ID,PRODUCT_NAME,DESCRIPTION,STANDARD_COST,LIST_PRICE,CATEGORY_ID) values (265,'G.Skill Trident Z','Speed:DDR4-3200,Type:288-pin DIMM,CAS:14Module:8x16GBSize:128GB',1163.49,1431.99,5);
Insert into HWL_PRODUCTS (PRODUCT_ID,PRODUCT_NAME,DESCRIPTION,STANDARD_COST,LIST_PRICE,CATEGORY_ID) values (266,'G.Skill Trident Z RGB','Speed:DDR4-3333,Type:288-pin DIMM,CAS:16Module:8x16GBSize:128GB',1174.36,1418.99,5);
Insert into HWL_PRODUCTS (PRODUCT_ID,PRODUCT_NAME,DESCRIPTION,STANDARD_COST,LIST_PRICE,CATEGORY_ID) values (279,'G.Skill Ripjaws V Series','Speed:DDR4-3000,Type:288-pin DIMM,CAS:14Module:8x16GBSize:128GB',1139.87,1318.99,5);
Insert into HWL_PRODUCTS (PRODUCT_ID,PRODUCT_NAME,DESCRIPTION,STANDARD_COST,LIST_PRICE,CATEGORY_ID) values (35,'Corsair Dominator Platinum','Speed:DDR4-2800,Type:288-pin DIMM,CAS:15Module:8x16GBSize:128GB',1131.68,1314.99,5);
Insert into HWL_PRODUCTS (PRODUCT_ID,PRODUCT_NAME,DESCRIPTION,STANDARD_COST,LIST_PRICE,CATEGORY_ID) values (36,'Corsair Vengeance LPX','Speed:DDR4-3000,Type:288-pin DIMM,CAS:15Module:8x16GBSize:128GB',912.98,1299.99,5);
Insert into HWL_PRODUCTS (PRODUCT_ID,PRODUCT_NAME,DESCRIPTION,STANDARD_COST,LIST_PRICE,CATEGORY_ID) values (37,'Corsair Dominator Platinum','Speed:DDR4-2666,Type:288-pin DIMM,CAS:15Module:8x16GBSize:128GB',1068.66,1264.99,5);
Insert into HWL_PRODUCTS (PRODUCT_ID,PRODUCT_NAME,DESCRIPTION,STANDARD_COST,LIST_PRICE,CATEGORY_ID) values (38,'Corsair Vengeance LPX','Speed:DDR4-2400,Type:288-pin DIMM,CAS:15Module:8x16GBSize:128GB',1019.51,1199.99,5);
Insert into HWL_PRODUCTS (PRODUCT_ID,PRODUCT_NAME,DESCRIPTION,STANDARD_COST,LIST_PRICE,CATEGORY_ID) values (65,'Corsair Dominator Platinum','Speed:DDR4-2400,Type:288-pin DIMM,CAS:15Module:8x16GBSize:128GB',1002.47,1199.99,5);
Insert into HWL_PRODUCTS (PRODUCT_ID,PRODUCT_NAME,DESCRIPTION,STANDARD_COST,LIST_PRICE,CATEGORY_ID) values (276,'Corsair Vengeance LPX','Speed:DDR4-2666,Type:288-pin DIMM,CAS:15Module:8x16GBSize:128GB',867.52,1163.99,5);
Insert into HWL_PRODUCTS (PRODUCT_ID,PRODUCT_NAME,DESCRIPTION,STANDARD_COST,LIST_PRICE,CATEGORY_ID) values (196,'Corsair Vengeance LPX','Speed:DDR4-2133,Type:288-pin DIMM,CAS:15Module:8x16GBSize:128GB',821.91,1099.99,5);
Insert into HWL_PRODUCTS (PRODUCT_ID,PRODUCT_NAME,DESCRIPTION,STANDARD_COST,LIST_PRICE,CATEGORY_ID) values (272,'G.Skill Ripjaws 4 Series','Speed:DDR4-2800,Type:288-pin DIMM,CAS:15Module:8x16GBSize:128GB',834.06,1073.99,5);
Insert into HWL_PRODUCTS (PRODUCT_ID,PRODUCT_NAME,DESCRIPTION,STANDARD_COST,LIST_PRICE,CATEGORY_ID) values (195,'G.Skill Ripjaws 4 Series','Speed:DDR4-2400,Type:288-pin DIMM,CAS:14Module:8x16GBSize:128GB',836.03,1055.99,5);
Insert into HWL_PRODUCTS (PRODUCT_ID,PRODUCT_NAME,DESCRIPTION,STANDARD_COST,LIST_PRICE,CATEGORY_ID) values (67,'Kingston HyperX Beast','Speed:DDR3-1866,Type:240-pin DIMM,CAS:10Module:8x8GBSize:64GB',708.91,863.05,5);
Insert into HWL_PRODUCTS (PRODUCT_ID,PRODUCT_NAME,DESCRIPTION,STANDARD_COST,LIST_PRICE,CATEGORY_ID) values (10,'Crucial','Speed:DDR4-2133,Type:288-pin DIMM,CAS:15Module:2x16GBSize:32GB',580.33,811.99,5);
Insert into HWL_PRODUCTS (PRODUCT_ID,PRODUCT_NAME,DESCRIPTION,STANDARD_COST,LIST_PRICE,CATEGORY_ID) values (112,'Corsair Vengeance Pro','Speed:DDR3-2133,Type:240-pin DIMM,CAS:11Module:8x8GBSize:64GB',596.25,808.92,5);
Insert into HWL_PRODUCTS (PRODUCT_ID,PRODUCT_NAME,DESCRIPTION,STANDARD_COST,LIST_PRICE,CATEGORY_ID) values (282,'Corsair Dominator Platinum','Speed:DDR4-3200,Type:288-pin DIMM,CAS:15Module:8x8GBSize:64GB',700.5,804.99,5);
Insert into HWL_PRODUCTS (PRODUCT_ID,PRODUCT_NAME,DESCRIPTION,STANDARD_COST,LIST_PRICE,CATEGORY_ID) values (197,'G.Skill Trident Z RGB','Speed:DDR4-3600,Type:288-pin DIMM,CAS:17Module:4x16GBSize:64GB',622.47,799.99,5);
Insert into HWL_PRODUCTS (PRODUCT_ID,PRODUCT_NAME,DESCRIPTION,STANDARD_COST,LIST_PRICE,CATEGORY_ID) values (18,'Crucial','Speed:DDR4-2400,Type:288-pin DIMM,CAS:17Module:1x64GBSize:64GB',604.04,799,5);
Insert into HWL_PRODUCTS (PRODUCT_ID,PRODUCT_NAME,DESCRIPTION,STANDARD_COST,LIST_PRICE,CATEGORY_ID) values (125,'G.Skill Trident Z','Speed:DDR4-3600,Type:288-pin DIMM,CAS:17Module:4x16GBSize:64GB',594.04,768.99,5);
Insert into HWL_PRODUCTS (PRODUCT_ID,PRODUCT_NAME,DESCRIPTION,STANDARD_COST,LIST_PRICE,CATEGORY_ID) values (68,'Crucial','Speed:DDR4-2133,Type:288-pin DIMM,CAS:15Module:4x16GBSize:64GB',590.13,766.11,5);
Insert into HWL_PRODUCTS (PRODUCT_ID,PRODUCT_NAME,DESCRIPTION,STANDARD_COST,LIST_PRICE,CATEGORY_ID) values (283,'G.Skill Trident Z','Speed:DDR4-3200,Type:288-pin DIMM,CAS:14Module:8x8GBSize:64GB',647.83,760.99,5);
Insert into HWL_PRODUCTS (PRODUCT_ID,PRODUCT_NAME,DESCRIPTION,STANDARD_COST,LIST_PRICE,CATEGORY_ID) values (277,'G.Skill Trident Z','Speed:DDR4-3200,Type:288-pin DIMM,CAS:14Module:8x8GBSize:64GB',556.8,758.99,5);
Insert into HWL_PRODUCTS (PRODUCT_ID,PRODUCT_NAME,DESCRIPTION,STANDARD_COST,LIST_PRICE,CATEGORY_ID) values (21,'Corsair Dominator Platinum','Speed:DDR4-3466,Type:288-pin DIMM,CAS:16Module:4x16GBSize:64GB',609.89,749.99,5);
Insert into HWL_PRODUCTS (PRODUCT_ID,PRODUCT_NAME,DESCRIPTION,STANDARD_COST,LIST_PRICE,CATEGORY_ID) values (128,'Kingston','Speed:DDR4-2133,Type:288-pin DIMM,CAS:15Module:4x16GBSize:64GB',650.48,741.63,5);
Insert into HWL_PRODUCTS (PRODUCT_ID,PRODUCT_NAME,DESCRIPTION,STANDARD_COST,LIST_PRICE,CATEGORY_ID) values (129,'Corsair Vengeance LPX','Speed:DDR4-3333,Type:288-pin DIMM,CAS:15Module:4x16GBSize:64GB',609.53,734.99,5);
Insert into HWL_PRODUCTS (PRODUCT_ID,PRODUCT_NAME,DESCRIPTION,STANDARD_COST,LIST_PRICE,CATEGORY_ID) values (116,'G.Skill Trident Z','Speed:DDR4-3400,Type:288-pin DIMM,CAS:16Module:4x16GBSize:64GB',565.39,731.99,5);
Insert into HWL_PRODUCTS (PRODUCT_ID,PRODUCT_NAME,DESCRIPTION,STANDARD_COST,LIST_PRICE,CATEGORY_ID) values (15,'G.Skill Trident Z','Speed:DDR4-3466,Type:288-pin DIMM,CAS:16Module:4x16GBSize:64GB',601.56,725.99,5);
Insert into HWL_PRODUCTS (PRODUCT_ID,PRODUCT_NAME,DESCRIPTION,STANDARD_COST,LIST_PRICE,CATEGORY_ID) values (122,'G.Skill Trident Z','Speed:DDR4-3333,Type:288-pin DIMM,CAS:16Module:4x16GBSize:64GB',532.27,722.99,5);
Insert into HWL_PRODUCTS (PRODUCT_ID,PRODUCT_NAME,DESCRIPTION,STANDARD_COST,LIST_PRICE,CATEGORY_ID) values (121,'G.Skill Ripjaws V Series','Speed:DDR4-3200,Type:288-pin DIMM,CAS:14Module:8x8GBSize:64GB',603.22,721.99,5);
Insert into HWL_PRODUCTS (PRODUCT_ID,PRODUCT_NAME,DESCRIPTION,STANDARD_COST,LIST_PRICE,CATEGORY_ID) values (20,'Corsair Dominator Platinum','Speed:DDR4-3200,Type:288-pin DIMM,CAS:15Module:4x16GBSize:64GB',616.53,719.99,5);
Insert into HWL_PRODUCTS (PRODUCT_ID,PRODUCT_NAME,DESCRIPTION,STANDARD_COST,LIST_PRICE,CATEGORY_ID) values (127,'Corsair Dominator Platinum','Speed:DDR4-3333,Type:288-pin DIMM,CAS:15Module:4x16GBSize:64GB',538.55,719.99,5);
Insert into HWL_PRODUCTS (PRODUCT_ID,PRODUCT_NAME,DESCRIPTION,STANDARD_COST,LIST_PRICE,CATEGORY_ID) values (109,'G.Skill Trident Z','Speed:DDR4-3200,Type:288-pin DIMM,CAS:14Module:4x16GBSize:64GB',585.26,713.99,5);
Insert into HWL_PRODUCTS (PRODUCT_ID,PRODUCT_NAME,DESCRIPTION,STANDARD_COST,LIST_PRICE,CATEGORY_ID) values (202,'G.Skill Trident Z','Speed:DDR4-3200,Type:288-pin DIMM,CAS:14Module:4x16GBSize:64GB',533.21,713.99,5);
Insert into HWL_PRODUCTS (PRODUCT_ID,PRODUCT_NAME,DESCRIPTION,STANDARD_COST,LIST_PRICE,CATEGORY_ID) values (113,'G.Skill Trident Z','Speed:DDR4-3200,Type:288-pin DIMM,CAS:15Module:4x16GBSize:64GB',580.21,704.99,5);
Insert into HWL_PRODUCTS (PRODUCT_ID,PRODUCT_NAME,DESCRIPTION,STANDARD_COST,LIST_PRICE,CATEGORY_ID) values (13,'G.Skill Ripjaws V Series','Speed:DDR4-3333,Type:288-pin DIMM,CAS:16Module:4x16GBSize:64GB',618.63,704.99,5);
Insert into HWL_PRODUCTS (PRODUCT_ID,PRODUCT_NAME,DESCRIPTION,STANDARD_COST,LIST_PRICE,CATEGORY_ID) values (14,'G.Skill Ripjaws V Series','Speed:DDR4-3333,Type:288-pin DIMM,CAS:16Module:4x16GBSize:64GB',633.65,704.99,5);
Insert into HWL_PRODUCTS (PRODUCT_ID,PRODUCT_NAME,DESCRIPTION,STANDARD_COST,LIST_PRICE,CATEGORY_ID) values (115,'Corsair Vengeance LPX','Speed:DDR4-3200,Type:288-pin DIMM,CAS:15Module:8x8GBSize:64GB',565.73,699.99,5);
Insert into HWL_PRODUCTS (PRODUCT_ID,PRODUCT_NAME,DESCRIPTION,STANDARD_COST,LIST_PRICE,CATEGORY_ID) values (118,'Corsair Dominator Platinum','Speed:DDR4-2800,Type:288-pin DIMM,CAS:15Module:8x8GBSize:64GB',578.46,699.89,5);
Insert into HWL_PRODUCTS (PRODUCT_ID,PRODUCT_NAME,DESCRIPTION,STANDARD_COST,LIST_PRICE,CATEGORY_ID) values (17,'Corsair Vengeance LPX','Speed:DDR4-3333,Type:288-pin DIMM,CAS:15Module:4x16GBSize:64GB',595.42,699.01,5);
Insert into HWL_PRODUCTS (PRODUCT_ID,PRODUCT_NAME,DESCRIPTION,STANDARD_COST,LIST_PRICE,CATEGORY_ID) values (117,'G.Skill Ripjaws V Series','Speed:DDR4-3200,Type:288-pin DIMM,CAS:14Module:4x16GBSize:64GB',617.62,695.99,5);
Insert into HWL_PRODUCTS (PRODUCT_ID,PRODUCT_NAME,DESCRIPTION,STANDARD_COST,LIST_PRICE,CATEGORY_ID) values (77,'G.Skill Ripjaws V Series','Speed:DDR4-3200,Type:288-pin DIMM,CAS:14Module:4x16GBSize:64GB',577.25,695.99,5);
Insert into HWL_PRODUCTS (PRODUCT_ID,PRODUCT_NAME,DESCRIPTION,STANDARD_COST,LIST_PRICE,CATEGORY_ID) values (78,'G.Skill Ripjaws V Series','Speed:DDR4-3200,Type:288-pin DIMM,CAS:15Module:4x16GBSize:64GB',517.78,686.99,5);
Insert into HWL_PRODUCTS (PRODUCT_ID,PRODUCT_NAME,DESCRIPTION,STANDARD_COST,LIST_PRICE,CATEGORY_ID) values (204,'G.Skill Ripjaws V Series','Speed:DDR4-3200,Type:288-pin DIMM,CAS:15Module:4x16GBSize:64GB',546.64,686.99,5);
Insert into HWL_PRODUCTS (PRODUCT_ID,PRODUCT_NAME,DESCRIPTION,STANDARD_COST,LIST_PRICE,CATEGORY_ID) values (7,'G.Skill Ripjaws V Series','Speed:DDR4-3200,Type:288-pin DIMM,CAS:15Module:8x8GBSize:64GB',602.4,680.99,5);
Insert into HWL_PRODUCTS (PRODUCT_ID,PRODUCT_NAME,DESCRIPTION,STANDARD_COST,LIST_PRICE,CATEGORY_ID) values (278,'G.Skill Ripjaws V Series','Speed:DDR4-3000,Type:288-pin DIMM,CAS:14Module:8x8GBSize:64GB',546.05,677.99,5);
Insert into HWL_PRODUCTS (PRODUCT_ID,PRODUCT_NAME,DESCRIPTION,STANDARD_COST,LIST_PRICE,CATEGORY_ID) values (203,'Kingston','Speed:DDR3-1333,Type:240-pin DIMM,CAS:9Module:4x16GBSize:64GB',556.84,671.38,5);
Insert into HWL_PRODUCTS (PRODUCT_ID,PRODUCT_NAME,DESCRIPTION,STANDARD_COST,LIST_PRICE,CATEGORY_ID) values (79,'Corsair Dominator Platinum','Speed:DDR4-2666,Type:288-pin DIMM,CAS:15Module:8x8GBSize:64GB',537.63,659.99,5);
Insert into HWL_PRODUCTS (PRODUCT_ID,PRODUCT_NAME,DESCRIPTION,STANDARD_COST,LIST_PRICE,CATEGORY_ID) values (201,'Kingston','Speed:DDR3-1600,Type:240-pin DIMM,CAS:11Module:4x8GBSize:32GB',566.98,653.5,5);
Insert into HWL_PRODUCTS (PRODUCT_ID,PRODUCT_NAME,DESCRIPTION,STANDARD_COST,LIST_PRICE,CATEGORY_ID) values (205,'G.Skill Trident X','Speed:DDR3-3100,Type:240-pin DIMM,CAS:12Module:2x4GBSize:8GB',507.32,649.99,5);
Insert into HWL_PRODUCTS (PRODUCT_ID,PRODUCT_NAME,DESCRIPTION,STANDARD_COST,LIST_PRICE,CATEGORY_ID) values (29,'Corsair Vengeance LPX','Speed:DDR4-3200,Type:288-pin DIMM,CAS:15Module:4x16GBSize:64GB',571.7,645.99,5);
Insert into HWL_PRODUCTS (PRODUCT_ID,PRODUCT_NAME,DESCRIPTION,STANDARD_COST,LIST_PRICE,CATEGORY_ID) values (138,'G.Skill Ripjaws V Series','Speed:DDR4-3000,Type:288-pin DIMM,CAS:14Module:4x16GBSize:64GB',499.09,645.99,5);
Insert into HWL_PRODUCTS (PRODUCT_ID,PRODUCT_NAME,DESCRIPTION,STANDARD_COST,LIST_PRICE,CATEGORY_ID) values (30,'G.Skill Ripjaws V Series','Speed:DDR4-2800,Type:288-pin DIMM,CAS:14Module:4x16GBSize:64GB',452.54,645.2,5);
Insert into HWL_PRODUCTS (PRODUCT_ID,PRODUCT_NAME,DESCRIPTION,STANDARD_COST,LIST_PRICE,CATEGORY_ID) values (107,'Kingston','Speed:DDR3-1600,Type:240-pin DIMM,CAS:11Module:4x16GBSize:64GB',474.18,644,5);
Insert into HWL_PRODUCTS (PRODUCT_ID,PRODUCT_NAME,DESCRIPTION,STANDARD_COST,LIST_PRICE,CATEGORY_ID) values (126,'G.Skill Ripjaws V Series','Speed:DDR4-3200,Type:288-pin DIMM,CAS:16Module:8x8GBSize:64GB',510.93,640.99,5);
Insert into HWL_PRODUCTS (PRODUCT_ID,PRODUCT_NAME,DESCRIPTION,STANDARD_COST,LIST_PRICE,CATEGORY_ID) values (1,'G.Skill Ripjaws V Series','Speed:DDR4-3000,Type:288-pin DIMM,CAS:15Module:8x8GBSize:64GB',450.36,640.99,5);
Insert into HWL_PRODUCTS (PRODUCT_ID,PRODUCT_NAME,DESCRIPTION,STANDARD_COST,LIST_PRICE,CATEGORY_ID) values (101,'Kingston HyperX Predator','Speed:DDR4-3000,Type:288-pin DIMM,CAS:15Module:4x16GBSize:64GB',471.78,635.99,5);
Insert into HWL_PRODUCTS (PRODUCT_ID,PRODUCT_NAME,DESCRIPTION,STANDARD_COST,LIST_PRICE,CATEGORY_ID) values (190,'Supermicro X10SDV-8C-TLN4F','CPU:Xeon D-1541,Form Factor:Mini ITX,RAM Slots:4,Max RAM:64GB',664.29,948.99,4);
Insert into HWL_PRODUCTS (PRODUCT_ID,PRODUCT_NAME,DESCRIPTION,STANDARD_COST,LIST_PRICE,CATEGORY_ID) values (62,'Intel DP35DPM','CPU:LGA775,Form Factor:ATX,RAM Slots:4,Max RAM:8GB',626.22,789.79,4);
Insert into HWL_PRODUCTS (PRODUCT_ID,PRODUCT_NAME,DESCRIPTION,STANDARD_COST,LIST_PRICE,CATEGORY_ID) values (189,'Asus X99-E-10G WS','CPU:LGA2011-3,Form Factor:SSI CEB,RAM Slots:8,Max RAM:128GB',582.02,649,4);
Insert into HWL_PRODUCTS (PRODUCT_ID,PRODUCT_NAME,DESCRIPTION,STANDARD_COST,LIST_PRICE,CATEGORY_ID) values (191,'Asus ROG MAXIMUS IX EXTREME','CPU:LGA1151,Form Factor:EATX,RAM Slots:4,Max RAM:64GB',480.89,573.99,4);
Insert into HWL_PRODUCTS (PRODUCT_ID,PRODUCT_NAME,DESCRIPTION,STANDARD_COST,LIST_PRICE,CATEGORY_ID) values (63,'Asus RAMPAGE V EXTREME','CPU:LGA2011-3,Form Factor:EATX,RAM Slots:8,Max RAM:64GB',459,572.96,4);
Insert into HWL_PRODUCTS (PRODUCT_ID,PRODUCT_NAME,DESCRIPTION,STANDARD_COST,LIST_PRICE,CATEGORY_ID) values (193,'Asus Z10PE-D8 WS','CPU:LGA2011-3 x 2,Form Factor:SSI EEB,RAM Slots:8,Max RAM:512GB',504.14,561.59,4);
Insert into HWL_PRODUCTS (PRODUCT_ID,PRODUCT_NAME,DESCRIPTION,STANDARD_COST,LIST_PRICE,CATEGORY_ID) values (271,'MSI X99A GODLIKE GAMING CARBON','CPU:LGA2011-3,Form Factor:EATX,RAM Slots:8,Max RAM:128GB',415,549.59,4);
Insert into HWL_PRODUCTS (PRODUCT_ID,PRODUCT_NAME,DESCRIPTION,STANDARD_COST,LIST_PRICE,CATEGORY_ID) values (64,'Supermicro H8DG6-F','CPU:G34 x 2,Form Factor:EATX,RAM Slots:16,Max RAM:512GB',416.64,525.99,4);
Insert into HWL_PRODUCTS (PRODUCT_ID,PRODUCT_NAME,DESCRIPTION,STANDARD_COST,LIST_PRICE,CATEGORY_ID) values (192,'Asus Rampage V Edition 10','CPU:LGA2011-3,Form Factor:EATX,RAM Slots:8,Max RAM:128GB',452.5,519.99,4);
Insert into HWL_PRODUCTS (PRODUCT_ID,PRODUCT_NAME,DESCRIPTION,STANDARD_COST,LIST_PRICE,CATEGORY_ID) values (225,'Gigabyte GA-Z270X-Gaming 9','CPU:LGA1151,Form Factor:EATX,RAM Slots:4,Max RAM:64GB',380.05,503.98,4);
Insert into HWL_PRODUCTS (PRODUCT_ID,PRODUCT_NAME,DESCRIPTION,STANDARD_COST,LIST_PRICE,CATEGORY_ID) values (252,'Gigabyte X299 AORUS Gaming 9','CPU:LGA2066,Form Factor:ATX,RAM Slots:8,Max RAM:128GB',395.24,499.99,4);
Insert into HWL_PRODUCTS (PRODUCT_ID,PRODUCT_NAME,DESCRIPTION,STANDARD_COST,LIST_PRICE,CATEGORY_ID) values (274,'ASRock E3C224D4M-16RE','CPU:LGA1150,Form Factor:ATX,RAM Slots:4,Max RAM:32GB',364.79,499.99,4);
Insert into HWL_PRODUCTS (PRODUCT_ID,PRODUCT_NAME,DESCRIPTION,STANDARD_COST,LIST_PRICE,CATEGORY_ID) values (61,'Asus PRIME X299-DELUXE','CPU:LGA2066,Form Factor:ATX,RAM Slots:8,Max RAM:128GB',409.92,487.3,4);
Insert into HWL_PRODUCTS (PRODUCT_ID,PRODUCT_NAME,DESCRIPTION,STANDARD_COST,LIST_PRICE,CATEGORY_ID) values (188,'Asus X99-E WS/USB 3.1','CPU:LGA2011-3,Form Factor:SSI CEB,RAM Slots:8,Max RAM:128GB',428.89,482.49,4);
Insert into HWL_PRODUCTS (PRODUCT_ID,PRODUCT_NAME,DESCRIPTION,STANDARD_COST,LIST_PRICE,CATEGORY_ID) values (28,'Supermicro X9SRH-7TF','CPU:LGA2011,Form Factor:ATX,RAM Slots:8,Max RAM:64GB',411.64,479.99,4);
Insert into HWL_PRODUCTS (PRODUCT_ID,PRODUCT_NAME,DESCRIPTION,STANDARD_COST,LIST_PRICE,CATEGORY_ID) values (137,'Asus Z10PE-D16 WS','CPU:LGA2011-3 x 2,Form Factor:SSI EEB,RAM Slots:16,Max RAM:1TB',332.52,469.99,4);
Insert into HWL_PRODUCTS (PRODUCT_ID,PRODUCT_NAME,DESCRIPTION,STANDARD_COST,LIST_PRICE,CATEGORY_ID) values (32,'ASRock X99 Extreme11','CPU:LGA2011-3,Form Factor:EATX,RAM Slots:8,Max RAM:128GB',380.55,469.99,4);
Insert into HWL_PRODUCTS (PRODUCT_ID,PRODUCT_NAME,DESCRIPTION,STANDARD_COST,LIST_PRICE,CATEGORY_ID) values (31,'Supermicro MBD-X10DAX','CPU:LGA2011-3 x 2,Form Factor:EATX,RAM Slots:16,Max RAM:',385.24,443.72,4);
Insert into HWL_PRODUCTS (PRODUCT_ID,PRODUCT_NAME,DESCRIPTION,STANDARD_COST,LIST_PRICE,CATEGORY_ID) values (84,'Asus X99-DELUXE/U3.1','CPU:LGA2011-3,Form Factor:ATX,RAM Slots:8,Max RAM:64GB',332.38,440.3,4);
Insert into HWL_PRODUCTS (PRODUCT_ID,PRODUCT_NAME,DESCRIPTION,STANDARD_COST,LIST_PRICE,CATEGORY_ID) values (141,'Supermicro X11SSL-CF','CPU:LGA1151,Form Factor:Micro ATX,RAM Slots:4,Max RAM:64GB',317.81,419.99,4);
Insert into HWL_PRODUCTS (PRODUCT_ID,PRODUCT_NAME,DESCRIPTION,STANDARD_COST,LIST_PRICE,CATEGORY_ID) values (34,'Asus KGPE-D16','CPU:G34 x 2,Form Factor:SSI EEB,RAM Slots:16,Max RAM:256GB',360.72,417.98,4);
Insert into HWL_PRODUCTS (PRODUCT_ID,PRODUCT_NAME,DESCRIPTION,STANDARD_COST,LIST_PRICE,CATEGORY_ID) values (143,'Asus Z10PE-D16','CPU:LGA2011-3 Narrow x 2,Form Factor:SSI EEB,RAM Slots:16,Max RAM:1TB',293.3,402.99,4);
Insert into HWL_PRODUCTS (PRODUCT_ID,PRODUCT_NAME,DESCRIPTION,STANDARD_COST,LIST_PRICE,CATEGORY_ID) values (217,'ASRock C2750D4I','CPU:Atom C2750,Form Factor:Mini ITX,RAM Slots:4,Max RAM:64GB',339.55,401.98,4);
Insert into HWL_PRODUCTS (PRODUCT_ID,PRODUCT_NAME,DESCRIPTION,STANDARD_COST,LIST_PRICE,CATEGORY_ID) values (66,'Gigabyte X299 AORUS Gaming 7','CPU:LGA2066,Form Factor:ATX,RAM Slots:8,Max RAM:128GB',283.91,399.99,4);
Insert into HWL_PRODUCTS (PRODUCT_ID,PRODUCT_NAME,DESCRIPTION,STANDARD_COST,LIST_PRICE,CATEGORY_ID) values (275,'MSI X99A GODLIKE GAMING','CPU:LGA2011-3,Form Factor:EATX,RAM Slots:8,Max RAM:128GB',302.95,399.99,4);
Insert into HWL_PRODUCTS (PRODUCT_ID,PRODUCT_NAME,DESCRIPTION,STANDARD_COST,LIST_PRICE,CATEGORY_ID) values (194,'MSI X299 GAMING M7 ACK','CPU:LGA2066,Form Factor:ATX,RAM Slots:8,Max RAM:128GB',278.71,397.42,4);
Insert into HWL_PRODUCTS (PRODUCT_ID,PRODUCT_NAME,DESCRIPTION,STANDARD_COST,LIST_PRICE,CATEGORY_ID) values (156,'Supermicro MBD-X10DRI-O','CPU:LGA2011-3 Narrow x 2,Form Factor:EATX,RAM Slots:16,Max RAM:1TB',291.34,394.99,4);
Insert into HWL_PRODUCTS (PRODUCT_ID,PRODUCT_NAME,DESCRIPTION,STANDARD_COST,LIST_PRICE,CATEGORY_ID) values (157,'Asus MAXIMUS IX FORMULA','CPU:LGA1151,Form Factor:ATX,RAM Slots:4,Max RAM:64GB',339.12,388.99,4);
Insert into HWL_PRODUCTS (PRODUCT_ID,PRODUCT_NAME,DESCRIPTION,STANDARD_COST,LIST_PRICE,CATEGORY_ID) values (170,'Asus X99-DELUXE II','CPU:LGA2011-3,Form Factor:ATX,RAM Slots:8,Max RAM:128GB',289.33,383.98,4);
Insert into HWL_PRODUCTS (PRODUCT_ID,PRODUCT_NAME,DESCRIPTION,STANDARD_COST,LIST_PRICE,CATEGORY_ID) values (171,'ASRock Fatal1ty X299 Professional Gaming i9','CPU:LGA2066,Form Factor:ATX,RAM Slots:8,Max RAM:128GB',287.5,382.98,4);
Insert into HWL_PRODUCTS (PRODUCT_ID,PRODUCT_NAME,DESCRIPTION,STANDARD_COST,LIST_PRICE,CATEGORY_ID) values (172,'ASRock EP2C612 WS','CPU:LGA2011-3 x 2,Form Factor:SSI EEB,RAM Slots:8,Max RAM:',308.84,358.49,4);
Insert into HWL_PRODUCTS (PRODUCT_ID,PRODUCT_NAME,DESCRIPTION,STANDARD_COST,LIST_PRICE,CATEGORY_ID) values (173,'ASRock Z270 SuperCarrier','CPU:LGA1151,Form Factor:ATX,RAM Slots:4,Max RAM:64GB',264.35,353.98,4);
Insert into HWL_PRODUCTS (PRODUCT_ID,PRODUCT_NAME,DESCRIPTION,STANDARD_COST,LIST_PRICE,CATEGORY_ID) values (187,'Asus MAXIMUS VIII EXTREME/ASSEMBLY','CPU:LGA1151,Form Factor:EATX,RAM Slots:4,Max RAM:64GB',253.41,353.98,4);
Insert into HWL_PRODUCTS (PRODUCT_ID,PRODUCT_NAME,DESCRIPTION,STANDARD_COST,LIST_PRICE,CATEGORY_ID) values (224,'Asus STRIX X299-E GAMING','CPU:LGA2066,Form Factor:ATX,RAM Slots:8,Max RAM:128GB',306,349.99,4);
Insert into HWL_PRODUCTS (PRODUCT_ID,PRODUCT_NAME,DESCRIPTION,STANDARD_COST,LIST_PRICE,CATEGORY_ID) values (246,'Gigabyte X299 AORUS Ultra Gaming','CPU:LGA2066,Form Factor:ATX,RAM Slots:8,Max RAM:128GB',287.78,343.99,4);
Insert into HWL_PRODUCTS (PRODUCT_ID,PRODUCT_NAME,DESCRIPTION,STANDARD_COST,LIST_PRICE,CATEGORY_ID) values (247,'Asus TUF X299 MARK 1','CPU:LGA2066,Form Factor:ATX,RAM Slots:8,Max RAM:128GB',241.15,339.99,4);
Insert into HWL_PRODUCTS (PRODUCT_ID,PRODUCT_NAME,DESCRIPTION,STANDARD_COST,LIST_PRICE,CATEGORY_ID) values (250,'Asus Z170-WS','CPU:LGA1151,Form Factor:ATX,RAM Slots:4,Max RAM:64GB',279.4,338.99,4);
Insert into HWL_PRODUCTS (PRODUCT_ID,PRODUCT_NAME,DESCRIPTION,STANDARD_COST,LIST_PRICE,CATEGORY_ID) values (251,'MSI X299 GAMING PRO CARBON AC','CPU:LGA2066,Form Factor:ATX,RAM Slots:8,Max RAM:128GB',238.8,337.81,4);
Insert into HWL_PRODUCTS (PRODUCT_ID,PRODUCT_NAME,DESCRIPTION,STANDARD_COST,LIST_PRICE,CATEGORY_ID) values (287,'MSI X99A XPOWER GAMING TITANIUM','CPU:LGA2011-3,Form Factor:EATX,RAM Slots:8,Max RAM:128GB',257.23,329.99,4);
Insert into HWL_PRODUCTS (PRODUCT_ID,PRODUCT_NAME,DESCRIPTION,STANDARD_COST,LIST_PRICE,CATEGORY_ID) values (288,'Asus ROG STRIX X99 GAMING','CPU:LGA2011-3,Form Factor:ATX,RAM Slots:8,Max RAM:128GB',255.86,319.99,4);
Insert into HWL_PRODUCTS (PRODUCT_ID,PRODUCT_NAME,DESCRIPTION,STANDARD_COST,LIST_PRICE,CATEGORY_ID) values (179,'Asus SABERTOOTH X99','CPU:LGA2011-3,Form Factor:ATX,RAM Slots:8,Max RAM:64GB',252.57,312.67,4);
Insert into HWL_PRODUCTS (PRODUCT_ID,PRODUCT_NAME,DESCRIPTION,STANDARD_COST,LIST_PRICE,CATEGORY_ID) values (226,'Asus PRIME X299-A','CPU:LGA2066,Form Factor:ATX,RAM Slots:8,Max RAM:128GB',274.56,309.85,4);
Insert into HWL_PRODUCTS (PRODUCT_ID,PRODUCT_NAME,DESCRIPTION,STANDARD_COST,LIST_PRICE,CATEGORY_ID) values (227,'Gigabyte GA-X99-UD5 WIFI','CPU:LGA2011-3,Form Factor:EATX,RAM Slots:8,Max RAM:64GB',217.83,305,4);
Insert into HWL_PRODUCTS (PRODUCT_ID,PRODUCT_NAME,DESCRIPTION,STANDARD_COST,LIST_PRICE,CATEGORY_ID) values (39,'ASRock EP2C602-4L/D16','CPU:LGA2011 x 2,Form Factor:SSI EEB,RAM Slots:16,Max RAM:512GB',225.47,301.99,4);
Insert into HWL_PRODUCTS (PRODUCT_ID,PRODUCT_NAME,DESCRIPTION,STANDARD_COST,LIST_PRICE,CATEGORY_ID) values (40,'MSI Z170A KRAIT GAMING 3X','CPU:LGA1151,Form Factor:ATX,RAM Slots:4,Max RAM:64GB',245.4,299.89,4);
Insert into HWL_PRODUCTS (PRODUCT_ID,PRODUCT_NAME,DESCRIPTION,STANDARD_COST,LIST_PRICE,CATEGORY_ID) values (41,'MSI Z170 Krait Gaming','CPU:LGA1151,Form Factor:ATX,RAM Slots:4,Max RAM:64GB',231.58,299.89,4);
Insert into HWL_PRODUCTS (PRODUCT_ID,PRODUCT_NAME,DESCRIPTION,STANDARD_COST,LIST_PRICE,CATEGORY_ID) values (42,'MSI Z170A KRAIT GAMING','CPU:LGA1151,Form Factor:ATX,RAM Slots:4,Max RAM:64GB',262.4,299.89,4);
Insert into HWL_PRODUCTS (PRODUCT_ID,PRODUCT_NAME,DESCRIPTION,STANDARD_COST,LIST_PRICE,CATEGORY_ID) values (43,'Asus MAXIMUS IX CODE','CPU:LGA1151,Form Factor:ATX,RAM Slots:4,Max RAM:64GB',266.15,298.98,4);
Insert into HWL_PRODUCTS (PRODUCT_ID,PRODUCT_NAME,DESCRIPTION,STANDARD_COST,LIST_PRICE,CATEGORY_ID) values (134,'Asus Sabertooth 990FX','CPU:AM3+,Form Factor:ATX,RAM Slots:4,Max RAM:32GB',252.31,295.72,4);
Insert into HWL_PRODUCTS (PRODUCT_ID,PRODUCT_NAME,DESCRIPTION,STANDARD_COST,LIST_PRICE,CATEGORY_ID) values (140,'MSI X99A WORKSTATION','CPU:LGA2011-3,Form Factor:ATX,RAM Slots:8,Max RAM:128GB',239.95,289.97,4);
Insert into HWL_PRODUCTS (PRODUCT_ID,PRODUCT_NAME,DESCRIPTION,STANDARD_COST,LIST_PRICE,CATEGORY_ID) values (144,'Intel DG43RK','CPU:LGA775,Form Factor:Micro ATX,RAM Slots:4,Max RAM:8GB',219.69,289.79,4);
Insert into HWL_PRODUCTS (PRODUCT_ID,PRODUCT_NAME,DESCRIPTION,STANDARD_COST,LIST_PRICE,CATEGORY_ID) values (145,'Asus VANGUARD B85','CPU:LGA1150,Form Factor:Micro ATX,RAM Slots:4,Max RAM:32GB',258.1,287,4);
Insert into HWL_PRODUCTS (PRODUCT_ID,PRODUCT_NAME,DESCRIPTION,STANDARD_COST,LIST_PRICE,CATEGORY_ID) values (146,'EVGA Z270 Classified K','CPU:LGA1151,Form Factor:EATX,RAM Slots:4,Max RAM:64GB',234.26,283.98,4);
Insert into HWL_PRODUCTS (PRODUCT_ID,PRODUCT_NAME,DESCRIPTION,STANDARD_COST,LIST_PRICE,CATEGORY_ID) values (147,'EVGA Classified','CPU:LGA2011-3,Form Factor:EATX,RAM Slots:8,Max RAM:128GB',240.62,283.98,4);
Insert into HWL_PRODUCTS (PRODUCT_ID,PRODUCT_NAME,DESCRIPTION,STANDARD_COST,LIST_PRICE,CATEGORY_ID) values (148,'MSI Z270 XPOWER GAMING TITANIUM','CPU:LGA1151,Form Factor:ATX,RAM Slots:4,Max RAM:64GB',212.69,282.98,4);
Insert into HWL_PRODUCTS (PRODUCT_ID,PRODUCT_NAME,DESCRIPTION,STANDARD_COST,LIST_PRICE,CATEGORY_ID) values (149,'ASRock X299 Taichi','CPU:LGA2066,Form Factor:ATX,RAM Slots:8,Max RAM:128GB',214.36,282.98,4);
Insert into HWL_PRODUCTS (PRODUCT_ID,PRODUCT_NAME,DESCRIPTION,STANDARD_COST,LIST_PRICE,CATEGORY_ID) values (150,'MSI X299 TOMAHAWK ARCTIC','CPU:LGA2066,Form Factor:ATX,RAM Slots:8,Max RAM:128GB',223.92,281.98,4);
Insert into HWL_PRODUCTS (PRODUCT_ID,PRODUCT_NAME,DESCRIPTION,STANDARD_COST,LIST_PRICE,CATEGORY_ID) values (151,'Supermicro X10SAT-O','CPU:LGA1150,Form Factor:ATX,RAM Slots:4,Max RAM:32GB',207.08,281.97,4);
Insert into HWL_PRODUCTS (PRODUCT_ID,PRODUCT_NAME,DESCRIPTION,STANDARD_COST,LIST_PRICE,CATEGORY_ID) values (152,'Gigabyte X299 AORUS Gaming 3','CPU:LGA2066,Form Factor:ATX,RAM Slots:8,Max RAM:128GB',227.48,280.98,4);
Insert into HWL_PRODUCTS (PRODUCT_ID,PRODUCT_NAME,DESCRIPTION,STANDARD_COST,LIST_PRICE,CATEGORY_ID) values (180,'Supermicro MBD-X10DAL-I-O','CPU:LGA2011-3 x 2,Form Factor:ATX,RAM Slots:8,Max RAM:512GB',239.28,279.99,4);
Insert into HWL_PRODUCTS (PRODUCT_ID,PRODUCT_NAME,DESCRIPTION,STANDARD_COST,LIST_PRICE,CATEGORY_ID) values (268,'Western Digital WD10EZEX','Series:Caviar Blue,Type:7200RPM,Capacity:1TB,Cache:64MB',35.83,47.88,5);
Insert into HWL_PRODUCTS (PRODUCT_ID,PRODUCT_NAME,DESCRIPTION,STANDARD_COST,LIST_PRICE,CATEGORY_ID) values (24,'Seagate ST2000DM006','Series:Barracuda,Type:7200RPM,Capacity:2TB,Cache:64MB',47.93,66.89,5);
Insert into HWL_PRODUCTS (PRODUCT_ID,PRODUCT_NAME,DESCRIPTION,STANDARD_COST,LIST_PRICE,CATEGORY_ID) values (25,'Samsung MZ-75E250B/AM','Series:850 EVO-Series,Type:SSD,Capacity:250GB,Cache:N/A',87.98,104.88,5);
Insert into HWL_PRODUCTS (PRODUCT_ID,PRODUCT_NAME,DESCRIPTION,STANDARD_COST,LIST_PRICE,CATEGORY_ID) values (26,'Samsung MZ-75E500B/AM','Series:850 EVO-Series,Type:SSD,Capacity:500GB,Cache:N/A',157.81,178.09,5);
Insert into HWL_PRODUCTS (PRODUCT_ID,PRODUCT_NAME,DESCRIPTION,STANDARD_COST,LIST_PRICE,CATEGORY_ID) values (104,'SanDisk SDSSDA-240G-G26','Series:SSD PLUS,Type:SSD,Capacity:240GB,Cache:N/A',61.1,83.88,5);
Insert into HWL_PRODUCTS (PRODUCT_ID,PRODUCT_NAME,DESCRIPTION,STANDARD_COST,LIST_PRICE,CATEGORY_ID) values (135,'Samsung MZ-V6E250','Series:960 EVO,Type:SSD,Capacity:250GB,Cache:512MB',92.98,127.88,5);
Insert into HWL_PRODUCTS (PRODUCT_ID,PRODUCT_NAME,DESCRIPTION,STANDARD_COST,LIST_PRICE,CATEGORY_ID) values (284,'Kingston SA400S37/120G','Series:A400,Type:SSD,Capacity:120GB,Cache:N/A',40.63,54.99,5);
Insert into HWL_PRODUCTS (PRODUCT_ID,PRODUCT_NAME,DESCRIPTION,STANDARD_COST,LIST_PRICE,CATEGORY_ID) values (285,'Samsung MZ-75E1T0B/AM','Series:850 EVO-Series,Type:SSD,Capacity:1TB,Cache:N/A',260.23,339.99,5);
Insert into HWL_PRODUCTS (PRODUCT_ID,PRODUCT_NAME,DESCRIPTION,STANDARD_COST,LIST_PRICE,CATEGORY_ID) values (286,'Samsung MZ-V6E500','Series:960 EVO,Type:SSD,Capacity:500GB,Cache:512MB',209.62,234,5);
Insert into HWL_PRODUCTS (PRODUCT_ID,PRODUCT_NAME,DESCRIPTION,STANDARD_COST,LIST_PRICE,CATEGORY_ID) values (22,'Seagate ST3000DM008','Series:Barracuda,Type:7200RPM,Capacity:3TB,Cache:64MB',61.63,83.61,5);
Insert into HWL_PRODUCTS (PRODUCT_ID,PRODUCT_NAME,DESCRIPTION,STANDARD_COST,LIST_PRICE,CATEGORY_ID) values (23,'Western Digital WDS250G1B0A','Series:Blue,Type:SSD,Capacity:250GB,Cache:N/A',72.54,89.89,5);
Insert into HWL_PRODUCTS (PRODUCT_ID,PRODUCT_NAME,DESCRIPTION,STANDARD_COST,LIST_PRICE,CATEGORY_ID) values (33,'ADATA ASU800SS-128GT-C','Series:Ultimate SU800,Type:SSD,Capacity:128GB,Cache:N/A',37.78,52.65,5);
Insert into HWL_PRODUCTS (PRODUCT_ID,PRODUCT_NAME,DESCRIPTION,STANDARD_COST,LIST_PRICE,CATEGORY_ID) values (44,'Seagate ST1000DM010','Series:BarraCuda,Type:7200RPM,Capacity:1TB,Cache:64MB',42.18,49.37,5);
Insert into HWL_PRODUCTS (PRODUCT_ID,PRODUCT_NAME,DESCRIPTION,STANDARD_COST,LIST_PRICE,CATEGORY_ID) values (49,'Samsung MZ-75E4T0B','Series:850 EVO,Type:SSD,Capacity:4TB,Cache:4GB',1153.64,1499.99,5);
Insert into HWL_PRODUCTS (PRODUCT_ID,PRODUCT_NAME,DESCRIPTION,STANDARD_COST,LIST_PRICE,CATEGORY_ID) values (50,'Intel SSDPECME040T401','Series:DC P3608,Type:SSD,Capacity:4TB,Cache:N/A',7123.66,8867.99,5);
Insert into HWL_PRODUCTS (PRODUCT_ID,PRODUCT_NAME,DESCRIPTION,STANDARD_COST,LIST_PRICE,CATEGORY_ID) values (130,'Western Digital WD2003FZEX','Series:BLACK SERIES,Type:7200RPM,Capacity:2TB,Cache:64MB',91.76,117.45,5);
Insert into HWL_PRODUCTS (PRODUCT_ID,PRODUCT_NAME,DESCRIPTION,STANDARD_COST,LIST_PRICE,CATEGORY_ID) values (131,'Samsung MZ-V6P512BW','Series:960 PRO,Type:SSD,Capacity:512GB,Cache:512MB',223.99,279.99,5);
Insert into HWL_PRODUCTS (PRODUCT_ID,PRODUCT_NAME,DESCRIPTION,STANDARD_COST,LIST_PRICE,CATEGORY_ID) values (139,'Hitachi HUS724030ALE641','Series:Ultrastar 7K4000,Type:7200RPM,Capacity:3TB,Cache:64MB',54.03,65.92,5);
Insert into HWL_PRODUCTS (PRODUCT_ID,PRODUCT_NAME,DESCRIPTION,STANDARD_COST,LIST_PRICE,CATEGORY_ID) values (208,'Samsung MZ-V6P2T0BW','Series:960 Pro,Type:SSD,Capacity:2TB,Cache:2GB',840.11,1199.99,5);
Insert into HWL_PRODUCTS (PRODUCT_ID,PRODUCT_NAME,DESCRIPTION,STANDARD_COST,LIST_PRICE,CATEGORY_ID) values (229,'Seagate ST10000DM0004','Series:BarraCuda Pro,Type:7200RPM,Capacity:10TB,Cache:256MB',284.23,399.99,5);
Insert into HWL_PRODUCTS (PRODUCT_ID,PRODUCT_NAME,DESCRIPTION,STANDARD_COST,LIST_PRICE,CATEGORY_ID) values (230,'ADATA ASU800SS-512GT-C','Series:Ultimate SU800,Type:SSD,Capacity:512GB,Cache:N/A',113.29,136.69,5);
Insert into HWL_PRODUCTS (PRODUCT_ID,PRODUCT_NAME,DESCRIPTION,STANDARD_COST,LIST_PRICE,CATEGORY_ID) values (231,'Samsung MZ-V6E1T0','Series:960 EVO,Type:SSD,Capacity:1TB,Cache:1000MB',358.06,449.99,5);
Insert into HWL_PRODUCTS (PRODUCT_ID,PRODUCT_NAME,DESCRIPTION,STANDARD_COST,LIST_PRICE,CATEGORY_ID) values (232,'Western Digital WD1003FZEX','Series:BLACK SERIES,Type:7200RPM,Capacity:1TB,Cache:64MB',61.76,70.89,5);
Insert into HWL_PRODUCTS (PRODUCT_ID,PRODUCT_NAME,DESCRIPTION,STANDARD_COST,LIST_PRICE,CATEGORY_ID) values (233,'SanDisk SDSSDA-120G-G26','Series:SSD PLUS,Type:SSD,Capacity:120GB,Cache:N/A',52.7,59.99,5);
Insert into HWL_PRODUCTS (PRODUCT_ID,PRODUCT_NAME,DESCRIPTION,STANDARD_COST,LIST_PRICE,CATEGORY_ID) values (234,'Crucial CT525MX300SSD1','Series:MX300,Type:SSD,Capacity:525GB,Cache:N/A',135.59,150.99,5);
Insert into HWL_PRODUCTS (PRODUCT_ID,PRODUCT_NAME,DESCRIPTION,STANDARD_COST,LIST_PRICE,CATEGORY_ID) values (235,'Hitachi A7K1000-1000','Series:Ultrastar,Type:7200RPM,Capacity:1TB,Cache:32MB',29.94,41.99,5);
Insert into HWL_PRODUCTS (PRODUCT_ID,PRODUCT_NAME,DESCRIPTION,STANDARD_COST,LIST_PRICE,CATEGORY_ID) values (253,'Samsung MZ-V6P1T0BW','Series:960 Pro,Type:SSD,Capacity:1TB,Cache:1GB',466.49,579.99,5);
Insert into HWL_PRODUCTS (PRODUCT_ID,PRODUCT_NAME,DESCRIPTION,STANDARD_COST,LIST_PRICE,CATEGORY_ID) values (254,'Samsung MZ-7KE256BW','Series:850 Pro Series,Type:SSD,Capacity:256GB,Cache:N/A',97.19,119.99,5);
Insert into HWL_PRODUCTS (PRODUCT_ID,PRODUCT_NAME,DESCRIPTION,STANDARD_COST,LIST_PRICE,CATEGORY_ID) values (255,'Seagate ST2000DX002','Series:FireCuda,Type:Hybrid,Capacity:2TB,Cache:64MB',64.48,90.99,5);
Insert into HWL_PRODUCTS (PRODUCT_ID,PRODUCT_NAME,DESCRIPTION,STANDARD_COST,LIST_PRICE,CATEGORY_ID) values (256,'Western Digital WD5000AACS','Series:Caviar Green,Type:5400RPM,Capacity:500GB,Cache:16MB',20.14,26.99,5);
Insert into HWL_PRODUCTS (PRODUCT_ID,PRODUCT_NAME,DESCRIPTION,STANDARD_COST,LIST_PRICE,CATEGORY_ID) values (257,'SanDisk SDSSDHII-240G-G25','Series:Ultra II,Type:SSD,Capacity:240GB,Cache:N/A',73.39,84.95,5);
Insert into HWL_PRODUCTS (PRODUCT_ID,PRODUCT_NAME,DESCRIPTION,STANDARD_COST,LIST_PRICE,CATEGORY_ID) values (258,'PNY SSD7CS1311-120-RB','Series:CS1311,Type:SSD,Capacity:120GB,Cache:N/A',50.59,57.98,5);
Insert into HWL_PRODUCTS (PRODUCT_ID,PRODUCT_NAME,DESCRIPTION,STANDARD_COST,LIST_PRICE,CATEGORY_ID) values (259,'PNY SSD9SC240GMDA-RB','Series:XLR8,Type:SSD,Capacity:240GB,Cache:N/A',58.4,80.72,5);
Insert into HWL_PRODUCTS (PRODUCT_ID,PRODUCT_NAME,DESCRIPTION,STANDARD_COST,LIST_PRICE,CATEGORY_ID) values (260,'Crucial CT1050MX300SSD1','Series:MX300,Type:SSD,Capacity:1.1TB,Cache:N/A',192.52,267.99,5);
Insert into HWL_PRODUCTS (PRODUCT_ID,PRODUCT_NAME,DESCRIPTION,STANDARD_COST,LIST_PRICE,CATEGORY_ID) values (263,'Western Digital WDS250G1B0B','Series:Blue,Type:SSD,Capacity:250GB,Cache:N/A',70.71,89.99,5);
Insert into HWL_PRODUCTS (PRODUCT_ID,PRODUCT_NAME,DESCRIPTION,STANDARD_COST,LIST_PRICE,CATEGORY_ID) values (264,'Samsung MZ-75E120B/AM','Series:850 EVO-Series,Type:SSD,Capacity:120GB,Cache:N/A',74.41,88.99,5);
Insert into HWL_PRODUCTS (PRODUCT_ID,PRODUCT_NAME,DESCRIPTION,STANDARD_COST,LIST_PRICE,CATEGORY_ID) values (280,'Western Digital WDS500G1B0B','Series:Blue,Type:SSD,Capacity:500GB,Cache:N/A',106.89,149.88,5);
Insert into HWL_PRODUCTS (PRODUCT_ID,PRODUCT_NAME,DESCRIPTION,STANDARD_COST,LIST_PRICE,CATEGORY_ID) values (60,'Hitachi HUA723020ALA640','Series:Ultrastar 7K3000,Type:7200RPM,Capacity:2TB,Cache:64MB',45.18,59.99,5);
Insert into HWL_PRODUCTS (PRODUCT_ID,PRODUCT_NAME,DESCRIPTION,STANDARD_COST,LIST_PRICE,CATEGORY_ID) values (94,'Western Digital WD2500AVVS','Series:AV-GP,Type:5400RPM,Capacity:250GB,Cache:8MB',12.63,15.55,5);
Insert into HWL_PRODUCTS (PRODUCT_ID,PRODUCT_NAME,DESCRIPTION,STANDARD_COST,LIST_PRICE,CATEGORY_ID) values (99,'Seagate ST1000DX002','Series:FireCuda,Type:Hybrid,Capacity:1TB,Cache:64MB',55.41,68.06,5);
Insert into HWL_PRODUCTS (PRODUCT_ID,PRODUCT_NAME,DESCRIPTION,STANDARD_COST,LIST_PRICE,CATEGORY_ID) values (100,'Crucial CT275MX300SSD1','Series:MX300,Type:SSD,Capacity:275GB,Cache:N/A',79.21,97.88,5);
Insert into HWL_PRODUCTS (PRODUCT_ID,PRODUCT_NAME,DESCRIPTION,STANDARD_COST,LIST_PRICE,CATEGORY_ID) values (168,'Seagate ST31000340NS - FFP','Series:Barracuda ES,Type:7200RPM,Capacity:1TB,Cache:32MB',34.4,43.99,5);
Insert into HWL_PRODUCTS (PRODUCT_ID,PRODUCT_NAME,DESCRIPTION,STANDARD_COST,LIST_PRICE,CATEGORY_ID) values (273,'Western Digital WD101KRYZ','Series:Gold,Type:7200RPM,Capacity:10TB,Cache:256MB',313.96,443.64,5);
Insert into HWL_PRODUCTS (PRODUCT_ID,PRODUCT_NAME,DESCRIPTION,STANDARD_COST,LIST_PRICE,CATEGORY_ID) values (55,'Crucial CT525MX300SSD4','Series:MX300,Type:SSD,Capacity:525GB,Cache:N/A',121.92,150.99,5);
Insert into HWL_PRODUCTS (PRODUCT_ID,PRODUCT_NAME,DESCRIPTION,STANDARD_COST,LIST_PRICE,CATEGORY_ID) values (56,'Western Digital WD2500AAJS','Series:Caviar Blue,Type:7200RPM,Capacity:250GB,Cache:8MB',15.23,16.99,5);
Insert into HWL_PRODUCTS (PRODUCT_ID,PRODUCT_NAME,DESCRIPTION,STANDARD_COST,LIST_PRICE,CATEGORY_ID) values (57,'Western Digital WD20EZRZ','Series:Blue,Type:5400RPM,Capacity:2TB,Cache:64MB',58.01,67.34,5);
Insert into HWL_PRODUCTS (PRODUCT_ID,PRODUCT_NAME,DESCRIPTION,STANDARD_COST,LIST_PRICE,CATEGORY_ID) values (95,'Western Digital WDS256G1X0C','Series:Black PCIe,Type:SSD,Capacity:256GB,Cache:N/A',85.87,109.99,5);
Insert into HWL_PRODUCTS (PRODUCT_ID,PRODUCT_NAME,DESCRIPTION,STANDARD_COST,LIST_PRICE,CATEGORY_ID) values (96,'SanDisk SDSSDHII-480G-G25','Series:Ultra II,Type:SSD,Capacity:480GB,Cache:N/A',102.62,141.56,5);
Insert into HWL_PRODUCTS (PRODUCT_ID,PRODUCT_NAME,DESCRIPTION,STANDARD_COST,LIST_PRICE,CATEGORY_ID) values (97,'Kingston SV300S37A/120G','Series:SSDNow V300 Series,Type:SSD,Capacity:120GB,Cache:N/A',45.93,59.87,5);

REM INSERTING into HWL_CUSTOMERS
SET DEFINE OFF;
Insert into HWL_CUSTOMERS (CUSTOMER_ID,NAME,ADDRESS,CREDIT_LIMIT,WEBSITE) values (177,'United Continental Holdings','2904 S Salina St, Syracuse, NY',5000,'http://www.unitedcontinentalholdings.com');
Insert into HWL_CUSTOMERS (CUSTOMER_ID,NAME,ADDRESS,CREDIT_LIMIT,WEBSITE) values (180,'INTL FCStone','5344 Haverford Ave, Philadelphia, PA',5000,'http://www.intlfcstone.com');
Insert into HWL_CUSTOMERS (CUSTOMER_ID,NAME,ADDRESS,CREDIT_LIMIT,WEBSITE) values (184,'Publix Super Markets','1795 Wu Meng, Muang Chonburi, ',1200,'http://www.publix.com');
Insert into HWL_CUSTOMERS (CUSTOMER_ID,NAME,ADDRESS,CREDIT_LIMIT,WEBSITE) values (187,'ConocoPhillips','Walpurgisstr 69, Munich, ',2400,'http://www.conocophillips.com');
Insert into HWL_CUSTOMERS (CUSTOMER_ID,NAME,ADDRESS,CREDIT_LIMIT,WEBSITE) values (190,'3M','Via Frenzy 6903, Roma, ',1200,'http://www.3m.com');
Insert into HWL_CUSTOMERS (CUSTOMER_ID,NAME,ADDRESS,CREDIT_LIMIT,WEBSITE) values (192,'Exelon','Via Luminosa 162, Firenze, ',500,'http://www.exeloncorp.com');
Insert into HWL_CUSTOMERS (CUSTOMER_ID,NAME,ADDRESS,CREDIT_LIMIT,WEBSITE) values (208,'Tesoro','Via Notoriosa 1942, Firenze, ',500,'http://www.tsocorp.com');
Insert into HWL_CUSTOMERS (CUSTOMER_ID,NAME,ADDRESS,CREDIT_LIMIT,WEBSITE) values (207,'Northwestern Mutual','1831 No Wong, Peking, ',3600,'http://www.northwesternmutual.com');
Insert into HWL_CUSTOMERS (CUSTOMER_ID,NAME,ADDRESS,CREDIT_LIMIT,WEBSITE) values (200,'Enterprise Products Partners','Via Notoriosa 1949, Firenze, ',2400,'http://www.enterpriseproducts.com');
Insert into HWL_CUSTOMERS (CUSTOMER_ID,NAME,ADDRESS,CREDIT_LIMIT,WEBSITE) values (204,'Rite Aid','Piazza Cacchiatore 23, San Giminiano, ',3600,'http://www.riteaid.com');
Insert into HWL_CUSTOMERS (CUSTOMER_ID,NAME,ADDRESS,CREDIT_LIMIT,WEBSITE) values (212,'Qualcomm','Piazza Svizzera, Milano, ',500,'http://www.qualcomm.com');
Insert into HWL_CUSTOMERS (CUSTOMER_ID,NAME,ADDRESS,CREDIT_LIMIT,WEBSITE) values (216,'EMC','Via Delle Grazie 11, San Giminiano, ',700,'http://www.emc.com');
Insert into HWL_CUSTOMERS (CUSTOMER_ID,NAME,ADDRESS,CREDIT_LIMIT,WEBSITE) values (220,'Time Warner Cable','1597 Legend St, Mysore, Kar',3700,'http://www.twc.com');
Insert into HWL_CUSTOMERS (CUSTOMER_ID,NAME,ADDRESS,CREDIT_LIMIT,WEBSITE) values (223,'Northrop Grumman','1606 Sangam Blvd, New Delhi, ',5000,'http://www.northropgrumman.com');
Insert into HWL_CUSTOMERS (CUSTOMER_ID,NAME,ADDRESS,CREDIT_LIMIT,WEBSITE) values (39,'Lear','2115 N Towne Ln Ne, Cedar Rapids, IA',500,'http://www.lear.com');
Insert into HWL_CUSTOMERS (CUSTOMER_ID,NAME,ADDRESS,CREDIT_LIMIT,WEBSITE) values (43,'Facebook','5112 Sw 9Th St, Des Moines, IA',500,'http://www.facebook.com');
Insert into HWL_CUSTOMERS (CUSTOMER_ID,NAME,ADDRESS,CREDIT_LIMIT,WEBSITE) values (46,'Supervalu','8989 N Port Washington Rd, Milwaukee, WI',500,'http://www.supervalu.com');
Insert into HWL_CUSTOMERS (CUSTOMER_ID,NAME,ADDRESS,CREDIT_LIMIT,WEBSITE) values (49,'NextEra Energy','4715 Sprecher Rd, Madison, WI',600,'http://www.nexteraenergy.com');
Insert into HWL_CUSTOMERS (CUSTOMER_ID,NAME,ADDRESS,CREDIT_LIMIT,WEBSITE) values (52,'PG&E Corp.','8600 W National Ave, Milwaukee, WI',700,'http://www.pge.com');
Insert into HWL_CUSTOMERS (CUSTOMER_ID,NAME,ADDRESS,CREDIT_LIMIT,WEBSITE) values (55,'Goodyear Tire & Rubber','600 N Broadway Fl 1, Milwaukee, WI',700,'http://www.goodyear.com');
Insert into HWL_CUSTOMERS (CUSTOMER_ID,NAME,ADDRESS,CREDIT_LIMIT,WEBSITE) values (59,'Micron Technology','411 E Wisconsin Ave # 2550, Milwaukee, WI',700,'http://www.micron.com');
Insert into HWL_CUSTOMERS (CUSTOMER_ID,NAME,ADDRESS,CREDIT_LIMIT,WEBSITE) values (62,'ConAgra Foods','122 E Dayton St, Madison, WI',900,'http://www.conagrafoods.com');
Insert into HWL_CUSTOMERS (CUSTOMER_ID,NAME,ADDRESS,CREDIT_LIMIT,WEBSITE) values (66,'Bank of New York Mellon Corp.','666 22Nd Ave Ne, Minneapolis, MN',1200,'http://www.bnymellon.com');
Insert into HWL_CUSTOMERS (CUSTOMER_ID,NAME,ADDRESS,CREDIT_LIMIT,WEBSITE) values (71,'Genuine Parts','200 1St St Sw, Rochester, MN',1200,'http://www.genpt.com');
Insert into HWL_CUSTOMERS (CUSTOMER_ID,NAME,ADDRESS,CREDIT_LIMIT,WEBSITE) values (75,'Omnicom Group','2134 W Genesee St, Syracuse, NY',1200,'http://www.omnicomgroup.com');
Insert into HWL_CUSTOMERS (CUSTOMER_ID,NAME,ADDRESS,CREDIT_LIMIT,WEBSITE) values (79,'Monsanto','137 Lark St, Albany, NY',1200,'http://www.monsanto.com');
Insert into HWL_CUSTOMERS (CUSTOMER_ID,NAME,ADDRESS,CREDIT_LIMIT,WEBSITE) values (83,'National Oilwell Varco','1 Palisade Ave Fl 2, Yonkers, NY',1200,'http://www.nov.com');
Insert into HWL_CUSTOMERS (CUSTOMER_ID,NAME,ADDRESS,CREDIT_LIMIT,WEBSITE) values (86,'Marriott International','Po Box 2152, Buffalo, NY',1200,'http://www.marriott.com');
Insert into HWL_CUSTOMERS (CUSTOMER_ID,NAME,ADDRESS,CREDIT_LIMIT,WEBSITE) values (228,'Kinder Morgan','1614 Gitanjali Rd, Calcutta, ',5000,'http://www.kindermorgan.com');
Insert into HWL_CUSTOMERS (CUSTOMER_ID,NAME,ADDRESS,CREDIT_LIMIT,WEBSITE) values (231,'Molina Healthcare','1617 Crackers St, Bangalore - India, Kar',300,'http://www.molinahealthcare.com');
Insert into HWL_CUSTOMERS (CUSTOMER_ID,NAME,ADDRESS,CREDIT_LIMIT,WEBSITE) values (235,'Lincoln National','1622 Roja St, Chennai, Tam',5000,'http://www.lfg.com');
Insert into HWL_CUSTOMERS (CUSTOMER_ID,NAME,ADDRESS,CREDIT_LIMIT,WEBSITE) values (238,'C.H. Robinson Worldwide','1628 Pataudi St, New Delhi, ',1900,'http://www.chrobinson.com');
Insert into HWL_CUSTOMERS (CUSTOMER_ID,NAME,ADDRESS,CREDIT_LIMIT,WEBSITE) values (242,'Synnex','1647 Suspense St, Cochin, Ker',500,'http://www.synnex.com');
Insert into HWL_CUSTOMERS (CUSTOMER_ID,NAME,ADDRESS,CREDIT_LIMIT,WEBSITE) values (245,'HollyFrontier','1656 Veterans Rd, Chennai, Tam',2500,'http://www.hollyfrontier.com');
Insert into HWL_CUSTOMERS (CUSTOMER_ID,NAME,ADDRESS,CREDIT_LIMIT,WEBSITE) values (249,'PBF Energy','Piazza Quattre Stagioni 4, Roma, ',3700,'http://www.pbfenergy.com');
Insert into HWL_CUSTOMERS (CUSTOMER_ID,NAME,ADDRESS,CREDIT_LIMIT,WEBSITE) values (255,'Waste Management','Via Di Firenze 231, Roma, ',2400,'http://www.wm.com');
Insert into HWL_CUSTOMERS (CUSTOMER_ID,NAME,ADDRESS,CREDIT_LIMIT,WEBSITE) values (259,'Parker-Hannifin','Canale Grande 2, Roma, ',700,'http://www.parker.com');
Insert into HWL_CUSTOMERS (CUSTOMER_ID,NAME,ADDRESS,CREDIT_LIMIT,WEBSITE) values (263,'Farmers Insurance Exchange','Via Dello Croce 93, Tellaro, ',100,'http://www.farmers.com');
Insert into HWL_CUSTOMERS (CUSTOMER_ID,NAME,ADDRESS,CREDIT_LIMIT,WEBSITE) values (268,'VF','1971 Limelight Blvd, Samutprakarn, ',1200,'http://www.vfc.com');
Insert into HWL_CUSTOMERS (CUSTOMER_ID,NAME,ADDRESS,CREDIT_LIMIT,WEBSITE) values (313,'Hertz Global Holdings','1616 Crackers Blvd, Bangalore - India, Kar',5000,'http://www.hertz.com');
Insert into HWL_CUSTOMERS (CUSTOMER_ID,NAME,ADDRESS,CREDIT_LIMIT,WEBSITE) values (319,'BB&T Corp.','1668 Chong Tao, Beijing, ',200,'http://www.bbt.com');
Insert into HWL_CUSTOMERS (CUSTOMER_ID,NAME,ADDRESS,CREDIT_LIMIT,WEBSITE) values (32,'Global Partners','1135 Catherine St, Ann Arbor, MI',400,'http://www.globalp.com');
Insert into HWL_CUSTOMERS (CUSTOMER_ID,NAME,ADDRESS,CREDIT_LIMIT,WEBSITE) values (63,'Sempra Energy','633 S Hawley Rd, Milwaukee, WI',900,'http://www.sempra.com');
Insert into HWL_CUSTOMERS (CUSTOMER_ID,NAME,ADDRESS,CREDIT_LIMIT,WEBSITE) values (78,'Precision Castparts','726 Union St, Hudson, NY',1200,'http://www.precast.com');
Insert into HWL_CUSTOMERS (CUSTOMER_ID,NAME,ADDRESS,CREDIT_LIMIT,WEBSITE) values (111,'W.W. Grainger','378 S Negley Ave, Pittsburgh, PA',1500,'http://www.grainger.com');
Insert into HWL_CUSTOMERS (CUSTOMER_ID,NAME,ADDRESS,CREDIT_LIMIT,WEBSITE) values (125,'Air Products & Chemicals','612 Jefferson Ave, Scranton, PA',2300,'http://www.airproducts.com');
Insert into HWL_CUSTOMERS (CUSTOMER_ID,NAME,ADDRESS,CREDIT_LIMIT,WEBSITE) values (163,'Charter Communications','802 North Ave, Pittsburgh, PA',3600,'http://www.charter.com');
Insert into HWL_CUSTOMERS (CUSTOMER_ID,NAME,ADDRESS,CREDIT_LIMIT,WEBSITE) values (195,'Applied Materials','Via Dolorosa 69, Tellaro, ',700,'http://www.appliedmaterials.com');
Insert into HWL_CUSTOMERS (CUSTOMER_ID,NAME,ADDRESS,CREDIT_LIMIT,WEBSITE) values (206,'Ally Financial','Via Notoriosa 1949, Ventimiglia, ',3600,'http://www.ally.com');
Insert into HWL_CUSTOMERS (CUSTOMER_ID,NAME,ADDRESS,CREDIT_LIMIT,WEBSITE) values (218,'Lennar','1592 Silverado St, Bangalore, Kar',700,'http://www.lennar.com');
Insert into HWL_CUSTOMERS (CUSTOMER_ID,NAME,ADDRESS,CREDIT_LIMIT,WEBSITE) values (243,'Hormel Foods','1648 Anamika St, Cochin, Ker',500,'http://www.hormelfoods.com');
Insert into HWL_CUSTOMERS (CUSTOMER_ID,NAME,ADDRESS,CREDIT_LIMIT,WEBSITE) values (254,'PayPal Holdings','Via Dello Croce 93, Roma, ',1200,'http://www.paypal.com');
Insert into HWL_CUSTOMERS (CUSTOMER_ID,NAME,ADDRESS,CREDIT_LIMIT,WEBSITE) values (266,'Autoliv','Via Delle Capeletti 52, San Giminiano, ',400,'http://www.autoliv.com');
Insert into HWL_CUSTOMERS (CUSTOMER_ID,NAME,ADDRESS,CREDIT_LIMIT,WEBSITE) values (294,'Corning','Pfannenstilstr 13, Egg, ZH',2300,'http://www.corning.com');
Insert into HWL_CUSTOMERS (CUSTOMER_ID,NAME,ADDRESS,CREDIT_LIMIT,WEBSITE) values (301,'Univar','1598 Legend St, Bangalore, Kar',5000,'http://www.univar.com');
Insert into HWL_CUSTOMERS (CUSTOMER_ID,NAME,ADDRESS,CREDIT_LIMIT,WEBSITE) values (314,'Thrivent Financial for Lutherans','1617 Crackers St, Bangalore - India, Kar',900,'http://www.thrivent.com');
Insert into HWL_CUSTOMERS (CUSTOMER_ID,NAME,ADDRESS,CREDIT_LIMIT,WEBSITE) values (88,'Walmart','1790 Grand Blvd, Schenectady, NY',1200,'http://www.walmart.com');
Insert into HWL_CUSTOMERS (CUSTOMER_ID,NAME,ADDRESS,CREDIT_LIMIT,WEBSITE) values (89,'Exxon Mobil','7 Ingelside Ln, White Plains, NY',1200,'http://www.exxonmobil.com');
Insert into HWL_CUSTOMERS (CUSTOMER_ID,NAME,ADDRESS,CREDIT_LIMIT,WEBSITE) values (90,'Apple','18 Glenridge Rd, Schenectady, NY',1200,'http://www.apple.com');
Insert into HWL_CUSTOMERS (CUSTOMER_ID,NAME,ADDRESS,CREDIT_LIMIT,WEBSITE) values (91,'Berkshire Hathaway','6432 Rising Sun Ave, Philadelphia, PA',1200,'http://www.berkshirehathaway.com');
Insert into HWL_CUSTOMERS (CUSTOMER_ID,NAME,ADDRESS,CREDIT_LIMIT,WEBSITE) values (92,'McKesson','Rr 10, Reading, PA',1200,'http://www.mckesson.com');
Insert into HWL_CUSTOMERS (CUSTOMER_ID,NAME,ADDRESS,CREDIT_LIMIT,WEBSITE) values (93,'UnitedHealth Group','2455 Rose Garden Rd, Pittsburgh, PA',1200,'http://www.unitedhealthgroup.com');
Insert into HWL_CUSTOMERS (CUSTOMER_ID,NAME,ADDRESS,CREDIT_LIMIT,WEBSITE) values (94,'CVS Health','1812 Timberline Rd, Altoona, PA',1200,'http://www.cvshealth.com');
Insert into HWL_CUSTOMERS (CUSTOMER_ID,NAME,ADDRESS,CREDIT_LIMIT,WEBSITE) values (95,'General Motors','141 Schiller St, Reading, PA',1200,'http://www.gm.com');
Insert into HWL_CUSTOMERS (CUSTOMER_ID,NAME,ADDRESS,CREDIT_LIMIT,WEBSITE) values (96,'Ford Motor','1126 Pawlings Rd, Norristown, PA',1200,'http://www.ford.com');
Insert into HWL_CUSTOMERS (CUSTOMER_ID,NAME,ADDRESS,CREDIT_LIMIT,WEBSITE) values (97,'AT&T','55 Church Hill Rd, Reading, PA',1200,'http://www.att.com');
Insert into HWL_CUSTOMERS (CUSTOMER_ID,NAME,ADDRESS,CREDIT_LIMIT,WEBSITE) values (98,'General Electric','354 N Prince St, Lancaster, PA',1200,'http://www.ge.com');
Insert into HWL_CUSTOMERS (CUSTOMER_ID,NAME,ADDRESS,CREDIT_LIMIT,WEBSITE) values (99,'AmerisourceBergen','115 Chestnut St, Philadelphia, PA',1400,'http://www.amerisourcebergen.com');
Insert into HWL_CUSTOMERS (CUSTOMER_ID,NAME,ADDRESS,CREDIT_LIMIT,WEBSITE) values (100,'Verizon','2899 Grand Ave, Pittsburgh, PA',1400,'http://www.verizon.com');
Insert into HWL_CUSTOMERS (CUSTOMER_ID,NAME,ADDRESS,CREDIT_LIMIT,WEBSITE) values (101,'Chevron','Po Box 39, Indiana, PA',1400,'http://www.chevron.com');
Insert into HWL_CUSTOMERS (CUSTOMER_ID,NAME,ADDRESS,CREDIT_LIMIT,WEBSITE) values (102,'Costco','1604 Broadway Ave, Pittsburgh, PA',1400,'http://www.costco.com');
Insert into HWL_CUSTOMERS (CUSTOMER_ID,NAME,ADDRESS,CREDIT_LIMIT,WEBSITE) values (103,'Fannie Mae','4734 Liberty Ave, Pittsburgh, PA',1400,'http://www.fanniemae.com');
Insert into HWL_CUSTOMERS (CUSTOMER_ID,NAME,ADDRESS,CREDIT_LIMIT,WEBSITE) values (104,'Kroger','21 Thornwood Rd, Harrisburg, PA',1400,'http://www.thekrogerco.com');
Insert into HWL_CUSTOMERS (CUSTOMER_ID,NAME,ADDRESS,CREDIT_LIMIT,WEBSITE) values (105,'Amazon.com','3725 W Lake Rd, Erie, PA',1400,'http://www.amazon.com');
Insert into HWL_CUSTOMERS (CUSTOMER_ID,NAME,ADDRESS,CREDIT_LIMIT,WEBSITE) values (106,'Walgreens Boots Alliance','1808 4Th Ave, Altoona, PA',1400,'http://www.walgreensbootsalliance.com');
Insert into HWL_CUSTOMERS (CUSTOMER_ID,NAME,ADDRESS,CREDIT_LIMIT,WEBSITE) values (107,'HP','Station Sq, Pittsburgh, PA',1400,'http://www.hp.com');
Insert into HWL_CUSTOMERS (CUSTOMER_ID,NAME,ADDRESS,CREDIT_LIMIT,WEBSITE) values (108,'Cardinal Health','4020 Garden Ave, Erie, PA',1400,'http://www.cardinal.com');
Insert into HWL_CUSTOMERS (CUSTOMER_ID,NAME,ADDRESS,CREDIT_LIMIT,WEBSITE) values (109,'Express Scripts Holding','100 N Peach St, Philadelphia, PA',1400,'http://www.express-scripts.com');
Insert into HWL_CUSTOMERS (CUSTOMER_ID,NAME,ADDRESS,CREDIT_LIMIT,WEBSITE) values (110,'J.P. Morgan Chase','835 Heister Ln, Reading, PA',1400,'http://www.jpmorganchase.com');
Insert into HWL_CUSTOMERS (CUSTOMER_ID,NAME,ADDRESS,CREDIT_LIMIT,WEBSITE) values (112,'Boeing','5643 N 5Th St, Philadelphia, PA',1500,'http://www.boeing.com');
Insert into HWL_CUSTOMERS (CUSTOMER_ID,NAME,ADDRESS,CREDIT_LIMIT,WEBSITE) values (113,'Microsoft','1401 W Warren Rd, Bradford, PA',1500,'http://www.microsoft.com');
Insert into HWL_CUSTOMERS (CUSTOMER_ID,NAME,ADDRESS,CREDIT_LIMIT,WEBSITE) values (114,'Bank of America Corp.','815 Freeport Rd, Pittsburgh, PA',1500,'http://www.bankofamerica.com');
Insert into HWL_CUSTOMERS (CUSTOMER_ID,NAME,ADDRESS,CREDIT_LIMIT,WEBSITE) values (115,'Wells Fargo','327 N Washington Ave # 300, Scranton, PA',1900,'http://www.wellsfargo.com');
Insert into HWL_CUSTOMERS (CUSTOMER_ID,NAME,ADDRESS,CREDIT_LIMIT,WEBSITE) values (117,'Home Depot','4901 Locust Ln, Harrisburg, PA',2300,'http://www.homedepot.com');
Insert into HWL_CUSTOMERS (CUSTOMER_ID,NAME,ADDRESS,CREDIT_LIMIT,WEBSITE) values (118,'Citigroup','3376 Perrysville Ave, Pittsburgh, PA',2300,'http://www.citigroup.com');
Insert into HWL_CUSTOMERS (CUSTOMER_ID,NAME,ADDRESS,CREDIT_LIMIT,WEBSITE) values (119,'Phillips 66','220 Penn Ave # 300, Scranton, PA',2300,'http://www.phillips66.com');
Insert into HWL_CUSTOMERS (CUSTOMER_ID,NAME,ADDRESS,CREDIT_LIMIT,WEBSITE) values (121,'IBM','522 Swede St, Norristown, PA',2300,'http://www.ibm.com');
Insert into HWL_CUSTOMERS (CUSTOMER_ID,NAME,ADDRESS,CREDIT_LIMIT,WEBSITE) values (122,'Valero Energy','7708 City Ave, Philadelphia, PA',2300,'http://www.valero.com');
Insert into HWL_CUSTOMERS (CUSTOMER_ID,NAME,ADDRESS,CREDIT_LIMIT,WEBSITE) values (123,'Anthem','1801 Lititz Pike, Lancaster, PA',2300,'http://www.antheminc.com');
Insert into HWL_CUSTOMERS (CUSTOMER_ID,NAME,ADDRESS,CREDIT_LIMIT,WEBSITE) values (124,'Procter & Gamble','101 E Olney Ave, Philadelphia, PA',2300,'http://www.pg.com');
Insert into HWL_CUSTOMERS (CUSTOMER_ID,NAME,ADDRESS,CREDIT_LIMIT,WEBSITE) values (127,'Alphabet','36 W 34Th St, Erie, PA',2400,'http://www.google.com');
Insert into HWL_CUSTOMERS (CUSTOMER_ID,NAME,ADDRESS,CREDIT_LIMIT,WEBSITE) values (128,'Comcast','1007 Mount Royal Blvd, Pittsburgh, PA',2400,'http://www.comcastcorporation.com');
Insert into HWL_CUSTOMERS (CUSTOMER_ID,NAME,ADDRESS,CREDIT_LIMIT,WEBSITE) values (129,'Target','601 Market St, Philadelphia, PA',2400,'http://www.target.com');
Insert into HWL_CUSTOMERS (CUSTOMER_ID,NAME,ADDRESS,CREDIT_LIMIT,WEBSITE) values (132,'MetLife','5122 Sinclair Ln, Baltimore, MD',2400,'http://www.metlife.com');
Insert into HWL_CUSTOMERS (CUSTOMER_ID,NAME,ADDRESS,CREDIT_LIMIT,WEBSITE) values (133,'Archer Daniels Midland','680 Bel Air Rd, Bel Air, MD',2400,'http://www.adm.com');
Insert into HWL_CUSTOMERS (CUSTOMER_ID,NAME,ADDRESS,CREDIT_LIMIT,WEBSITE) values (135,'Freddie Mac','8004 Stansbury Rd, Baltimore, MD',2400,'http://www.freddiemac.com');
Insert into HWL_CUSTOMERS (CUSTOMER_ID,NAME,ADDRESS,CREDIT_LIMIT,WEBSITE) values (136,'PepsiCo','10209 Yearling Dr, Rockville, MD',2400,'http://www.pepsico.com');
Insert into HWL_CUSTOMERS (CUSTOMER_ID,NAME,ADDRESS,CREDIT_LIMIT,WEBSITE) values (137,'United Technologies','3000 Greenmount Ave, Baltimore, MD',2400,'http://www.utc.com');
Insert into HWL_CUSTOMERS (CUSTOMER_ID,NAME,ADDRESS,CREDIT_LIMIT,WEBSITE) values (139,'Lowe?s','1262 Vocke Rd, Cumberland, MD',2400,'http://www.lowes.com');
Insert into HWL_CUSTOMERS (CUSTOMER_ID,NAME,ADDRESS,CREDIT_LIMIT,WEBSITE) values (140,'UPS','3314 Eastern Ave, Baltimore, MD',2400,'http://www.ups.com');
Insert into HWL_CUSTOMERS (CUSTOMER_ID,NAME,ADDRESS,CREDIT_LIMIT,WEBSITE) values (142,'Prudential Financial','11200 Scaggsville Rd, Laurel, MD',2400,'http://www.prudential.com');
Insert into HWL_CUSTOMERS (CUSTOMER_ID,NAME,ADDRESS,CREDIT_LIMIT,WEBSITE) values (144,'Humana','2300 Harford Rd, Baltimore, MD',2400,'http://www.humana.com');
Insert into HWL_CUSTOMERS (CUSTOMER_ID,NAME,ADDRESS,CREDIT_LIMIT,WEBSITE) values (145,'Disney','2 2Nd St # A, Ocean City, MD',2400,'http://www.disney.com');
Insert into HWL_CUSTOMERS (CUSTOMER_ID,NAME,ADDRESS,CREDIT_LIMIT,WEBSITE) values (146,'Cisco Systems','6917 W Oklahoma Ave, Milwaukee, WI',2400,'http://www.cisco.com');
Insert into HWL_CUSTOMERS (CUSTOMER_ID,NAME,ADDRESS,CREDIT_LIMIT,WEBSITE) values (148,'Dow Chemical','160 Glenwood Ave, Minneapolis, MN',2400,'http://www.dow.com');
Insert into HWL_CUSTOMERS (CUSTOMER_ID,NAME,ADDRESS,CREDIT_LIMIT,WEBSITE) values (149,'Sysco','6915 Grand Ave, Hammond, IN',2400,'http://www.sysco.com');
Insert into HWL_CUSTOMERS (CUSTOMER_ID,NAME,ADDRESS,CREDIT_LIMIT,WEBSITE) values (151,'Caterpillar','65 Cadillac Sq # 2701, Detroit, MI',2500,'http://www.caterpillar.com');
Insert into HWL_CUSTOMERS (CUSTOMER_ID,NAME,ADDRESS,CREDIT_LIMIT,WEBSITE) values (152,'Lockheed Martin','3435 Tuscany Dr Se, Grand Rapids, MI',2500,'http://www.lockheedmartin.com');
Insert into HWL_CUSTOMERS (CUSTOMER_ID,NAME,ADDRESS,CREDIT_LIMIT,WEBSITE) values (155,'Coca-Cola','810 1St Ave, Council Bluffs, IA',3500,'http://www.coca-colacompany.com');
Insert into HWL_CUSTOMERS (CUSTOMER_ID,NAME,ADDRESS,CREDIT_LIMIT,WEBSITE) values (156,'HCA Holdings','500 W Oklahoma Ave, Milwaukee, WI',3500,'http://www.hcahealthcare.com');
Insert into HWL_CUSTOMERS (CUSTOMER_ID,NAME,ADDRESS,CREDIT_LIMIT,WEBSITE) values (159,'Energy Transfer Equity','1721 E Lake St, Minneapolis, MN',3600,'http://www.energytransfer.com');
Insert into HWL_CUSTOMERS (CUSTOMER_ID,NAME,ADDRESS,CREDIT_LIMIT,WEBSITE) values (160,'Tyson Foods','255 Great Arrow Ave, Buffalo, NY',3600,'http://www.tysonfoods.com');
Insert into HWL_CUSTOMERS (CUSTOMER_ID,NAME,ADDRESS,CREDIT_LIMIT,WEBSITE) values (162,'Delta Air Lines','6640 Campbell Blvd, Lockport, NY',3600,'http://www.delta.com');
Insert into HWL_CUSTOMERS (CUSTOMER_ID,NAME,ADDRESS,CREDIT_LIMIT,WEBSITE) values (164,'Nationwide','1136 Arch St, Philadelphia, PA',3600,'http://www.nationwide.com');
Insert into HWL_CUSTOMERS (CUSTOMER_ID,NAME,ADDRESS,CREDIT_LIMIT,WEBSITE) values (166,'Best Buy','Rt 6 E, Warren, PA',3700,'http://www.bestbuy.com');
Insert into HWL_CUSTOMERS (CUSTOMER_ID,NAME,ADDRESS,CREDIT_LIMIT,WEBSITE) values (167,'Merck','1924 Bedford St, Cumberland, MD',3700,'http://www.merck.com');
Insert into HWL_CUSTOMERS (CUSTOMER_ID,NAME,ADDRESS,CREDIT_LIMIT,WEBSITE) values (169,'Liberty Mutual Insurance Group','2713 N Bendix Dr, South Bend, IN',3700,'http://www.libertymutual.com');
Insert into HWL_CUSTOMERS (CUSTOMER_ID,NAME,ADDRESS,CREDIT_LIMIT,WEBSITE) values (171,'Honeywell International','752 W Huron St, Pontiac, MI',3700,'http://www.honeywell.com');
Insert into HWL_CUSTOMERS (CUSTOMER_ID,NAME,ADDRESS,CREDIT_LIMIT,WEBSITE) values (173,'Massachusetts Mutual Life Insurance','1330 N Memorial Dr, Racine, WI',5000,'http://www.massmutual.com');
Insert into HWL_CUSTOMERS (CUSTOMER_ID,NAME,ADDRESS,CREDIT_LIMIT,WEBSITE) values (175,'Morgan Stanley','8 Automation Ln, Albany, NY',5000,'http://www.morganstanley.com');
Insert into HWL_CUSTOMERS (CUSTOMER_ID,NAME,ADDRESS,CREDIT_LIMIT,WEBSITE) values (176,'Cigna','811 N Brandywine Ave, Schenectady, NY',5000,'http://www.cigna.com');
Insert into HWL_CUSTOMERS (CUSTOMER_ID,NAME,ADDRESS,CREDIT_LIMIT,WEBSITE) values (178,'Allstate','3025 Sussex Ave, Pittsburgh, PA',5000,'http://www.allstate.com');
Insert into HWL_CUSTOMERS (CUSTOMER_ID,NAME,ADDRESS,CREDIT_LIMIT,WEBSITE) values (179,'TIAA','932 High St, Lancaster, PA',5000,'http://www.tiaa.org');
Insert into HWL_CUSTOMERS (CUSTOMER_ID,NAME,ADDRESS,CREDIT_LIMIT,WEBSITE) values (181,'CHS','6959 Tulip St, Philadelphia, PA',5000,'http://www.chsinc.com');
Insert into HWL_CUSTOMERS (CUSTOMER_ID,NAME,ADDRESS,CREDIT_LIMIT,WEBSITE) values (182,'American Express','511 S Central Ave # A, Baltimore, MD',5000,'http://www.americanexpress.com');
Insert into HWL_CUSTOMERS (CUSTOMER_ID,NAME,ADDRESS,CREDIT_LIMIT,WEBSITE) values (183,'Gilead Sciences','400 E Joppa Rd, Baltimore, MD',5000,'http://www.gilead.com');
Insert into HWL_CUSTOMERS (CUSTOMER_ID,NAME,ADDRESS,CREDIT_LIMIT,WEBSITE) values (185,'General Dynamics','1796 Tsing Tao, Muang Nonthaburi, ',1200,'http://www.generaldynamics.com');
Insert into HWL_CUSTOMERS (CUSTOMER_ID,NAME,ADDRESS,CREDIT_LIMIT,WEBSITE) values (186,'TJX','1810 Tucker Crt, Mumbai, ',5000,'http://www.tjx.com');
Insert into HWL_CUSTOMERS (CUSTOMER_ID,NAME,ADDRESS,CREDIT_LIMIT,WEBSITE) values (188,'Nike','Sendlinger Tor 4, Munich, ',2400,'http://www.nike.com');
Insert into HWL_CUSTOMERS (CUSTOMER_ID,NAME,ADDRESS,CREDIT_LIMIT,WEBSITE) values (189,'World Fuel Services','Theresienstr 15, Munich, ',2400,'http://www.wfscorp.com');
Insert into HWL_CUSTOMERS (CUSTOMER_ID,NAME,ADDRESS,CREDIT_LIMIT,WEBSITE) values (191,'Mondelez International','1822 Ironweed St, Toronto, ONT',1200,'http://www.mondelezinternational.com');
Insert into HWL_CUSTOMERS (CUSTOMER_ID,NAME,ADDRESS,CREDIT_LIMIT,WEBSITE) values (193,'Twenty-First Century Fox','Via Notoriosa 1932 Rd, Firenze, ',500,'http://www.21cf.com');
Insert into HWL_CUSTOMERS (CUSTOMER_ID,NAME,ADDRESS,CREDIT_LIMIT,WEBSITE) values (194,'Deere','Via Notoriosa 1941, Firenze, ',500,'http://www.johndeere.com');
Insert into HWL_CUSTOMERS (CUSTOMER_ID,NAME,ADDRESS,CREDIT_LIMIT,WEBSITE) values (209,'Time Warner','Via Delle Grazie 11, Tellaro, ',2400,'http://www.timewarner.com');
Insert into HWL_CUSTOMERS (CUSTOMER_ID,NAME,ADDRESS,CREDIT_LIMIT,WEBSITE) values (196,'DuPont','Via Notoriosa 1943, Firenze, ',2400,'http://www.dupont.com');
Insert into HWL_CUSTOMERS (CUSTOMER_ID,NAME,ADDRESS,CREDIT_LIMIT,WEBSITE) values (197,'Avnet','Via Luminosa 162, Tellaro, ',700,'http://www.avnet.com');
Insert into HWL_CUSTOMERS (CUSTOMER_ID,NAME,ADDRESS,CREDIT_LIMIT,WEBSITE) values (199,'Macy?s','Via Di Firenze 231, Tellaro, ',700,'http://www.macysinc.com');
Insert into HWL_CUSTOMERS (CUSTOMER_ID,NAME,ADDRESS,CREDIT_LIMIT,WEBSITE) values (201,'Travelers Cos.','Via Frenzy 6903, Tellaro, ',3600,'http://www.travelers.com');
Insert into HWL_CUSTOMERS (CUSTOMER_ID,NAME,ADDRESS,CREDIT_LIMIT,WEBSITE) values (203,'Philip Morris International','Piazza Quattre Stagioni 4, San Giminiano, ',3600,'http://www.pmi.com');
Insert into HWL_CUSTOMERS (CUSTOMER_ID,NAME,ADDRESS,CREDIT_LIMIT,WEBSITE) values (205,'Tech Data','Via Notoriosa 1932, Tellaro, ',3600,'http://www.techdata.com');
Insert into HWL_CUSTOMERS (CUSTOMER_ID,NAME,ADDRESS,CREDIT_LIMIT,WEBSITE) values (211,'McDonald?s','2034 Sabrina Rd, Samutprakarn, ',3700,'http://www.aboutmcdonalds.com');
Insert into HWL_CUSTOMERS (CUSTOMER_ID,NAME,ADDRESS,CREDIT_LIMIT,WEBSITE) values (213,'Sears Holdings','Ruella Delle Spiriti, Milano, ',500,'http://www.searsholdings.com');
Insert into HWL_CUSTOMERS (CUSTOMER_ID,NAME,ADDRESS,CREDIT_LIMIT,WEBSITE) values (215,'Capital One Financial','Via Delle Capeletti 52, San Giminiano, ',1500,'http://www.capitalone.com');
Insert into HWL_CUSTOMERS (CUSTOMER_ID,NAME,ADDRESS,CREDIT_LIMIT,WEBSITE) values (217,'USAA','Via Delli Capelli 2, San Giminiano, ',700,'http://www.usaa.com');
Insert into HWL_CUSTOMERS (CUSTOMER_ID,NAME,ADDRESS,CREDIT_LIMIT,WEBSITE) values (219,'Duke Energy','1593 Silverado St, Bangalore, Kar',5000,'http://www.duke-energy.com');
Insert into HWL_CUSTOMERS (CUSTOMER_ID,NAME,ADDRESS,CREDIT_LIMIT,WEBSITE) values (221,'Halliburton','1602 Sholay St, Chennai, Tam',1500,'http://www.halliburton.com');
Insert into HWL_CUSTOMERS (CUSTOMER_ID,NAME,ADDRESS,CREDIT_LIMIT,WEBSITE) values (224,'Arrow Electronics','1607 Sangam Blvd, New Delhi, ',5000,'http://www.arrow.com');
Insert into HWL_CUSTOMERS (CUSTOMER_ID,NAME,ADDRESS,CREDIT_LIMIT,WEBSITE) values (1,'Raytheon','514 W Superior St, Kokomo, IN',100,'http://www.raytheon.com');
Insert into HWL_CUSTOMERS (CUSTOMER_ID,NAME,ADDRESS,CREDIT_LIMIT,WEBSITE) values (2,'Plains GP Holdings','2515 Bloyd Ave, Indianapolis, IN',100,'http://www.plainsallamerican.com');
Insert into HWL_CUSTOMERS (CUSTOMER_ID,NAME,ADDRESS,CREDIT_LIMIT,WEBSITE) values (3,'US Foods Holding','8768 N State Rd 37, Bloomington, IN',100,'http://www.usfoods.com');
Insert into HWL_CUSTOMERS (CUSTOMER_ID,NAME,ADDRESS,CREDIT_LIMIT,WEBSITE) values (4,'AbbVie','6445 Bay Harbor Ln, Indianapolis, IN',100,'http://www.abbvie.com');
Insert into HWL_CUSTOMERS (CUSTOMER_ID,NAME,ADDRESS,CREDIT_LIMIT,WEBSITE) values (5,'Centene','4019 W 3Rd St, Bloomington, IN',100,'http://www.centene.com');
Insert into HWL_CUSTOMERS (CUSTOMER_ID,NAME,ADDRESS,CREDIT_LIMIT,WEBSITE) values (6,'Community Health Systems','1608 Portage Ave, South Bend, IN',100,'http://www.chs.net');
Insert into HWL_CUSTOMERS (CUSTOMER_ID,NAME,ADDRESS,CREDIT_LIMIT,WEBSITE) values (7,'Alcoa','23943 Us Highway 33, Elkhart, IN',100,'http://www.alcoa.com');
Insert into HWL_CUSTOMERS (CUSTOMER_ID,NAME,ADDRESS,CREDIT_LIMIT,WEBSITE) values (8,'International Paper','136 E Market St # 800, Indianapolis, IN',100,'http://www.internationalpaper.com');
Insert into HWL_CUSTOMERS (CUSTOMER_ID,NAME,ADDRESS,CREDIT_LIMIT,WEBSITE) values (9,'Emerson Electric','1905 College St, South Bend, IN',100,'http://www.emerson.com');
Insert into HWL_CUSTOMERS (CUSTOMER_ID,NAME,ADDRESS,CREDIT_LIMIT,WEBSITE) values (10,'Union Pacific','3512 Rockville Rd # 137C, Indianapolis, IN',200,'http://www.up.com');
Insert into HWL_CUSTOMERS (CUSTOMER_ID,NAME,ADDRESS,CREDIT_LIMIT,WEBSITE) values (11,'Amgen','1303 E University St, Bloomington, IN',200,'http://www.amgen.com');
Insert into HWL_CUSTOMERS (CUSTOMER_ID,NAME,ADDRESS,CREDIT_LIMIT,WEBSITE) values (12,'U.S. Bancorp','115 N Weinbach Ave, Evansville, IN',200,'http://www.usbank.com');
Insert into HWL_CUSTOMERS (CUSTOMER_ID,NAME,ADDRESS,CREDIT_LIMIT,WEBSITE) values (13,'Staples','2067 Rollett Ln, Evansville, IN',200,'http://www.staples.com');
Insert into HWL_CUSTOMERS (CUSTOMER_ID,NAME,ADDRESS,CREDIT_LIMIT,WEBSITE) values (14,'Danaher','1105 E Allendale Dr, Bloomington, IN',200,'http://www.danaher.com');
Insert into HWL_CUSTOMERS (CUSTOMER_ID,NAME,ADDRESS,CREDIT_LIMIT,WEBSITE) values (15,'Whirlpool','18305 Van Dyke St, Detroit, MI',200,'http://www.whirlpoolcorp.com');
Insert into HWL_CUSTOMERS (CUSTOMER_ID,NAME,ADDRESS,CREDIT_LIMIT,WEBSITE) values (16,'Aflac','Lucas Dr Bldg 348, Detroit, MI',200,'http://www.aflac.com');
Insert into HWL_CUSTOMERS (CUSTOMER_ID,NAME,ADDRESS,CREDIT_LIMIT,WEBSITE) values (17,'AutoNation','1801 Monroe Ave Nw, Grand Rapids, MI',200,'http://www.autonation.com');
Insert into HWL_CUSTOMERS (CUSTOMER_ID,NAME,ADDRESS,CREDIT_LIMIT,WEBSITE) values (18,'Progressive','4925 Kendrick St Se, Grand Rapids, MI',200,'http://www.progressive.com');
Insert into HWL_CUSTOMERS (CUSTOMER_ID,NAME,ADDRESS,CREDIT_LIMIT,WEBSITE) values (19,'Abbott Laboratories','3310 Dixie Ct, Saginaw, MI',200,'http://www.abbott.com');
Insert into HWL_CUSTOMERS (CUSTOMER_ID,NAME,ADDRESS,CREDIT_LIMIT,WEBSITE) values (20,'Dollar General','113 Washington Sq N, Lansing, MI',200,'http://www.dollargeneral.com');
Insert into HWL_CUSTOMERS (CUSTOMER_ID,NAME,ADDRESS,CREDIT_LIMIT,WEBSITE) values (21,'Tenet Healthcare','2500 S Pennsylvania Ave, Lansing, MI',200,'http://www.tenethealth.com');
Insert into HWL_CUSTOMERS (CUSTOMER_ID,NAME,ADDRESS,CREDIT_LIMIT,WEBSITE) values (22,'Eli Lilly','3213 S Cedar St, Lansing, MI',200,'http://www.lilly.com');
Insert into HWL_CUSTOMERS (CUSTOMER_ID,NAME,ADDRESS,CREDIT_LIMIT,WEBSITE) values (24,'Southwest Airlines','6654 W Lafayette St, Detroit, MI',200,'http://www.southwest.com');
Insert into HWL_CUSTOMERS (CUSTOMER_ID,NAME,ADDRESS,CREDIT_LIMIT,WEBSITE) values (25,'Penske Automotive Group','27 Benton Rd, Saginaw, MI',200,'http://www.penskeautomotive.com');
Insert into HWL_CUSTOMERS (CUSTOMER_ID,NAME,ADDRESS,CREDIT_LIMIT,WEBSITE) values (26,'ManpowerGroup','8201 Livernois Ave, Detroit, MI',300,'http://www.manpowergroup.com');
Insert into HWL_CUSTOMERS (CUSTOMER_ID,NAME,ADDRESS,CREDIT_LIMIT,WEBSITE) values (28,'Kohl?s','3100 E Eisenhower Pky # 100, Ann Arbor, MI',300,'http://www.kohlscorporation.com');
Insert into HWL_CUSTOMERS (CUSTOMER_ID,NAME,ADDRESS,CREDIT_LIMIT,WEBSITE) values (29,'Starbucks','952 Vassar Dr, Kalamazoo, MI',400,'http://www.starbucks.com');
Insert into HWL_CUSTOMERS (CUSTOMER_ID,NAME,ADDRESS,CREDIT_LIMIT,WEBSITE) values (30,'Paccar','150 W Jefferson Ave # 2500, Detroit, MI',400,'http://www.paccar.com');
Insert into HWL_CUSTOMERS (CUSTOMER_ID,NAME,ADDRESS,CREDIT_LIMIT,WEBSITE) values (31,'Cummins','40 Pearl St Nw # 1020, Grand Rapids, MI',400,'http://www.cummins.com');
Insert into HWL_CUSTOMERS (CUSTOMER_ID,NAME,ADDRESS,CREDIT_LIMIT,WEBSITE) values (33,'Altria Group','301 E Genesee Ave, Saginaw, MI',400,'http://www.altria.com');
Insert into HWL_CUSTOMERS (CUSTOMER_ID,NAME,ADDRESS,CREDIT_LIMIT,WEBSITE) values (34,'Xerox','9936 Dexter Ave, Detroit, MI',400,'http://www.xerox.com');
Insert into HWL_CUSTOMERS (CUSTOMER_ID,NAME,ADDRESS,CREDIT_LIMIT,WEBSITE) values (35,'Kimberly-Clark','1660 University Ter, Ann Arbor, MI',400,'http://www.kimberly-clark.com');
Insert into HWL_CUSTOMERS (CUSTOMER_ID,NAME,ADDRESS,CREDIT_LIMIT,WEBSITE) values (36,'Hartford Financial Services Group','15713 N East St, Lansing, MI',400,'http://www.thehartford.com');
Insert into HWL_CUSTOMERS (CUSTOMER_ID,NAME,ADDRESS,CREDIT_LIMIT,WEBSITE) values (38,'Kraft Heinz','10315 Hickman Rd, Des Moines, IA',500,'http://www.kraftheinzcompany.com');
Insert into HWL_CUSTOMERS (CUSTOMER_ID,NAME,ADDRESS,CREDIT_LIMIT,WEBSITE) values (40,'Fluor','1928 Sherwood Dr, Council Bluffs, IA',500,'http://www.fluor.com');
Insert into HWL_CUSTOMERS (CUSTOMER_ID,NAME,ADDRESS,CREDIT_LIMIT,WEBSITE) values (41,'AECOM','2102 E Kimberly Rd, Davenport, IA',500,'http://www.aecom.com');
Insert into HWL_CUSTOMERS (CUSTOMER_ID,NAME,ADDRESS,CREDIT_LIMIT,WEBSITE) values (44,'Jabil Circuit','221 3Rd Ave Se # 300, Cedar Rapids, IA',500,'http://www.jabil.com');
Insert into HWL_CUSTOMERS (CUSTOMER_ID,NAME,ADDRESS,CREDIT_LIMIT,WEBSITE) values (45,'CenturyLink','2120 Heights Dr, Eau Claire, WI',500,'http://www.centurylink.com');
Insert into HWL_CUSTOMERS (CUSTOMER_ID,NAME,ADDRESS,CREDIT_LIMIT,WEBSITE) values (47,'General Mills','6555 W Good Hope Rd, Milwaukee, WI',600,'http://www.generalmills.com');
Insert into HWL_CUSTOMERS (CUSTOMER_ID,NAME,ADDRESS,CREDIT_LIMIT,WEBSITE) values (48,'Southern','1314 N Stoughton Rd, Madison, WI',600,'http://www.southerncompany.com');
Insert into HWL_CUSTOMERS (CUSTOMER_ID,NAME,ADDRESS,CREDIT_LIMIT,WEBSITE) values (50,'Thermo Fisher Scientific','6161 N 64Th St, Milwaukee, WI',700,'http://www.thermofisher.com');
Insert into HWL_CUSTOMERS (CUSTOMER_ID,NAME,ADDRESS,CREDIT_LIMIT,WEBSITE) values (51,'American Electric Power','11016 W Lincoln Ave, Milwaukee, WI',700,'http://www.aep.com');
Insert into HWL_CUSTOMERS (CUSTOMER_ID,NAME,ADDRESS,CREDIT_LIMIT,WEBSITE) values (53,'NGL Energy Partners','615 N Sherman Ave, Madison, WI',700,'http://www.nglenergypartners.com');
Insert into HWL_CUSTOMERS (CUSTOMER_ID,NAME,ADDRESS,CREDIT_LIMIT,WEBSITE) values (54,'Bristol-Myers Squibb','512 E Grand Ave, Beloit, WI',700,'http://www.bms.com');
Insert into HWL_CUSTOMERS (CUSTOMER_ID,NAME,ADDRESS,CREDIT_LIMIT,WEBSITE) values (56,'Nucor','5235 N Ironwood Ln, Milwaukee, WI',700,'http://www.nucor.com');
Insert into HWL_CUSTOMERS (CUSTOMER_ID,NAME,ADDRESS,CREDIT_LIMIT,WEBSITE) values (57,'PNC Financial Services Group','322 E Michigan St, Milwaukee, WI',700,'http://www.pnc.com');
Insert into HWL_CUSTOMERS (CUSTOMER_ID,NAME,ADDRESS,CREDIT_LIMIT,WEBSITE) values (58,'Health Net','1400 Bellinger St Fl 4, Eau Claire, WI',700,'http://www.healthnet.com');
Insert into HWL_CUSTOMERS (CUSTOMER_ID,NAME,ADDRESS,CREDIT_LIMIT,WEBSITE) values (60,'Colgate-Palmolive','808 3Rd St # 100, Wausau, WI',700,'http://www.colgatepalmolive.com');
Insert into HWL_CUSTOMERS (CUSTOMER_ID,NAME,ADDRESS,CREDIT_LIMIT,WEBSITE) values (61,'Freeport-McMoRan','300 Crooks St, Green Bay, WI',900,'http://www.fcx.com');
Insert into HWL_CUSTOMERS (CUSTOMER_ID,NAME,ADDRESS,CREDIT_LIMIT,WEBSITE) values (64,'Gap','2122 Campbell Rd, La Crosse, WI',1200,'http://www.gapinc.com');
Insert into HWL_CUSTOMERS (CUSTOMER_ID,NAME,ADDRESS,CREDIT_LIMIT,WEBSITE) values (65,'Baker Hughes','3324 N Oakland Ave, Milwaukee, WI',1200,'http://www.bakerhughes.com');
Insert into HWL_CUSTOMERS (CUSTOMER_ID,NAME,ADDRESS,CREDIT_LIMIT,WEBSITE) values (67,'Dollar Tree','1501 Lowry Ave N, Minneapolis, MN',1200,'http://www.dollartree.com');
Insert into HWL_CUSTOMERS (CUSTOMER_ID,NAME,ADDRESS,CREDIT_LIMIT,WEBSITE) values (69,'Whole Foods Market','4200 Yosemite Ave S, Minneapolis, MN',1200,'http://www.wholefoodsmarket.com');
Insert into HWL_CUSTOMERS (CUSTOMER_ID,NAME,ADDRESS,CREDIT_LIMIT,WEBSITE) values (70,'PPG Industries','2800 Chicago Ave # 100, Minneapolis, MN',1200,'http://www.ppg.com');
Insert into HWL_CUSTOMERS (CUSTOMER_ID,NAME,ADDRESS,CREDIT_LIMIT,WEBSITE) values (72,'Icahn Enterprises','314 W Superior St # 1015, Duluth, MN',1200,'http://www.ielp.com');
Insert into HWL_CUSTOMERS (CUSTOMER_ID,NAME,ADDRESS,CREDIT_LIMIT,WEBSITE) values (74,'Performance Food Group','2720 Brewerton Rd, Syracuse, NY',1200,'http://www.pfgc.com');
Insert into HWL_CUSTOMERS (CUSTOMER_ID,NAME,ADDRESS,CREDIT_LIMIT,WEBSITE) values (76,'DISH Network','1522 Main St, Niagara Falls, NY',1200,'http://www.dish.com');
Insert into HWL_CUSTOMERS (CUSTOMER_ID,NAME,ADDRESS,CREDIT_LIMIT,WEBSITE) values (77,'FirstEnergy','49 N Pine Ave, Albany, NY',1200,'http://www.firstenergycorp.com');
Insert into HWL_CUSTOMERS (CUSTOMER_ID,NAME,ADDRESS,CREDIT_LIMIT,WEBSITE) values (80,'AES','33 Fulton St, Poughkeepsie, NY',1200,'http://www.aes.com');
Insert into HWL_CUSTOMERS (CUSTOMER_ID,NAME,ADDRESS,CREDIT_LIMIT,WEBSITE) values (81,'CarMax','2360 Maxon Rd, Schenectady, NY',1200,'http://www.carmax.com');
Insert into HWL_CUSTOMERS (CUSTOMER_ID,NAME,ADDRESS,CREDIT_LIMIT,WEBSITE) values (84,'NRG Energy','500 S Salina St # 500, Syracuse, NY',1200,'http://www.nrgenergy.com');
Insert into HWL_CUSTOMERS (CUSTOMER_ID,NAME,ADDRESS,CREDIT_LIMIT,WEBSITE) values (85,'Western Digital','33 Pine St, Lockport, NY',1200,'http://www.westerndigital.com');
Insert into HWL_CUSTOMERS (CUSTOMER_ID,NAME,ADDRESS,CREDIT_LIMIT,WEBSITE) values (226,'Office Depot','1612 Talaivar St, Chennai, Tam',5000,'http://www.officedepot.com');
Insert into HWL_CUSTOMERS (CUSTOMER_ID,NAME,ADDRESS,CREDIT_LIMIT,WEBSITE) values (227,'Nordstrom','1613 Victoria St, Calcutta, ',5000,'http://www.nordstrom.com');
Insert into HWL_CUSTOMERS (CUSTOMER_ID,NAME,ADDRESS,CREDIT_LIMIT,WEBSITE) values (229,'Aramark','1615 Crackers Crt, Chennai - India, ',300,'http://www.aramark.com');
Insert into HWL_CUSTOMERS (CUSTOMER_ID,NAME,ADDRESS,CREDIT_LIMIT,WEBSITE) values (230,'DaVita HealthCare Partners','1616 Mr. India Ln, Bombay - India, Kar',300,'http://www.davita.com');
Insert into HWL_CUSTOMERS (CUSTOMER_ID,NAME,ADDRESS,CREDIT_LIMIT,WEBSITE) values (232,'WellCare Health Plans','1618 Villains St, New Delhi - India, ',1200,'http://www.wellcare.com');
Insert into HWL_CUSTOMERS (CUSTOMER_ID,NAME,ADDRESS,CREDIT_LIMIT,WEBSITE) values (233,'CBS','1619 Bowlers Rd, Chandigarh, Har',1200,'http://www.cbscorporation.com');
Insert into HWL_CUSTOMERS (CUSTOMER_ID,NAME,ADDRESS,CREDIT_LIMIT,WEBSITE) values (234,'Visa','1620 Sixers Crt, Bombay, Kar',5000,'http://www.visa.com');
Insert into HWL_CUSTOMERS (CUSTOMER_ID,NAME,ADDRESS,CREDIT_LIMIT,WEBSITE) values (236,'Ecolab','1623 Hey Ram St, Chennai - India, ',5000,'http://www.ecolab.com');
Insert into HWL_CUSTOMERS (CUSTOMER_ID,NAME,ADDRESS,CREDIT_LIMIT,WEBSITE) values (237,'Kellogg','1627 Sowdagar St, New Delhi, ',1900,'http://www.kelloggcompany.com');
Insert into HWL_CUSTOMERS (CUSTOMER_ID,NAME,ADDRESS,CREDIT_LIMIT,WEBSITE) values (239,'Textron','1632 Splash St, Chandigarh, Har',2500,'http://www.textron.com');
Insert into HWL_CUSTOMERS (CUSTOMER_ID,NAME,ADDRESS,CREDIT_LIMIT,WEBSITE) values (240,'Loews','1636 Pretty Blvd, Bangalore, Kar',5000,'http://www.loews.com');
Insert into HWL_CUSTOMERS (CUSTOMER_ID,NAME,ADDRESS,CREDIT_LIMIT,WEBSITE) values (241,'Illinois Tool Works','1646 Brazil Blvd, Chennai, Tam',500,'http://www.itw.com');
Insert into HWL_CUSTOMERS (CUSTOMER_ID,NAME,ADDRESS,CREDIT_LIMIT,WEBSITE) values (244,'Viacom','1650 Teesri Manjil Crt, Kashmir, ',3700,'http://www.viacom.com');
Insert into HWL_CUSTOMERS (CUSTOMER_ID,NAME,ADDRESS,CREDIT_LIMIT,WEBSITE) values (246,'Land O?Lakes','1662 Talaivar St, Chennai, Tam',1500,'http://www.landolakesinc.com');
Insert into HWL_CUSTOMERS (CUSTOMER_ID,NAME,ADDRESS,CREDIT_LIMIT,WEBSITE) values (248,'Devon Energy','Piazza Del Congresso 22, Roma, ',3700,'http://www.devonenergy.com');
Insert into HWL_CUSTOMERS (CUSTOMER_ID,NAME,ADDRESS,CREDIT_LIMIT,WEBSITE) values (251,'Yum Brands','Ruella Delle Spiriti, Roma, ',500,'http://www.yum.com');
Insert into HWL_CUSTOMERS (CUSTOMER_ID,NAME,ADDRESS,CREDIT_LIMIT,WEBSITE) values (252,'Texas Instruments','Via Del Disegno 194, Roma, ',500,'http://www.ti.com');
Insert into HWL_CUSTOMERS (CUSTOMER_ID,NAME,ADDRESS,CREDIT_LIMIT,WEBSITE) values (253,'CDW','Via Delle Capeletti 52, Roma, ',500,'http://www.cdw.com');
Insert into HWL_CUSTOMERS (CUSTOMER_ID,NAME,ADDRESS,CREDIT_LIMIT,WEBSITE) values (256,'Marsh & McLennan','Via Dolorosa 69, Roma, ',2400,'http://www.mmc.com');
Insert into HWL_CUSTOMERS (CUSTOMER_ID,NAME,ADDRESS,CREDIT_LIMIT,WEBSITE) values (257,'Chesapeake Energy','Via Notoriosa 1942, Ventimiglia, ',700,'http://www.chk.com');
Insert into HWL_CUSTOMERS (CUSTOMER_ID,NAME,ADDRESS,CREDIT_LIMIT,WEBSITE) values (260,'Occidental Petroleum','Piazza Cacchiatore 23, Roma, ',700,'http://www.oxy.com');
Insert into HWL_CUSTOMERS (CUSTOMER_ID,NAME,ADDRESS,CREDIT_LIMIT,WEBSITE) values (261,'Guardian Life Ins. Co. of America','Via Del Disegno 194, San Giminiano, ',600,'http://www.guardianlife.com');
Insert into HWL_CUSTOMERS (CUSTOMER_ID,NAME,ADDRESS,CREDIT_LIMIT,WEBSITE) values (264,'J.C. Penney','Via Dello Croce 93, San Giminiano, ',400,'http://www.jcpenney.com');
Insert into HWL_CUSTOMERS (CUSTOMER_ID,NAME,ADDRESS,CREDIT_LIMIT,WEBSITE) values (265,'Consolidated Edison','Ruella Delle Spiriti, San Giminiano, ',400,'http://www.conedison.com');
Insert into HWL_CUSTOMERS (CUSTOMER_ID,NAME,ADDRESS,CREDIT_LIMIT,WEBSITE) values (267,'Cognizant Technology Solutions','Via Delli Capelli 2, Tellaro, ',400,'http://www.cognizant.com');
Insert into HWL_CUSTOMERS (CUSTOMER_ID,NAME,ADDRESS,CREDIT_LIMIT,WEBSITE) values (269,'Ameriprise Financial','Harmoniegasse 3, Baden-Daettwil, AG',500,'http://www.ameriprise.com');
Insert into HWL_CUSTOMERS (CUSTOMER_ID,NAME,ADDRESS,CREDIT_LIMIT,WEBSITE) values (271,'Computer Sciences','Alfred E. Neumann-Weg 3, Baden-Daettwil, AG',500,'http://www.csc.com');
Insert into HWL_CUSTOMERS (CUSTOMER_ID,NAME,ADDRESS,CREDIT_LIMIT,WEBSITE) values (272,'L Brands','Dr. Herbert Bitto Str 23, Baden-Daettwil, AG',2300,'http://www.lb.com');
Insert into HWL_CUSTOMERS (CUSTOMER_ID,NAME,ADDRESS,CREDIT_LIMIT,WEBSITE) values (273,'Jacobs Engineering Group','Taefernstr 4, Baden-Daettwil, AG',2300,'http://www.jacobs.com');
Insert into HWL_CUSTOMERS (CUSTOMER_ID,NAME,ADDRESS,CREDIT_LIMIT,WEBSITE) values (275,'Principal Financial','Helebardenweg 5, Baden-Daettwil, AG',3500,'http://www.principal.com');
Insert into HWL_CUSTOMERS (CUSTOMER_ID,NAME,ADDRESS,CREDIT_LIMIT,WEBSITE) values (276,'Ross Stores','Zum Freundlichen Nachbarn 5, Baden-Daettwil, AG',3500,'http://www.rossstores.com');
Insert into HWL_CUSTOMERS (CUSTOMER_ID,NAME,ADDRESS,CREDIT_LIMIT,WEBSITE) values (277,'Bed Bath & Beyond','Ziegenwiese 3, Baden-Daettwil, AG',3500,'http://www.bedbathandbeyond.com');
Insert into HWL_CUSTOMERS (CUSTOMER_ID,NAME,ADDRESS,CREDIT_LIMIT,WEBSITE) values (278,'CSX','Am Waldrand 5, Baden-Daettwil, AG',3500,'http://www.csx.com');
Insert into HWL_CUSTOMERS (CUSTOMER_ID,NAME,ADDRESS,CREDIT_LIMIT,WEBSITE) values (279,'Toys ?R? Us','Zur Kantine 9, Baden-Daettwil, AG',1200,'http://www.toysrusinc.com');
Insert into HWL_CUSTOMERS (CUSTOMER_ID,NAME,ADDRESS,CREDIT_LIMIT,WEBSITE) values (280,'Las Vegas Sands','Grosse Bahnhostrasse 3, Baden-Daettwil, AG',1200,'http://www.sands.com');
Insert into HWL_CUSTOMERS (CUSTOMER_ID,NAME,ADDRESS,CREDIT_LIMIT,WEBSITE) values (281,'Leucadia National','Paradeplatz 4, Zuerich, ZH',1200,'http://www.leucadia.com');
Insert into HWL_CUSTOMERS (CUSTOMER_ID,NAME,ADDRESS,CREDIT_LIMIT,WEBSITE) values (282,'Dominion Resources','Badenerstr 1941, Zuerich, ZH',3500,'http://www.dom.com');
Insert into HWL_CUSTOMERS (CUSTOMER_ID,NAME,ADDRESS,CREDIT_LIMIT,WEBSITE) values (283,'United States Steel','Welschdoerfchen 1941, Chur, ZH',3500,'http://www.ussteel.com');
Insert into HWL_CUSTOMERS (CUSTOMER_ID,NAME,ADDRESS,CREDIT_LIMIT,WEBSITE) values (284,'L-3 Communications','Le Reduit, Tschiertschen, GR',1400,'http://www.l-3com.com');
Insert into HWL_CUSTOMERS (CUSTOMER_ID,NAME,ADDRESS,CREDIT_LIMIT,WEBSITE) values (285,'Edison International','Bendlehn, Trogen, SG',1400,'http://www.edisoninvestor.com');
Insert into HWL_CUSTOMERS (CUSTOMER_ID,NAME,ADDRESS,CREDIT_LIMIT,WEBSITE) values (286,'Entergy','Spisertor 3, St. Gallen, SG',1400,'http://www.entergy.com');
Insert into HWL_CUSTOMERS (CUSTOMER_ID,NAME,ADDRESS,CREDIT_LIMIT,WEBSITE) values (287,'ADP','Langstr 14, Zuerich, ZH',700,'http://www.adp.com');
Insert into HWL_CUSTOMERS (CUSTOMER_ID,NAME,ADDRESS,CREDIT_LIMIT,WEBSITE) values (288,'First Data','Roessligasse 4, Zurich, ZH',700,'http://www.firstdata.com');
Insert into HWL_CUSTOMERS (CUSTOMER_ID,NAME,ADDRESS,CREDIT_LIMIT,WEBSITE) values (289,'BlackRock','Zum Froehlichen Schweizer 3, Zurich, ZH',5000,'http://www.blackrock.com');
Insert into HWL_CUSTOMERS (CUSTOMER_ID,NAME,ADDRESS,CREDIT_LIMIT,WEBSITE) values (290,'WestRock','Chrottenweg, Bern, BE',5000,'http://www.westrock.com');
Insert into HWL_CUSTOMERS (CUSTOMER_ID,NAME,ADDRESS,CREDIT_LIMIT,WEBSITE) values (291,'Voya Financial','Bruppacher Str 3, Baden-Daettwil, AG',5000,'http://www.voya.com');
Insert into HWL_CUSTOMERS (CUSTOMER_ID,NAME,ADDRESS,CREDIT_LIMIT,WEBSITE) values (292,'Sherwin-Williams','Limmatquai, Zuerich, ZH',1800,'http://www.sherwin.com');
Insert into HWL_CUSTOMERS (CUSTOMER_ID,NAME,ADDRESS,CREDIT_LIMIT,WEBSITE) values (293,'Hilton Worldwide Holdings','Dreikoenigsstr 3, Zurich, ZH',1800,'http://www.hiltonworldwide.com');
Insert into HWL_CUSTOMERS (CUSTOMER_ID,NAME,ADDRESS,CREDIT_LIMIT,WEBSITE) values (295,'R.R. Donnelley & Sons','Kreuzstr 32, Zurich, ZH',2300,'http://www.rrdonnelley.com');
Insert into HWL_CUSTOMERS (CUSTOMER_ID,NAME,ADDRESS,CREDIT_LIMIT,WEBSITE) values (296,'Stanley Black & Decker','1539 Stripes Rd, Baden-Daettwil, AG',2300,'http://www.stanleyblackanddecker.com');
Insert into HWL_CUSTOMERS (CUSTOMER_ID,NAME,ADDRESS,CREDIT_LIMIT,WEBSITE) values (299,'Murphy USA','1593 Silverado St, Bangalore, Kar',1400,'http://corporate.murphyusa.com');
Insert into HWL_CUSTOMERS (CUSTOMER_ID,NAME,ADDRESS,CREDIT_LIMIT,WEBSITE) values (300,'CBRE Group','1596 Commando Blvd, Bangalore, Kar',1200,'http://www.cbre.com');
Insert into HWL_CUSTOMERS (CUSTOMER_ID,NAME,ADDRESS,CREDIT_LIMIT,WEBSITE) values (302,'D.R. Horton','1599 Legend Rd, Bangalore, Kar',5000,'http://www.drhorton.com');
Insert into HWL_CUSTOMERS (CUSTOMER_ID,NAME,ADDRESS,CREDIT_LIMIT,WEBSITE) values (303,'Estee Lauder','1600 Target Crt, Bangalore, Kar',5000,'http://www.elcompanies.com');
Insert into HWL_CUSTOMERS (CUSTOMER_ID,NAME,ADDRESS,CREDIT_LIMIT,WEBSITE) values (304,'Praxair','1603 Rebel St, Bangalore, Kar',500,'http://www.praxair.com');
Insert into HWL_CUSTOMERS (CUSTOMER_ID,NAME,ADDRESS,CREDIT_LIMIT,WEBSITE) values (305,'Biogen','1604 Volunteers Rd, Bangalore, Kar',500,'http://www.biogen.com');
Insert into HWL_CUSTOMERS (CUSTOMER_ID,NAME,ADDRESS,CREDIT_LIMIT,WEBSITE) values (307,'State Street Corp.','1607 Abwdrts St, Bangalore, Kar',3500,'http://www.statestreet.com');
Insert into HWL_CUSTOMERS (CUSTOMER_ID,NAME,ADDRESS,CREDIT_LIMIT,WEBSITE) values (308,'Unum Group','1608 Amadeus St, Bangalore, Kar',3500,'http://www.unum.com');
Insert into HWL_CUSTOMERS (CUSTOMER_ID,NAME,ADDRESS,CREDIT_LIMIT,WEBSITE) values (309,'Reynolds American','1610 Betrayal Crt, Bangalore, Kar',5000,'http://www.reynoldsamerican.com');
Insert into HWL_CUSTOMERS (CUSTOMER_ID,NAME,ADDRESS,CREDIT_LIMIT,WEBSITE) values (311,'Group 1 Automotive','1614 Crackers Rd, Bangalore - India, Kar',2300,'http://www.group1auto.com');
Insert into HWL_CUSTOMERS (CUSTOMER_ID,NAME,ADDRESS,CREDIT_LIMIT,WEBSITE) values (312,'Henry Schein','1615 Crackers Crt, Bangalore - India, Kar',5000,'http://www.henryschein.com');
Insert into HWL_CUSTOMERS (CUSTOMER_ID,NAME,ADDRESS,CREDIT_LIMIT,WEBSITE) values (315,'Norfolk Southern','1618 Footloose St, Bangalore - India, Kar',900,'http://www.nscorp.com');
Insert into HWL_CUSTOMERS (CUSTOMER_ID,NAME,ADDRESS,CREDIT_LIMIT,WEBSITE) values (316,'Reinsurance Group of America','1619 Footloose Rd, Bangalore - India, Kar',900,'http://www.rgare.com');
Insert into HWL_CUSTOMERS (CUSTOMER_ID,NAME,ADDRESS,CREDIT_LIMIT,WEBSITE) values (317,'Public Service Enterprise Group','1621 Gargon! Blvd, Bangalore - India, Kar',600,'http://www.pseg.com');
Insert into HWL_CUSTOMERS (CUSTOMER_ID,NAME,ADDRESS,CREDIT_LIMIT,WEBSITE) values (23,'DTE Energy','8110 Jackson Rd, Ann Arbor, MI',200,'http://www.dteenergy.com');
Insert into HWL_CUSTOMERS (CUSTOMER_ID,NAME,ADDRESS,CREDIT_LIMIT,WEBSITE) values (27,'Assurant','101 N Falahee Rd, Jackson, MI',300,'http://www.assurant.com');
Insert into HWL_CUSTOMERS (CUSTOMER_ID,NAME,ADDRESS,CREDIT_LIMIT,WEBSITE) values (37,'Huntsman','555 John F Kennedy Rd, Dubuque, IA',500,'http://www.huntsman.com');
Insert into HWL_CUSTOMERS (CUSTOMER_ID,NAME,ADDRESS,CREDIT_LIMIT,WEBSITE) values (42,'Becton Dickinson','1691 Asbury Rd, Dubuque, IA',500,'http://www.bd.com');
Insert into HWL_CUSTOMERS (CUSTOMER_ID,NAME,ADDRESS,CREDIT_LIMIT,WEBSITE) values (68,'AutoZone','113 N 1St St, Minneapolis, MN',1200,'http://www.autozone.com');
Insert into HWL_CUSTOMERS (CUSTOMER_ID,NAME,ADDRESS,CREDIT_LIMIT,WEBSITE) values (73,'Navistar International','1409 Willow St # 600, Minneapolis, MN',1200,'http://www.navistar.com');
Insert into HWL_CUSTOMERS (CUSTOMER_ID,NAME,ADDRESS,CREDIT_LIMIT,WEBSITE) values (82,'Discover Financial Services','85 High St, Buffalo, NY',1200,'http://www.discoverfinancial.com');
Insert into HWL_CUSTOMERS (CUSTOMER_ID,NAME,ADDRESS,CREDIT_LIMIT,WEBSITE) values (87,'Liberty Interactive','2979 Hamburg St, Schenectady, NY',1200,'http://www.libertyinteractive.com');
Insert into HWL_CUSTOMERS (CUSTOMER_ID,NAME,ADDRESS,CREDIT_LIMIT,WEBSITE) values (116,'Baxter International','810 Race St, Philadelphia, PA',1900,'http://www.baxter.com');
Insert into HWL_CUSTOMERS (CUSTOMER_ID,NAME,ADDRESS,CREDIT_LIMIT,WEBSITE) values (120,'Stryker','135 S 18Th St # 1, Philadelphia, PA',2300,'http://www.stryker.com');
Insert into HWL_CUSTOMERS (CUSTOMER_ID,NAME,ADDRESS,CREDIT_LIMIT,WEBSITE) values (130,'Western Refining','5565 Baynton St, Philadelphia, PA',2400,'http://www.wnr.com');
Insert into HWL_CUSTOMERS (CUSTOMER_ID,NAME,ADDRESS,CREDIT_LIMIT,WEBSITE) values (154,'Universal Health Services','1751 Madison Ave, Council Bluffs, IA',3500,'http://www.uhsinc.com');
Insert into HWL_CUSTOMERS (CUSTOMER_ID,NAME,ADDRESS,CREDIT_LIMIT,WEBSITE) values (158,'Owens & Minor','310 Broadway St, Alexandria, MN',3600,'http://www.owens-minor.com');
Insert into HWL_CUSTOMERS (CUSTOMER_ID,NAME,ADDRESS,CREDIT_LIMIT,WEBSITE) values (168,'Advance Auto Parts','2674 Collingwood St, Detroit, MI',3700,'http://www.advanceautoparts.com');
Insert into HWL_CUSTOMERS (CUSTOMER_ID,NAME,ADDRESS,CREDIT_LIMIT,WEBSITE) values (172,'MasterCard','660 Woodward Ave # 2290, Detroit, MI',3700,'http://www.mastercard.com');
Insert into HWL_CUSTOMERS (CUSTOMER_ID,NAME,ADDRESS,CREDIT_LIMIT,WEBSITE) values (198,'Eastman Chemical','2017 Convoy St, Tokyo, ',2400,'http://www.eastman.com');
Insert into HWL_CUSTOMERS (CUSTOMER_ID,NAME,ADDRESS,CREDIT_LIMIT,WEBSITE) values (202,'Sonic Automotive','Piazza Del Congresso 22, San Giminiano, ',3600,'http://www.sonicautomotive.com');
Insert into HWL_CUSTOMERS (CUSTOMER_ID,NAME,ADDRESS,CREDIT_LIMIT,WEBSITE) values (210,'CST Brands','2033 Spartacus St, Samutprakarn, ',3700,'http://www.cstbrands.com');
Insert into HWL_CUSTOMERS (CUSTOMER_ID,NAME,ADDRESS,CREDIT_LIMIT,WEBSITE) values (214,'eBay','Via Del Disegno 194, Milano, ',1500,'http://www.ebay.com');
Insert into HWL_CUSTOMERS (CUSTOMER_ID,NAME,ADDRESS,CREDIT_LIMIT,WEBSITE) values (222,'GameStop','1605 Bazigar Crt, Pune, ',5000,'http://www.gamestopcorp.com');
Insert into HWL_CUSTOMERS (CUSTOMER_ID,NAME,ADDRESS,CREDIT_LIMIT,WEBSITE) values (225,'Reliance Steel & Aluminum','1609 Pakija Rd, New Delhi, ',3700,'http://www.rsac.com');
Insert into HWL_CUSTOMERS (CUSTOMER_ID,NAME,ADDRESS,CREDIT_LIMIT,WEBSITE) values (247,'Celgene','1667 2010 St, Batavia, Ker',500,'http://www.celgene.com');
Insert into HWL_CUSTOMERS (CUSTOMER_ID,NAME,ADDRESS,CREDIT_LIMIT,WEBSITE) values (250,'Genworth Financial','Piazza Svizzera, Roma, ',2400,'http://www.genworth.com');
Insert into HWL_CUSTOMERS (CUSTOMER_ID,NAME,ADDRESS,CREDIT_LIMIT,WEBSITE) values (258,'Priceline Group','Via Notoriosa 1943, Ventimiglia, ',700,'http://www.pricelinegroup.com');
Insert into HWL_CUSTOMERS (CUSTOMER_ID,NAME,ADDRESS,CREDIT_LIMIT,WEBSITE) values (262,'MGM Resorts International','Piazza Svizzera, San Giminiano, ',100,'http://www.mgmresorts.com');
Insert into HWL_CUSTOMERS (CUSTOMER_ID,NAME,ADDRESS,CREDIT_LIMIT,WEBSITE) values (270,'Fidelity National Financial','Sonnenberg 4, Baden-Daettwil, AG',500,'http://www.fnf.com');
Insert into HWL_CUSTOMERS (CUSTOMER_ID,NAME,ADDRESS,CREDIT_LIMIT,WEBSITE) values (274,'Republic Services','Kreuzritterplatz 5, Baden-Daettwil, AG',3500,'http://www.republicservices.com');
Insert into HWL_CUSTOMERS (CUSTOMER_ID,NAME,ADDRESS,CREDIT_LIMIT,WEBSITE) values (298,'Peter Kiewit Sons?','1592 Silverado St, Bangalore, Kar',1400,'http://www.kiewit.com');
Insert into HWL_CUSTOMERS (CUSTOMER_ID,NAME,ADDRESS,CREDIT_LIMIT,WEBSITE) values (306,'Mosaic','1606 Volunteers Blvd, Bangalore, Kar',3500,'http://www.mosaicco.com');
Insert into HWL_CUSTOMERS (CUSTOMER_ID,NAME,ADDRESS,CREDIT_LIMIT,WEBSITE) values (310,'Core-Mark Holding','1611 Carmen Blvd, Bangalore, Kar',5000,'http://www.core-mark.com');
Insert into HWL_CUSTOMERS (CUSTOMER_ID,NAME,ADDRESS,CREDIT_LIMIT,WEBSITE) values (318,'Cameron International','1667 2010 St, Batavia, IL',200,'http://www.c-a-m.com');
Insert into HWL_CUSTOMERS (CUSTOMER_ID,NAME,ADDRESS,CREDIT_LIMIT,WEBSITE) values (297,'Xcel Energy','1540 Stripes Crt, Baden-Daettwil, AG',400,'http://www.xcelenergy.com');
Insert into HWL_CUSTOMERS (CUSTOMER_ID,NAME,ADDRESS,CREDIT_LIMIT,WEBSITE) values (126,'State Farm Insurance Cos.','223 4Th Ave # 1100, Pittsburgh, PA',2300,'http://www.statefarm.com');
Insert into HWL_CUSTOMERS (CUSTOMER_ID,NAME,ADDRESS,CREDIT_LIMIT,WEBSITE) values (131,'Johnson & Johnson','5640 Fishers Ln, Rockville, MD',2400,'http://www.jnj.com');
Insert into HWL_CUSTOMERS (CUSTOMER_ID,NAME,ADDRESS,CREDIT_LIMIT,WEBSITE) values (134,'Marathon Petroleum','4301 Ashland Ave, Baltimore, MD',2400,'http://www.marathonpetroleum.com');
Insert into HWL_CUSTOMERS (CUSTOMER_ID,NAME,ADDRESS,CREDIT_LIMIT,WEBSITE) values (138,'Aetna','200 E Fort Ave, Baltimore, MD',2400,'http://www.aetna.com');
Insert into HWL_CUSTOMERS (CUSTOMER_ID,NAME,ADDRESS,CREDIT_LIMIT,WEBSITE) values (141,'AIG','12817 Coastal Hwy, Ocean City, MD',2400,'http://www.aig.com');
Insert into HWL_CUSTOMERS (CUSTOMER_ID,NAME,ADDRESS,CREDIT_LIMIT,WEBSITE) values (143,'Intel','9435 Washington Blvd N # M, Laurel, MD',2400,'http://www.intel.com');
Insert into HWL_CUSTOMERS (CUSTOMER_ID,NAME,ADDRESS,CREDIT_LIMIT,WEBSITE) values (147,'Pfizer','206 S Broadway # 707, Rochester, MN',2400,'http://www.pfizer.com');
Insert into HWL_CUSTOMERS (CUSTOMER_ID,NAME,ADDRESS,CREDIT_LIMIT,WEBSITE) values (150,'FedEx','2215 Oak Industrial Dr Ne, Grand Rapids, MI',2400,'http://www.fedex.com');
Insert into HWL_CUSTOMERS (CUSTOMER_ID,NAME,ADDRESS,CREDIT_LIMIT,WEBSITE) values (153,'New York Life Insurance','215 4Th Ave Se, Cedar Rapids, IA',2500,'http://www.newyorklife.com');
Insert into HWL_CUSTOMERS (CUSTOMER_ID,NAME,ADDRESS,CREDIT_LIMIT,WEBSITE) values (157,'Ingram Micro','4811 S 76Th St # 205, Milwaukee, WI',3600,'http://www.ingrammicro.com');
Insert into HWL_CUSTOMERS (CUSTOMER_ID,NAME,ADDRESS,CREDIT_LIMIT,WEBSITE) values (161,'American Airlines Group','800 Carter St, Rochester, NY',3600,'http://www.aa.com');
Insert into HWL_CUSTOMERS (CUSTOMER_ID,NAME,ADDRESS,CREDIT_LIMIT,WEBSITE) values (165,'Johnson Controls','6Th And Master St, Philadelphia, PA',3600,'http://www.johnsoncontrols.com');
Insert into HWL_CUSTOMERS (CUSTOMER_ID,NAME,ADDRESS,CREDIT_LIMIT,WEBSITE) values (170,'Goldman Sachs Group','23985 Bedford Rd N, Battle Creek, MI',3700,'http://www.gs.com');
Insert into HWL_CUSTOMERS (CUSTOMER_ID,NAME,ADDRESS,CREDIT_LIMIT,WEBSITE) values (174,'Oracle','701 Seneca St, Buffalo, NY',5000,'http://www.oracle.com');


REM INSERTING into HWL_CONTACTS
SET DEFINE OFF;
Insert into HWL_CONTACTS (CONTACT_ID,FIRST_NAME,LAST_NAME,EMAIL,MOBILE,CUSTOMER_ID, USER_NAME, PASSWORD) values (106, 'Irvin', 'Leach', 'irvin.leach@walgreensbootsalliance.com', '95126645', 106, 'hwl_user1', 'PmiB142*');
Insert into HWL_CONTACTS (CONTACT_ID,FIRST_NAME,LAST_NAME,EMAIL,MOBILE,CUSTOMER_ID, USER_NAME, PASSWORD) values (107, 'Kellee', 'Molina', 'kellee.molina@hp.com', '81420092', 107, 'hwl_user2', 'ZmlV366+');
Insert into HWL_CONTACTS (CONTACT_ID,FIRST_NAME,LAST_NAME,EMAIL,MOBILE,CUSTOMER_ID, USER_NAME, PASSWORD) values (108, 'Ronny', 'Sykes', 'ronny.sykes@cardinal.com', '95671833', 108, 'hwl_user3', 'AbuJ342+');
Insert into HWL_CONTACTS (CONTACT_ID,FIRST_NAME,LAST_NAME,EMAIL,MOBILE,CUSTOMER_ID, USER_NAME, PASSWORD) values (109, 'Ocie', 'Walton', 'ocie.walton@express-scripts.com', '87398398', 109, 'hwl_user4', 'MeeK708*');
Insert into HWL_CONTACTS (CONTACT_ID,FIRST_NAME,LAST_NAME,EMAIL,MOBILE,CUSTOMER_ID, USER_NAME, PASSWORD) values (110, 'Reva', 'Fuller', 'reva.fuller@jpmorganchase.com', '90508781', 110, 'hwl_user5', 'UepF846+');
Insert into HWL_CONTACTS (CONTACT_ID,FIRST_NAME,LAST_NAME,EMAIL,MOBILE,CUSTOMER_ID, USER_NAME, PASSWORD) values (111, 'Marica', 'Henderson', 'marica.henderson@grainger.com', '98774774', 111, 'hwl_user6', 'BcmX278+');
Insert into HWL_CONTACTS (CONTACT_ID,FIRST_NAME,LAST_NAME,EMAIL,MOBILE,CUSTOMER_ID, USER_NAME, PASSWORD) values (112, 'Vanetta', 'Gross', 'vanetta.gross@boeing.com', '97030741', 112, 'hwl_user7', 'KrrM405*');
Insert into HWL_CONTACTS (CONTACT_ID,FIRST_NAME,LAST_NAME,EMAIL,MOBILE,CUSTOMER_ID, USER_NAME, PASSWORD) values (113, 'Audrea', 'Hayden', 'audrea.hayden@microsoft.com', '82649549', 113, 'hwl_user8', 'MkdI648+');
Insert into HWL_CONTACTS (CONTACT_ID,FIRST_NAME,LAST_NAME,EMAIL,MOBILE,CUSTOMER_ID, USER_NAME, PASSWORD) values (114, 'Neda', 'Mcfadden', 'neda.mcfadden@bankofamerica.com', '90800765', 114, 'hwl_user9', 'BgsD833+');
Insert into HWL_CONTACTS (CONTACT_ID,FIRST_NAME,LAST_NAME,EMAIL,MOBILE,CUSTOMER_ID, USER_NAME, PASSWORD) values (115, 'Dell', 'Wilkinson', 'dell.wilkinson@wellsfargo.com', '82033754', 115, 'hwl_user10', 'RghN740*');
Insert into HWL_CONTACTS (CONTACT_ID,FIRST_NAME,LAST_NAME,EMAIL,MOBILE,CUSTOMER_ID, USER_NAME, PASSWORD) values (116, 'Sharee', 'Carver', 'sharee.carver@baxter.com', '86935500', 116, 'hwl_user11', 'GreU633+');
Insert into HWL_CONTACTS (CONTACT_ID,FIRST_NAME,LAST_NAME,EMAIL,MOBILE,CUSTOMER_ID, USER_NAME, PASSWORD) values (117, 'Joaquina', 'Mcconnell', 'joaquina.mcconnell@homedepot.com', '95933630', 117, 'hwl_user12', 'RsjO306+');
Insert into HWL_CONTACTS (CONTACT_ID,FIRST_NAME,LAST_NAME,EMAIL,MOBILE,CUSTOMER_ID, USER_NAME, PASSWORD) values (118, 'Carlyn', 'Calderon', 'carlyn.calderon@citigroup.com', '98306906', 118, 'hwl_user13', 'RdiG356+');
Insert into HWL_CONTACTS (CONTACT_ID,FIRST_NAME,LAST_NAME,EMAIL,MOBILE,CUSTOMER_ID, USER_NAME, PASSWORD) values (119, 'Olga', 'Wilkins', 'olga.wilkins@phillips66.com', '95323910', 119, 'hwl_user14', 'UjmL129*');
Insert into HWL_CONTACTS (CONTACT_ID,FIRST_NAME,LAST_NAME,EMAIL,MOBILE,CUSTOMER_ID, USER_NAME, PASSWORD) values (120, 'Delpha', 'Golden', 'delpha.golden@stryker.com', '94197862', 120, 'hwl_user15', 'FewF399*');
Insert into HWL_CONTACTS (CONTACT_ID,FIRST_NAME,LAST_NAME,EMAIL,MOBILE,CUSTOMER_ID, USER_NAME, PASSWORD) values (121, 'Sharell', 'Branch', 'sharell.branch@ibm.com', '93319759', 121, 'hwl_user16', 'NkeP170*');
Insert into HWL_CONTACTS (CONTACT_ID,FIRST_NAME,LAST_NAME,EMAIL,MOBILE,CUSTOMER_ID, USER_NAME, PASSWORD) values (122, 'Eleanor', 'Farley', 'eleanor.farley@valero.com', '81473230', 122, 'hwl_user17', 'FtpN485+');
Insert into HWL_CONTACTS (CONTACT_ID,FIRST_NAME,LAST_NAME,EMAIL,MOBILE,CUSTOMER_ID, USER_NAME, PASSWORD) values (123, 'Justina', 'Hayes', 'justina.hayes@antheminc.com', '93034858', 123, 'hwl_user18', 'MgeO964+');
Insert into HWL_CONTACTS (CONTACT_ID,FIRST_NAME,LAST_NAME,EMAIL,MOBILE,CUSTOMER_ID, USER_NAME, PASSWORD) values (124, 'Omer', 'Macdonald', 'omer.macdonald@pg.com', '96275949', 124, 'hwl_user19', 'AgxG498*');
Insert into HWL_CONTACTS (CONTACT_ID,FIRST_NAME,LAST_NAME,EMAIL,MOBILE,CUSTOMER_ID, USER_NAME, PASSWORD) values (125, 'Roseline', 'Hill', 'roseline.hill@airproducts.com', '94696539', 125, 'hwl_user20', 'IdjD153*');
Insert into HWL_CONTACTS (CONTACT_ID,FIRST_NAME,LAST_NAME,EMAIL,MOBILE,CUSTOMER_ID, USER_NAME, PASSWORD) values (126, 'Janeen', 'Holt', 'janeen.holt@statefarm.com', '89424681', 126, 'hwl_user21', 'RyzD554*');
Insert into HWL_CONTACTS (CONTACT_ID,FIRST_NAME,LAST_NAME,EMAIL,MOBILE,CUSTOMER_ID, USER_NAME, PASSWORD) values (127, 'Tory', 'Avila', 'tory.avila@google.com', '91601823', 127, 'hwl_user22', 'EgoX978+');
Insert into HWL_CONTACTS (CONTACT_ID,FIRST_NAME,LAST_NAME,EMAIL,MOBILE,CUSTOMER_ID, USER_NAME, PASSWORD) values (128, 'Keila', 'Slater', 'keila.slater@comcastcorporation.com', '94384311', 128, 'hwl_user23', 'SuyW903*');
Insert into HWL_CONTACTS (CONTACT_ID,FIRST_NAME,LAST_NAME,EMAIL,MOBILE,CUSTOMER_ID, USER_NAME, PASSWORD) values (129, 'Jazmin', 'Burch', 'jazmin.burch@target.com', '88752611', 129, 'hwl_user24', 'LbaF460*');
Insert into HWL_CONTACTS (CONTACT_ID,FIRST_NAME,LAST_NAME,EMAIL,MOBILE,CUSTOMER_ID, USER_NAME, PASSWORD) values (130, 'Tandy', 'Ramsey', 'tandy.ramsey@wnr.com', '90567677', 130, 'hwl_user25', 'IipC414*');
Insert into HWL_CONTACTS (CONTACT_ID,FIRST_NAME,LAST_NAME,EMAIL,MOBILE,CUSTOMER_ID, USER_NAME, PASSWORD) values (131, 'Debra', 'Herring', 'debra.herring@jnj.com', '96714892', 131, 'hwl_user26', 'EiqZ515+');
Insert into HWL_CONTACTS (CONTACT_ID,FIRST_NAME,LAST_NAME,EMAIL,MOBILE,CUSTOMER_ID, USER_NAME, PASSWORD) values (132, 'Monnie', 'Walker', 'monnie.walker@metlife.com', '96718570', 132, 'hwl_user27', 'MzmT850*');
Insert into HWL_CONTACTS (CONTACT_ID,FIRST_NAME,LAST_NAME,EMAIL,MOBILE,CUSTOMER_ID, USER_NAME, PASSWORD) values (133, 'Alvaro', 'Hooper', 'alvaro.hooper@adm.com', '87541047', 133, 'hwl_user28', 'OlvB944*');
Insert into HWL_CONTACTS (CONTACT_ID,FIRST_NAME,LAST_NAME,EMAIL,MOBILE,CUSTOMER_ID, USER_NAME, PASSWORD) values (134, 'Leandro', 'West', 'leandro.west@marathonpetroleum.com', '94983131', 134, 'hwl_user29', 'CcoC988*');
Insert into HWL_CONTACTS (CONTACT_ID,FIRST_NAME,LAST_NAME,EMAIL,MOBILE,CUSTOMER_ID, USER_NAME, PASSWORD) values (135, 'Lurline', 'Dennis', 'lurline.dennis@freddiemac.com', '94104928', 135, 'hwl_user30', 'LbgH544*');
Insert into HWL_CONTACTS (CONTACT_ID,FIRST_NAME,LAST_NAME,EMAIL,MOBILE,CUSTOMER_ID, USER_NAME, PASSWORD) values (136, 'Aurea', 'Sanders', 'aurea.sanders@pepsico.com', '98689429', 136, 'hwl_user31', 'RpdC925*');
Insert into HWL_CONTACTS (CONTACT_ID,FIRST_NAME,LAST_NAME,EMAIL,MOBILE,CUSTOMER_ID, USER_NAME, PASSWORD) values (137, 'Stacia', 'Rutledge', 'stacia.rutledge@utc.com', '91807366', 137, 'hwl_user32', 'EvvV984+');
Insert into HWL_CONTACTS (CONTACT_ID,FIRST_NAME,LAST_NAME,EMAIL,MOBILE,CUSTOMER_ID, USER_NAME, PASSWORD) values (138, 'Philomena', 'Elliott', 'philomena.elliott@aetna.com', '85690670', 138, 'hwl_user33', 'DrlT870+');
Insert into HWL_CONTACTS (CONTACT_ID,FIRST_NAME,LAST_NAME,EMAIL,MOBILE,CUSTOMER_ID, USER_NAME, PASSWORD) values (139, 'Gonzalo', 'Stone', 'gonzalo.stone@lowes.com', '98707107', 139, 'hwl_user34', 'KcuC451+');
Insert into HWL_CONTACTS (CONTACT_ID,FIRST_NAME,LAST_NAME,EMAIL,MOBILE,CUSTOMER_ID, USER_NAME, PASSWORD) values (140, 'So', 'Hardin', 'so.hardin@ups.com', '85440311', 140, 'hwl_user35', 'WtaW403+');
Insert into HWL_CONTACTS (CONTACT_ID,FIRST_NAME,LAST_NAME,EMAIL,MOBILE,CUSTOMER_ID, USER_NAME, PASSWORD) values (141, 'Lauren', 'Rodriquez', 'lauren.rodriquez@aig.com', '89855912', 141, 'hwl_user36', 'SsiY627*');
Insert into HWL_CONTACTS (CONTACT_ID,FIRST_NAME,LAST_NAME,EMAIL,MOBILE,CUSTOMER_ID, USER_NAME, PASSWORD) values (142, 'Loan', 'Patton', 'loan.patton@prudential.com', '85302282', 142, 'hwl_user37', 'QgfL656*');
Insert into HWL_CONTACTS (CONTACT_ID,FIRST_NAME,LAST_NAME,EMAIL,MOBILE,CUSTOMER_ID, USER_NAME, PASSWORD) values (143, 'Ha', 'Lowe', 'ha.lowe@intel.com', '81558450', 143, 'hwl_user38', 'VuzP773*');
Insert into HWL_CONTACTS (CONTACT_ID,FIRST_NAME,LAST_NAME,EMAIL,MOBILE,CUSTOMER_ID, USER_NAME, PASSWORD) values (144, 'Alexandra', 'Mcgowan', 'alexandra.mcgowan@humana.com', '93536066', 144, 'hwl_user39', 'UwaB172*');
Insert into HWL_CONTACTS (CONTACT_ID,FIRST_NAME,LAST_NAME,EMAIL,MOBILE,CUSTOMER_ID, USER_NAME, PASSWORD) values (145, 'Melissa', 'Nichols', 'melissa.nichols@disney.com', '80658359', 145, 'hwl_user40', 'HcfO152+');
Insert into HWL_CONTACTS (CONTACT_ID,FIRST_NAME,LAST_NAME,EMAIL,MOBILE,CUSTOMER_ID, USER_NAME, PASSWORD) values (146, 'Keesha', 'Cohen', 'keesha.cohen@cisco.com', '98526537', 146, 'hwl_user41', 'WaoR868*');
Insert into HWL_CONTACTS (CONTACT_ID,FIRST_NAME,LAST_NAME,EMAIL,MOBILE,CUSTOMER_ID, USER_NAME, PASSWORD) values (147, 'Elvera', 'Benson', 'elvera.benson@pfizer.com', '83643862', 147, 'hwl_user42', 'FvvF508+');
Insert into HWL_CONTACTS (CONTACT_ID,FIRST_NAME,LAST_NAME,EMAIL,MOBILE,CUSTOMER_ID, USER_NAME, PASSWORD) values (148, 'Lanora', 'Ray', 'lanora.ray@dow.com', '99586158', 148, 'hwl_user43', 'EwcN162*');
Insert into HWL_CONTACTS (CONTACT_ID,FIRST_NAME,LAST_NAME,EMAIL,MOBILE,CUSTOMER_ID, USER_NAME, PASSWORD) values (149, 'Jimmy', 'Weber', 'jimmy.weber@sysco.com', '92350324', 149, 'hwl_user44', 'KfaP487+');
Insert into HWL_CONTACTS (CONTACT_ID,FIRST_NAME,LAST_NAME,EMAIL,MOBILE,CUSTOMER_ID, USER_NAME, PASSWORD) values (150, 'Mae', 'Wilkinson', 'mae.wilkinson@fedex.com', '90975042', 150, 'hwl_user45', 'CztZ138+');
Insert into HWL_CONTACTS (CONTACT_ID,FIRST_NAME,LAST_NAME,EMAIL,MOBILE,CUSTOMER_ID, USER_NAME, PASSWORD) values (151, 'Lino', 'Noble', 'lino.noble@caterpillar.com', '81768281', 151, 'hwl_user46', 'OkfM496+');
Insert into HWL_CONTACTS (CONTACT_ID,FIRST_NAME,LAST_NAME,EMAIL,MOBILE,CUSTOMER_ID, USER_NAME, PASSWORD) values (152, 'Kathie', 'Jordan', 'kathie.jordan@lockheedmartin.com', '80895874', 152, 'hwl_user47', 'KtfB850+');
Insert into HWL_CONTACTS (CONTACT_ID,FIRST_NAME,LAST_NAME,EMAIL,MOBILE,CUSTOMER_ID, USER_NAME, PASSWORD) values (153, 'Heike', 'Emerson', 'heike.emerson@newyorklife.com', '93034189', 153, 'hwl_user48', 'WzdE642+');
Insert into HWL_CONTACTS (CONTACT_ID,FIRST_NAME,LAST_NAME,EMAIL,MOBILE,CUSTOMER_ID, USER_NAME, PASSWORD) values (154, 'Princess', 'Jones', 'princess.jones@uhsinc.com', '96388726', 154, 'hwl_user49', 'OjwZ880*');
Insert into HWL_CONTACTS (CONTACT_ID,FIRST_NAME,LAST_NAME,EMAIL,MOBILE,CUSTOMER_ID, USER_NAME, PASSWORD) values (155, 'Doretha', 'Tyler', 'doretha.tyler@coca-colacompany.com', '88655198', 155, 'hwl_user50', 'VprQ631*');
Insert into HWL_CONTACTS (CONTACT_ID,FIRST_NAME,LAST_NAME,EMAIL,MOBILE,CUSTOMER_ID, USER_NAME, PASSWORD) values (156, 'Emilio', 'Duncan', 'emilio.duncan@hcahealthcare.com', '84056557', 156, 'hwl_user51', 'ExtY795*');
Insert into HWL_CONTACTS (CONTACT_ID,FIRST_NAME,LAST_NAME,EMAIL,MOBILE,CUSTOMER_ID, USER_NAME, PASSWORD) values (157, 'Glinda', 'Lambert', 'glinda.lambert@ingrammicro.com', '94300479', 157, 'hwl_user52', 'AjmT934+');
Insert into HWL_CONTACTS (CONTACT_ID,FIRST_NAME,LAST_NAME,EMAIL,MOBILE,CUSTOMER_ID, USER_NAME, PASSWORD) values (158, 'Emery', 'Schneider', 'emery.schneider@owens-minor.com', '97412781', 158, 'hwl_user53', 'EogP918+');
Insert into HWL_CONTACTS (CONTACT_ID,FIRST_NAME,LAST_NAME,EMAIL,MOBILE,CUSTOMER_ID, USER_NAME, PASSWORD) values (159, 'Amado', 'Jefferson', 'amado.jefferson@energytransfer.com', '88222964', 159, 'hwl_user54', 'QbvP120*');
Insert into HWL_CONTACTS (CONTACT_ID,FIRST_NAME,LAST_NAME,EMAIL,MOBILE,CUSTOMER_ID, USER_NAME, PASSWORD) values (160, 'Hisako', 'Herrera', 'hisako.herrera@tysonfoods.com', '94961061', 160, 'hwl_user55', 'LouY344+');
Insert into HWL_CONTACTS (CONTACT_ID,FIRST_NAME,LAST_NAME,EMAIL,MOBILE,CUSTOMER_ID, USER_NAME, PASSWORD) values (161, 'Jamee', 'Mclaughlin', 'jamee.mclaughlin@aa.com', '90915182', 161, 'hwl_user56', 'IklW659*');
Insert into HWL_CONTACTS (CONTACT_ID,FIRST_NAME,LAST_NAME,EMAIL,MOBILE,CUSTOMER_ID, USER_NAME, PASSWORD) values (162, 'Audrie', 'Cannon', 'audrie.cannon@delta.com', '83669054', 162, 'hwl_user57', 'HdkM481+');
Insert into HWL_CONTACTS (CONTACT_ID,FIRST_NAME,LAST_NAME,EMAIL,MOBILE,CUSTOMER_ID, USER_NAME, PASSWORD) values (163, 'Lacey', 'Walters', 'lacey.walters@charter.com', '80619904', 163, 'hwl_user58', 'EygS148*');
Insert into HWL_CONTACTS (CONTACT_ID,FIRST_NAME,LAST_NAME,EMAIL,MOBILE,CUSTOMER_ID, USER_NAME, PASSWORD) values (164, 'Weldon', 'Robinson', 'weldon.robinson@nationwide.com', '99208993', 164, 'hwl_user59', 'LbwV492+');
Insert into HWL_CONTACTS (CONTACT_ID,FIRST_NAME,LAST_NAME,EMAIL,MOBILE,CUSTOMER_ID, USER_NAME, PASSWORD) values (165, 'Solange', 'Gates', 'solange.gates@johnsoncontrols.com', '94104846', 165, 'hwl_user60', 'LuzC108*');
Insert into HWL_CONTACTS (CONTACT_ID,FIRST_NAME,LAST_NAME,EMAIL,MOBILE,CUSTOMER_ID, USER_NAME, PASSWORD) values (166, 'Jame', 'Calhoun', 'jame.calhoun@bestbuy.com', '90051394', 166, 'hwl_user61', 'NnuI679+');
Insert into HWL_CONTACTS (CONTACT_ID,FIRST_NAME,LAST_NAME,EMAIL,MOBILE,CUSTOMER_ID, USER_NAME, PASSWORD) values (167, 'Stefan', 'Walters', 'stefan.walters@merck.com', '87539119', 167, 'hwl_user62', 'ZdxD778*');
Insert into HWL_CONTACTS (CONTACT_ID,FIRST_NAME,LAST_NAME,EMAIL,MOBILE,CUSTOMER_ID, USER_NAME, PASSWORD) values (168, 'Arlene', 'Elliott', 'arlene.elliott@advanceautoparts.com', '86129661', 168, 'hwl_user63', 'ZmhW475*');
Insert into HWL_CONTACTS (CONTACT_ID,FIRST_NAME,LAST_NAME,EMAIL,MOBILE,CUSTOMER_ID, USER_NAME, PASSWORD) values (169, 'Sofia', 'Burnett', 'sofia.burnett@libertymutual.com', '99269800', 169, 'hwl_user64', 'UjwS201+');
Insert into HWL_CONTACTS (CONTACT_ID,FIRST_NAME,LAST_NAME,EMAIL,MOBILE,CUSTOMER_ID, USER_NAME, PASSWORD) values (170, 'Christal', 'Grant', 'christal.grant@gs.com', '85027043', 170, 'hwl_user65', 'DrqD916*');
Insert into HWL_CONTACTS (CONTACT_ID,FIRST_NAME,LAST_NAME,EMAIL,MOBILE,CUSTOMER_ID, USER_NAME, PASSWORD) values (171, 'Violeta', 'Stokes', 'violeta.stokes@honeywell.com', '83074084', 171, 'hwl_user66', 'FipN269+');
Insert into HWL_CONTACTS (CONTACT_ID,FIRST_NAME,LAST_NAME,EMAIL,MOBILE,CUSTOMER_ID, USER_NAME, PASSWORD) values (172, 'Jackeline', 'Finley', 'jackeline.finley@mastercard.com', '82696995', 172, 'hwl_user67', 'LbfW417+');
Insert into HWL_CONTACTS (CONTACT_ID,FIRST_NAME,LAST_NAME,EMAIL,MOBILE,CUSTOMER_ID, USER_NAME, PASSWORD) values (173, 'Heidy', 'Massey', 'heidy.massey@massmutual.com', '83863183', 173, 'hwl_user68', 'QjfV424*');
Insert into HWL_CONTACTS (CONTACT_ID,FIRST_NAME,LAST_NAME,EMAIL,MOBILE,CUSTOMER_ID, USER_NAME, PASSWORD) values (174, 'Yolando', 'Wilkerson', 'yolando.wilkerson@oracle.com', '86826410', 174, 'hwl_user69', 'GaqK672*');
Insert into HWL_CONTACTS (CONTACT_ID,FIRST_NAME,LAST_NAME,EMAIL,MOBILE,CUSTOMER_ID, USER_NAME, PASSWORD) values (175, 'Lucinda', 'Hurley', 'lucinda.hurley@morganstanley.com', '97459035', 175, 'hwl_user70', 'FpcT852+');
Insert into HWL_CONTACTS (CONTACT_ID,FIRST_NAME,LAST_NAME,EMAIL,MOBILE,CUSTOMER_ID, USER_NAME, PASSWORD) values (176, 'Gita', 'Logan', 'gita.logan@cigna.com', '86275296', 176, 'hwl_user71', 'AtfG643*');
Insert into HWL_CONTACTS (CONTACT_ID,FIRST_NAME,LAST_NAME,EMAIL,MOBILE,CUSTOMER_ID, USER_NAME, PASSWORD) values (177, 'Felicita', 'Alston', 'felicita.alston@unitedcontinentalholdings.com', '99625445', 177, 'hwl_user72', 'InnM336*');
Insert into HWL_CONTACTS (CONTACT_ID,FIRST_NAME,LAST_NAME,EMAIL,MOBILE,CUSTOMER_ID, USER_NAME, PASSWORD) values (178, 'Lela', 'Ewing', 'lela.ewing@allstate.com', '87713950', 178, 'hwl_user73', 'TijC544*');
Insert into HWL_CONTACTS (CONTACT_ID,FIRST_NAME,LAST_NAME,EMAIL,MOBILE,CUSTOMER_ID, USER_NAME, PASSWORD) values (179, 'Gabriel', 'Pollard', 'gabriel.pollard@tiaa.org', '97099418', 179, 'hwl_user74', 'SxpY691+');
Insert into HWL_CONTACTS (CONTACT_ID,FIRST_NAME,LAST_NAME,EMAIL,MOBILE,CUSTOMER_ID, USER_NAME, PASSWORD) values (180, 'Vincenza', 'Walton', 'vincenza.walton@intlfcstone.com', '89820911', 180, 'hwl_user75', 'QbmM492*');
Insert into HWL_CONTACTS (CONTACT_ID,FIRST_NAME,LAST_NAME,EMAIL,MOBILE,CUSTOMER_ID, USER_NAME, PASSWORD) values (181, 'Shandra', 'Higgins', 'shandra.higgins@chsinc.com', '95465088', 181, 'hwl_user76', 'ZenI682*');
Insert into HWL_CONTACTS (CONTACT_ID,FIRST_NAME,LAST_NAME,EMAIL,MOBILE,CUSTOMER_ID, USER_NAME, PASSWORD) values (182, 'Thomasena', 'Pickett', 'thomasena.pickett@americanexpress.com', '82666400', 182, 'hwl_user77', 'BkyN987*');
Insert into HWL_CONTACTS (CONTACT_ID,FIRST_NAME,LAST_NAME,EMAIL,MOBILE,CUSTOMER_ID, USER_NAME, PASSWORD) values (183, 'Aaron', 'Holder', 'aaron.holder@gilead.com', '97785047', 183, 'hwl_user78', 'ZuiU265+');
Insert into HWL_CONTACTS (CONTACT_ID,FIRST_NAME,LAST_NAME,EMAIL,MOBILE,CUSTOMER_ID, USER_NAME, PASSWORD) values (184, 'Carlos', 'Moody', 'carlos.moody@publix.com', '85633986', 184, 'hwl_user79', 'AtoI604*');
Insert into HWL_CONTACTS (CONTACT_ID,FIRST_NAME,LAST_NAME,EMAIL,MOBILE,CUSTOMER_ID, USER_NAME, PASSWORD) values (185, 'Javier', 'Kim', 'javier.kim@generaldynamics.com', '80735314', 185, 'hwl_user80', 'CwtA392+');
Insert into HWL_CONTACTS (CONTACT_ID,FIRST_NAME,LAST_NAME,EMAIL,MOBILE,CUSTOMER_ID, USER_NAME, PASSWORD) values (186, 'Fran', 'Battle', 'fran.battle@tjx.com', '86073837', 186, 'hwl_user81', 'LsaL601+');
Insert into HWL_CONTACTS (CONTACT_ID,FIRST_NAME,LAST_NAME,EMAIL,MOBILE,CUSTOMER_ID, USER_NAME, PASSWORD) values (187, 'Shelia', 'Brewer', 'shelia.brewer@conocophillips.com', '90006389', 187, 'hwl_user82', 'QxdJ601*');
Insert into HWL_CONTACTS (CONTACT_ID,FIRST_NAME,LAST_NAME,EMAIL,MOBILE,CUSTOMER_ID, USER_NAME, PASSWORD) values (188, 'Jeri', 'Randall', 'jeri.randall@nike.com', '94161606', 188, 'hwl_user83', 'GrbS264+');
Insert into HWL_CONTACTS (CONTACT_ID,FIRST_NAME,LAST_NAME,EMAIL,MOBILE,CUSTOMER_ID, USER_NAME, PASSWORD) values (189, 'Jermaine', 'Cote', 'jermaine.cote@wfscorp.com', '89500153', 189, 'hwl_user84', 'VojQ285+');
Insert into HWL_CONTACTS (CONTACT_ID,FIRST_NAME,LAST_NAME,EMAIL,MOBILE,CUSTOMER_ID, USER_NAME, PASSWORD) values (190, 'Kenneth', 'Simmons', 'kenneth.simmons@3m.com', '82182308', 190, 'hwl_user85', 'QobE109*');
Insert into HWL_CONTACTS (CONTACT_ID,FIRST_NAME,LAST_NAME,EMAIL,MOBILE,CUSTOMER_ID, USER_NAME, PASSWORD) values (191, 'Dulce', 'Matthews', 'dulce.matthews@mondelezinternational.com', '98297685', 191, 'hwl_user86', 'YhrS740+');
Insert into HWL_CONTACTS (CONTACT_ID,FIRST_NAME,LAST_NAME,EMAIL,MOBILE,CUSTOMER_ID, USER_NAME, PASSWORD) values (192, 'Kristle', 'Cain', 'kristle.cain@exeloncorp.com', '90941290', 192, 'hwl_user87', 'BowM798+');
Insert into HWL_CONTACTS (CONTACT_ID,FIRST_NAME,LAST_NAME,EMAIL,MOBILE,CUSTOMER_ID, USER_NAME, PASSWORD) values (193, 'Erika', 'Murray', 'erika.murray@21cf.com', '88521510', 193, 'hwl_user88', 'VjxL322+');
Insert into HWL_CONTACTS (CONTACT_ID,FIRST_NAME,LAST_NAME,EMAIL,MOBILE,CUSTOMER_ID, USER_NAME, PASSWORD) values (194, 'Maud', 'Cohen', 'maud.cohen@johndeere.com', '81922248', 194, 'hwl_user89', 'FlqT310+');
Insert into HWL_CONTACTS (CONTACT_ID,FIRST_NAME,LAST_NAME,EMAIL,MOBILE,CUSTOMER_ID, USER_NAME, PASSWORD) values (195, 'Rolanda', 'Vang', 'rolanda.vang@appliedmaterials.com', '96316751', 195, 'hwl_user90', 'ZglK347+');
Insert into HWL_CONTACTS (CONTACT_ID,FIRST_NAME,LAST_NAME,EMAIL,MOBILE,CUSTOMER_ID, USER_NAME, PASSWORD) values (196, 'Renea', 'Carney', 'renea.carney@dupont.com', '92204314', 196, 'hwl_user91', 'XrnB631+');
Insert into HWL_CONTACTS (CONTACT_ID,FIRST_NAME,LAST_NAME,EMAIL,MOBILE,CUSTOMER_ID, USER_NAME, PASSWORD) values (197, 'Sybil', 'Harding', 'sybil.harding@avnet.com', '99413488', 197, 'hwl_user92', 'LdiY682*');
Insert into HWL_CONTACTS (CONTACT_ID,FIRST_NAME,LAST_NAME,EMAIL,MOBILE,CUSTOMER_ID, USER_NAME, PASSWORD) values (198, 'Colette', 'Estrada', 'colette.estrada@eastman.com', '82595547', 198, 'hwl_user93', 'UzbF737*');
Insert into HWL_CONTACTS (CONTACT_ID,FIRST_NAME,LAST_NAME,EMAIL,MOBILE,CUSTOMER_ID, USER_NAME, PASSWORD) values (199, 'Maximo', 'Ortega', 'maximo.ortega@macysinc.com', '82443261', 199, 'hwl_user94', 'UyoS802+');
Insert into HWL_CONTACTS (CONTACT_ID,FIRST_NAME,LAST_NAME,EMAIL,MOBILE,CUSTOMER_ID, USER_NAME, PASSWORD) values (200, 'Kina', 'Larsen', 'kina.larsen@enterpriseproducts.com', '95864754', 200, 'hwl_user95', 'YjaQ614+');
Insert into HWL_CONTACTS (CONTACT_ID,FIRST_NAME,LAST_NAME,EMAIL,MOBILE,CUSTOMER_ID, USER_NAME, PASSWORD) values (201, 'Jarvis', 'Allison', 'jarvis.allison@travelers.com', '82681067', 201, 'hwl_user96', 'RibA432*');
Insert into HWL_CONTACTS (CONTACT_ID,FIRST_NAME,LAST_NAME,EMAIL,MOBILE,CUSTOMER_ID, USER_NAME, PASSWORD) values (202, 'Collene', 'Newton', 'collene.newton@sonicautomotive.com', '91831779', 202, 'hwl_user97', 'PyzF767*');
Insert into HWL_CONTACTS (CONTACT_ID,FIRST_NAME,LAST_NAME,EMAIL,MOBILE,CUSTOMER_ID, USER_NAME, PASSWORD) values (203, 'Vella', 'Hancock', 'vella.hancock@pmi.com', '90811263', 203, 'hwl_user98', 'PgsE544+');
Insert into HWL_CONTACTS (CONTACT_ID,FIRST_NAME,LAST_NAME,EMAIL,MOBILE,CUSTOMER_ID, USER_NAME, PASSWORD) values (204, 'Retta', 'Martinez', 'retta.martinez@riteaid.com', '98772972', 204, 'hwl_user99', 'EvyM607*');
Insert into HWL_CONTACTS (CONTACT_ID,FIRST_NAME,LAST_NAME,EMAIL,MOBILE,CUSTOMER_ID, USER_NAME, PASSWORD) values (205, 'Annelle', 'Lawrence', 'annelle.lawrence@techdata.com', '83973052', 205, 'hwl_user100', 'EigP543*');
Insert into HWL_CONTACTS (CONTACT_ID,FIRST_NAME,LAST_NAME,EMAIL,MOBILE,CUSTOMER_ID, USER_NAME, PASSWORD) values (206, 'Sherron', 'Simon', 'sherron.simon@ally.com', '83318498', 206, 'hwl_user101', 'AyvQ805+');
Insert into HWL_CONTACTS (CONTACT_ID,FIRST_NAME,LAST_NAME,EMAIL,MOBILE,CUSTOMER_ID, USER_NAME, PASSWORD) values (207, 'Carita', 'Mcintyre', 'carita.mcintyre@northwesternmutual.com', '97975288', 207, 'hwl_user102', 'VgyP699*');
Insert into HWL_CONTACTS (CONTACT_ID,FIRST_NAME,LAST_NAME,EMAIL,MOBILE,CUSTOMER_ID, USER_NAME, PASSWORD) values (1, 'Flor', 'Stone', 'flor.stone@raytheon.com', '94126522', 1, 'hwl_user103', 'IicX910*');
Insert into HWL_CONTACTS (CONTACT_ID,FIRST_NAME,LAST_NAME,EMAIL,MOBILE,CUSTOMER_ID, USER_NAME, PASSWORD) values (2, 'Lavera', 'Emerson', 'lavera.emerson@plainsallamerican.com', '98547021', 2, 'hwl_user104', 'GguN115+');
Insert into HWL_CONTACTS (CONTACT_ID,FIRST_NAME,LAST_NAME,EMAIL,MOBILE,CUSTOMER_ID, USER_NAME, PASSWORD) values (3, 'Fern', 'Head', 'fern.head@usfoods.com', '86238432', 3, 'hwl_user105', 'CplM446+');
Insert into HWL_CONTACTS (CONTACT_ID,FIRST_NAME,LAST_NAME,EMAIL,MOBILE,CUSTOMER_ID, USER_NAME, PASSWORD) values (4, 'Shyla', 'Ortiz', 'shyla.ortiz@abbvie.com', '86086071', 4, 'hwl_user106', 'WyzH141*');
Insert into HWL_CONTACTS (CONTACT_ID,FIRST_NAME,LAST_NAME,EMAIL,MOBILE,CUSTOMER_ID, USER_NAME, PASSWORD) values (5, 'Jeni', 'Levy', 'jeni.levy@centene.com', '95561341', 5, 'hwl_user107', 'BzuC207*');
Insert into HWL_CONTACTS (CONTACT_ID,FIRST_NAME,LAST_NAME,EMAIL,MOBILE,CUSTOMER_ID, USER_NAME, PASSWORD) values (6, 'Matthias', 'Hannah', 'matthias.hannah@chs.net', '90820391', 6, 'hwl_user108', 'NviK219+');
Insert into HWL_CONTACTS (CONTACT_ID,FIRST_NAME,LAST_NAME,EMAIL,MOBILE,CUSTOMER_ID, USER_NAME, PASSWORD) values (7, 'Matthias', 'Cruise', 'matthias.cruise@alcoa.com', '88954351', 7, 'hwl_user109', 'NtpN407+');
Insert into HWL_CONTACTS (CONTACT_ID,FIRST_NAME,LAST_NAME,EMAIL,MOBILE,CUSTOMER_ID, USER_NAME, PASSWORD) values (8, 'Meenakshi', 'Mason', 'meenakshi.mason@internationalpaper.com', '96414120', 8, 'hwl_user110', 'KgsP747*');
Insert into HWL_CONTACTS (CONTACT_ID,FIRST_NAME,LAST_NAME,EMAIL,MOBILE,CUSTOMER_ID, USER_NAME, PASSWORD) values (9, 'Christian', 'Cage', 'christian.cage@emerson.com', '87532645', 9, 'hwl_user111', 'MggX971*');
Insert into HWL_CONTACTS (CONTACT_ID,FIRST_NAME,LAST_NAME,EMAIL,MOBILE,CUSTOMER_ID, USER_NAME, PASSWORD) values (10, 'Charlie', 'Sutherland', 'charlie.sutherland@up.com', '97928529', 10, 'hwl_user112', 'MpdY437*');
Insert into HWL_CONTACTS (CONTACT_ID,FIRST_NAME,LAST_NAME,EMAIL,MOBILE,CUSTOMER_ID, USER_NAME, PASSWORD) values (11, 'Charlie', 'Pacino', 'charlie.pacino@amgen.com', '97331647', 11, 'hwl_user113', 'IvdO812+');
Insert into HWL_CONTACTS (CONTACT_ID,FIRST_NAME,LAST_NAME,EMAIL,MOBILE,CUSTOMER_ID, USER_NAME, PASSWORD) values (12, 'Guillaume', 'Jackson', 'guillaume.jackson@usbank.com', '83856022', 12, 'hwl_user114', 'VskM610*');
Insert into HWL_CONTACTS (CONTACT_ID,FIRST_NAME,LAST_NAME,EMAIL,MOBILE,CUSTOMER_ID, USER_NAME, PASSWORD) values (13, 'Daniel', 'Costner', 'daniel.costner@staples.com', '96529603', 13, 'hwl_user115', 'RlkZ229+');
Insert into HWL_CONTACTS (CONTACT_ID,FIRST_NAME,LAST_NAME,EMAIL,MOBILE,CUSTOMER_ID, USER_NAME, PASSWORD) values (14, 'Dianne', 'Derek', 'dianne.derek@danaher.com', '91168267', 14, 'hwl_user116', 'LwjJ784+');
Insert into HWL_CONTACTS (CONTACT_ID,FIRST_NAME,LAST_NAME,EMAIL,MOBILE,CUSTOMER_ID, USER_NAME, PASSWORD) values (15, 'Geraldine', 'Schneider', 'geraldine.schneider@whirlpoolcorp.com', '96123378', 15, 'hwl_user117', 'IntP339+');
Insert into HWL_CONTACTS (CONTACT_ID,FIRST_NAME,LAST_NAME,EMAIL,MOBILE,CUSTOMER_ID, USER_NAME, PASSWORD) values (16, 'Geraldine', 'Martin', 'geraldine.martin@aflac.com', '89595693', 16, 'hwl_user118', 'JidG130+');
Insert into HWL_CONTACTS (CONTACT_ID,FIRST_NAME,LAST_NAME,EMAIL,MOBILE,CUSTOMER_ID, USER_NAME, PASSWORD) values (17, 'Guillaume', 'Edwards', 'guillaume.edwards@autonation.com', '80607087', 17, 'hwl_user119', 'CdwH533+');
Insert into HWL_CONTACTS (CONTACT_ID,FIRST_NAME,LAST_NAME,EMAIL,MOBILE,CUSTOMER_ID, USER_NAME, PASSWORD) values (18, 'Maurice', 'Mahoney', 'maurice.mahoney@progressive.com', '83835961', 18, 'hwl_user120', 'NovA173+');
Insert into HWL_CONTACTS (CONTACT_ID,FIRST_NAME,LAST_NAME,EMAIL,MOBILE,CUSTOMER_ID, USER_NAME, PASSWORD) values (19, 'Maurice', 'Hasan', 'maurice.hasan@abbott.com', '95868396', 19, 'hwl_user121', 'TesH725+');
Insert into HWL_CONTACTS (CONTACT_ID,FIRST_NAME,LAST_NAME,EMAIL,MOBILE,CUSTOMER_ID, USER_NAME, PASSWORD) values (20, 'Diane', 'Higgins', 'diane.higgins@dollargeneral.com', '92704836', 20, 'hwl_user122', 'YstE877+');
Insert into HWL_CONTACTS (CONTACT_ID,FIRST_NAME,LAST_NAME,EMAIL,MOBILE,CUSTOMER_ID, USER_NAME, PASSWORD) values (21, 'Dianne', 'Sen', 'dianne.sen@tenethealth.com', '93491573', 21, 'hwl_user123', 'NsyW123+');
Insert into HWL_CONTACTS (CONTACT_ID,FIRST_NAME,LAST_NAME,EMAIL,MOBILE,CUSTOMER_ID, USER_NAME, PASSWORD) values (22, 'Maurice', 'Daltrey', 'maurice.daltrey@lilly.com', '97490886', 22, 'hwl_user124', 'MthT898*');
Insert into HWL_CONTACTS (CONTACT_ID,FIRST_NAME,LAST_NAME,EMAIL,MOBILE,CUSTOMER_ID, USER_NAME, PASSWORD) values (23, 'Tess', 'Roth', 'tess.roth@dteenergy.com', '93887739', 23, 'hwl_user125', 'CezE843+');
Insert into HWL_CONTACTS (CONTACT_ID,FIRST_NAME,LAST_NAME,EMAIL,MOBILE,CUSTOMER_ID, USER_NAME, PASSWORD) values (24, 'Ka', 'Kaufman', 'ka.kaufman@southwest.com', '93440573', 24, 'hwl_user126', 'SyiX347*');
Insert into HWL_CONTACTS (CONTACT_ID,FIRST_NAME,LAST_NAME,EMAIL,MOBILE,CUSTOMER_ID, USER_NAME, PASSWORD) values (25, 'Sharyl', 'Montoya', 'sharyl.montoya@penskeautomotive.com', '88334715', 25, 'hwl_user127', 'VtiX368+');
Insert into HWL_CONTACTS (CONTACT_ID,FIRST_NAME,LAST_NAME,EMAIL,MOBILE,CUSTOMER_ID, USER_NAME, PASSWORD) values (26, 'Daniel', 'Glass', 'daniel.glass@manpowergroup.com', '80472573', 26, 'hwl_user128', 'PkdT607*');
Insert into HWL_CONTACTS (CONTACT_ID,FIRST_NAME,LAST_NAME,EMAIL,MOBILE,CUSTOMER_ID, USER_NAME, PASSWORD) values (27, 'Rena', 'Arnold', 'rena.arnold@assurant.com', '92775816', 27, 'hwl_user129', 'GypK916*');
Insert into HWL_CONTACTS (CONTACT_ID,FIRST_NAME,LAST_NAME,EMAIL,MOBILE,CUSTOMER_ID, USER_NAME, PASSWORD) values (28, 'Arlyne', 'Ingram', 'arlyne.ingram@kohlscorporation.com', '86832673', 28, 'hwl_user130', 'XqfX446+');
Insert into HWL_CONTACTS (CONTACT_ID,FIRST_NAME,LAST_NAME,EMAIL,MOBILE,CUSTOMER_ID, USER_NAME, PASSWORD) values (29, 'Willie', 'Barrera', 'willie.barrera@starbucks.com', '91542228', 29, 'hwl_user131', 'BlsA516*');
Insert into HWL_CONTACTS (CONTACT_ID,FIRST_NAME,LAST_NAME,EMAIL,MOBILE,CUSTOMER_ID, USER_NAME, PASSWORD) values (30, 'Mireya', 'Cochran', 'mireya.cochran@paccar.com', '91490038', 30, 'hwl_user132', 'EjuE285+');
Insert into HWL_CONTACTS (CONTACT_ID,FIRST_NAME,LAST_NAME,EMAIL,MOBILE,CUSTOMER_ID, USER_NAME, PASSWORD) values (31, 'Marlene', 'Odom', 'marlene.odom@cummins.com', '80317229', 31, 'hwl_user133', 'QmlT252+');
Insert into HWL_CONTACTS (CONTACT_ID,FIRST_NAME,LAST_NAME,EMAIL,MOBILE,CUSTOMER_ID, USER_NAME, PASSWORD) values (32, 'Jaclyn', 'Atkinson', 'jaclyn.atkinson@globalp.com', '94271283', 32, 'hwl_user134', 'FkrL198*');
Insert into HWL_CONTACTS (CONTACT_ID,FIRST_NAME,LAST_NAME,EMAIL,MOBILE,CUSTOMER_ID, USER_NAME, PASSWORD) values (33, 'Al', 'Schultz', 'al.schultz@altria.com', '92115597', 33, 'hwl_user135', 'PskW699*');
Insert into HWL_CONTACTS (CONTACT_ID,FIRST_NAME,LAST_NAME,EMAIL,MOBILE,CUSTOMER_ID, USER_NAME, PASSWORD) values (34, 'Felicitas', 'Riley', 'felicitas.riley@xerox.com', '98751301', 34, 'hwl_user136', 'QpkD293*');
Insert into HWL_CONTACTS (CONTACT_ID,FIRST_NAME,LAST_NAME,EMAIL,MOBILE,CUSTOMER_ID, USER_NAME, PASSWORD) values (35, 'Cora', 'Calhoun', 'cora.calhoun@kimberly-clark.com', '88493263', 35, 'hwl_user137', 'SjjX943+');
Insert into HWL_CONTACTS (CONTACT_ID,FIRST_NAME,LAST_NAME,EMAIL,MOBILE,CUSTOMER_ID, USER_NAME, PASSWORD) values (36, 'Trula', 'Buckley', 'trula.buckley@thehartford.com', '98027336', 36, 'hwl_user138', 'GnyX101*');
Insert into HWL_CONTACTS (CONTACT_ID,FIRST_NAME,LAST_NAME,EMAIL,MOBILE,CUSTOMER_ID, USER_NAME, PASSWORD) values (37, 'Sasha', 'Wallace', 'sasha.wallace@huntsman.com', '84139006', 37, 'hwl_user139', 'QwcQ783*');
Insert into HWL_CONTACTS (CONTACT_ID,FIRST_NAME,LAST_NAME,EMAIL,MOBILE,CUSTOMER_ID, USER_NAME, PASSWORD) values (38, 'Caitlin', 'Hill', 'caitlin.hill@kraftheinzcompany.com', '81285270', 38, 'hwl_user140', 'HtoW108*');
Insert into HWL_CONTACTS (CONTACT_ID,FIRST_NAME,LAST_NAME,EMAIL,MOBILE,CUSTOMER_ID, USER_NAME, PASSWORD) values (39, 'Gino', 'Pickett', 'gino.pickett@lear.com', '94994397', 39, 'hwl_user141', 'HnfN642+');
Insert into HWL_CONTACTS (CONTACT_ID,FIRST_NAME,LAST_NAME,EMAIL,MOBILE,CUSTOMER_ID, USER_NAME, PASSWORD) values (40, 'Amira', 'Macdonald', 'amira.macdonald@fluor.com', '91963068', 40, 'hwl_user142', 'OlpP196*');
Insert into HWL_CONTACTS (CONTACT_ID,FIRST_NAME,LAST_NAME,EMAIL,MOBILE,CUSTOMER_ID, USER_NAME, PASSWORD) values (41, 'Mack', 'Morse', 'mack.morse@aecom.com', '94739767', 41, 'hwl_user143', 'FxmF994+');
Insert into HWL_CONTACTS (CONTACT_ID,FIRST_NAME,LAST_NAME,EMAIL,MOBILE,CUSTOMER_ID, USER_NAME, PASSWORD) values (42, 'Eboni', 'Jarvis', 'eboni.jarvis@bd.com', '94288411', 42, 'hwl_user144', 'SepL941*');
Insert into HWL_CONTACTS (CONTACT_ID,FIRST_NAME,LAST_NAME,EMAIL,MOBILE,CUSTOMER_ID, USER_NAME, PASSWORD) values (43, 'Gabrielle', 'Dennis', 'gabrielle.dennis@facebook.com', '98294300', 43, 'hwl_user145', 'NxsV186*');
Insert into HWL_CONTACTS (CONTACT_ID,FIRST_NAME,LAST_NAME,EMAIL,MOBILE,CUSTOMER_ID, USER_NAME, PASSWORD) values (44, 'Classie', 'Norris', 'classie.norris@jabil.com', '87768364', 44, 'hwl_user146', 'GoeR907*');
Insert into HWL_CONTACTS (CONTACT_ID,FIRST_NAME,LAST_NAME,EMAIL,MOBILE,CUSTOMER_ID, USER_NAME, PASSWORD) values (45, 'Khalilah', 'Holman', 'khalilah.holman@centurylink.com', '94659053', 45, 'hwl_user147', 'WavB764+');
Insert into HWL_CONTACTS (CONTACT_ID,FIRST_NAME,LAST_NAME,EMAIL,MOBILE,CUSTOMER_ID, USER_NAME, PASSWORD) values (46, 'Isreal', 'Rose', 'isreal.rose@supervalu.com', '91154510', 46, 'hwl_user148', 'NwpD514+');
Insert into HWL_CONTACTS (CONTACT_ID,FIRST_NAME,LAST_NAME,EMAIL,MOBILE,CUSTOMER_ID, USER_NAME, PASSWORD) values (47, 'Verena', 'Hopper', 'verena.hopper@generalmills.com', '91530816', 47, 'hwl_user149', 'SwgO397*');
Insert into HWL_CONTACTS (CONTACT_ID,FIRST_NAME,LAST_NAME,EMAIL,MOBILE,CUSTOMER_ID, USER_NAME, PASSWORD) values (48, 'Audie', 'Flores', 'audie.flores@southerncompany.com', '97445036', 48, 'hwl_user150', 'VfpT238*');
Insert into HWL_CONTACTS (CONTACT_ID,FIRST_NAME,LAST_NAME,EMAIL,MOBILE,CUSTOMER_ID, USER_NAME, PASSWORD) values (49, 'Gertrude', 'Cooke', 'gertrude.cooke@nexteraenergy.com', '94642788', 49, 'hwl_user151', 'QlzL540*');
Insert into HWL_CONTACTS (CONTACT_ID,FIRST_NAME,LAST_NAME,EMAIL,MOBILE,CUSTOMER_ID, USER_NAME, PASSWORD) values (50, 'Princess', 'Kane', 'princess.kane@thermofisher.com', '85227451', 50, 'hwl_user152', 'NotN455*');
Insert into HWL_CONTACTS (CONTACT_ID,FIRST_NAME,LAST_NAME,EMAIL,MOBILE,CUSTOMER_ID, USER_NAME, PASSWORD) values (51, 'Jacinta', 'Faulkner', 'jacinta.faulkner@aep.com', '82675868', 51, 'hwl_user153', 'SlsF512*');
Insert into HWL_CONTACTS (CONTACT_ID,FIRST_NAME,LAST_NAME,EMAIL,MOBILE,CUSTOMER_ID, USER_NAME, PASSWORD) values (52, 'Lashon', 'Wall', 'lashon.wall@pge.com', '89112247', 52, 'hwl_user154', 'LevP216+');
Insert into HWL_CONTACTS (CONTACT_ID,FIRST_NAME,LAST_NAME,EMAIL,MOBILE,CUSTOMER_ID, USER_NAME, PASSWORD) values (53, 'Corliss', 'Mcneil', 'corliss.mcneil@nglenergypartners.com', '85053475', 53, 'hwl_user155', 'FvfZ653+');
Insert into HWL_CONTACTS (CONTACT_ID,FIRST_NAME,LAST_NAME,EMAIL,MOBILE,CUSTOMER_ID, USER_NAME, PASSWORD) values (54, 'Brock', 'Webb', 'brock.webb@bms.com', '94798220', 54, 'hwl_user156', 'AvoX586+');
Insert into HWL_CONTACTS (CONTACT_ID,FIRST_NAME,LAST_NAME,EMAIL,MOBILE,CUSTOMER_ID, USER_NAME, PASSWORD) values (55, 'Melany', 'Mcmahon', 'melany.mcmahon@goodyear.com', '81141742', 55, 'hwl_user157', 'TgbT637*');
Insert into HWL_CONTACTS (CONTACT_ID,FIRST_NAME,LAST_NAME,EMAIL,MOBILE,CUSTOMER_ID, USER_NAME, PASSWORD) values (56, 'Rogelio', 'Kirby', 'rogelio.kirby@nucor.com', '80085358', 56, 'hwl_user158', 'ZhbB165*');
Insert into HWL_CONTACTS (CONTACT_ID,FIRST_NAME,LAST_NAME,EMAIL,MOBILE,CUSTOMER_ID, USER_NAME, PASSWORD) values (57, 'Wallace', 'Dillard', 'wallace.dillard@pnc.com', '87763560', 57, 'hwl_user159', 'YtkP189+');
Insert into HWL_CONTACTS (CONTACT_ID,FIRST_NAME,LAST_NAME,EMAIL,MOBILE,CUSTOMER_ID, USER_NAME, PASSWORD) values (58, 'Gia', 'Boyle', 'gia.boyle@healthnet.com', '92742380', 58, 'hwl_user160', 'RchG590+');
Insert into HWL_CONTACTS (CONTACT_ID,FIRST_NAME,LAST_NAME,EMAIL,MOBILE,CUSTOMER_ID, USER_NAME, PASSWORD) values (59, 'Tennie', 'Gay', 'tennie.gay@micron.com', '81895959', 59, 'hwl_user161', 'JgoC150*');
Insert into HWL_CONTACTS (CONTACT_ID,FIRST_NAME,LAST_NAME,EMAIL,MOBILE,CUSTOMER_ID, USER_NAME, PASSWORD) values (60, 'Ophelia', 'Hurst', 'ophelia.hurst@colgatepalmolive.com', '85594253', 60, 'hwl_user162', 'FanY171*');
Insert into HWL_CONTACTS (CONTACT_ID,FIRST_NAME,LAST_NAME,EMAIL,MOBILE,CUSTOMER_ID, USER_NAME, PASSWORD) values (61, 'Ciara', 'Flowers', 'ciara.flowers@fcx.com', '99425850', 61, 'hwl_user163', 'AbgV519+');
Insert into HWL_CONTACTS (CONTACT_ID,FIRST_NAME,LAST_NAME,EMAIL,MOBILE,CUSTOMER_ID, USER_NAME, PASSWORD) values (62, 'Birgit', 'Stephenson', 'birgit.stephenson@conagrafoods.com', '83099399', 62, 'hwl_user164', 'RroV120+');
Insert into HWL_CONTACTS (CONTACT_ID,FIRST_NAME,LAST_NAME,EMAIL,MOBILE,CUSTOMER_ID, USER_NAME, PASSWORD) values (63, 'Shameka', 'Spencer', 'shameka.spencer@sempra.com', '88871386', 63, 'hwl_user165', 'DtaW294*');
Insert into HWL_CONTACTS (CONTACT_ID,FIRST_NAME,LAST_NAME,EMAIL,MOBILE,CUSTOMER_ID, USER_NAME, PASSWORD) values (64, 'Alysa', 'Kane', 'alysa.kane@gapinc.com', '88788092', 64, 'hwl_user166', 'QuzD904+');
Insert into HWL_CONTACTS (CONTACT_ID,FIRST_NAME,LAST_NAME,EMAIL,MOBILE,CUSTOMER_ID, USER_NAME, PASSWORD) values (65, 'Fransisca', 'Reeves', 'fransisca.reeves@bakerhughes.com', '85333492', 65, 'hwl_user167', 'TchA855*');
Insert into HWL_CONTACTS (CONTACT_ID,FIRST_NAME,LAST_NAME,EMAIL,MOBILE,CUSTOMER_ID, USER_NAME, PASSWORD) values (66, 'Jessika', 'Merritt', 'jessika.merritt@bnymellon.com', '89601324', 66, 'hwl_user168', 'CinG985+');
Insert into HWL_CONTACTS (CONTACT_ID,FIRST_NAME,LAST_NAME,EMAIL,MOBILE,CUSTOMER_ID, USER_NAME, PASSWORD) values (67, 'Agustina', 'Conner', 'agustina.conner@dollartree.com', '91934477', 67, 'hwl_user169', 'XwyU768+');
Insert into HWL_CONTACTS (CONTACT_ID,FIRST_NAME,LAST_NAME,EMAIL,MOBILE,CUSTOMER_ID, USER_NAME, PASSWORD) values (68, 'Roxanna', 'Wade', 'roxanna.wade@autozone.com', '83880583', 68, 'hwl_user170', 'QfvP492*');
Insert into HWL_CONTACTS (CONTACT_ID,FIRST_NAME,LAST_NAME,EMAIL,MOBILE,CUSTOMER_ID, USER_NAME, PASSWORD) values (69, 'Virgie', 'Mays', 'virgie.mays@wholefoodsmarket.com', '85515895', 69, 'hwl_user171', 'FggF511*');
Insert into HWL_CONTACTS (CONTACT_ID,FIRST_NAME,LAST_NAME,EMAIL,MOBILE,CUSTOMER_ID, USER_NAME, PASSWORD) values (70, 'Trang', 'Mcconnell', 'trang.mcconnell@ppg.com', '89483534', 70, 'hwl_user172', 'XqmM518+');
Insert into HWL_CONTACTS (CONTACT_ID,FIRST_NAME,LAST_NAME,EMAIL,MOBILE,CUSTOMER_ID, USER_NAME, PASSWORD) values (71, 'Nada', 'West', 'nada.west@genpt.com', '93962753', 71, 'hwl_user173', 'ZaiX396*');
Insert into HWL_CONTACTS (CONTACT_ID,FIRST_NAME,LAST_NAME,EMAIL,MOBILE,CUSTOMER_ID, USER_NAME, PASSWORD) values (72, 'Catherina', 'Haney', 'catherina.haney@ielp.com', '91480409', 72, 'hwl_user174', 'NwpV307+');
Insert into HWL_CONTACTS (CONTACT_ID,FIRST_NAME,LAST_NAME,EMAIL,MOBILE,CUSTOMER_ID, USER_NAME, PASSWORD) values (73, 'Harriette', 'Melton', 'harriette.melton@navistar.com', '83232266', 73, 'hwl_user175', 'OkwK117+');
Insert into HWL_CONTACTS (CONTACT_ID,FIRST_NAME,LAST_NAME,EMAIL,MOBILE,CUSTOMER_ID, USER_NAME, PASSWORD) values (74, 'Willette', 'Rodgers', 'willette.rodgers@pfgc.com', '83003482', 74, 'hwl_user176', 'ZazP302*');
Insert into HWL_CONTACTS (CONTACT_ID,FIRST_NAME,LAST_NAME,EMAIL,MOBILE,CUSTOMER_ID, USER_NAME, PASSWORD) values (75, 'Calandra', 'Williamson', 'calandra.williamson@omnicomgroup.com', '83022033', 75, 'hwl_user177', 'IowV153+');
Insert into HWL_CONTACTS (CONTACT_ID,FIRST_NAME,LAST_NAME,EMAIL,MOBILE,CUSTOMER_ID, USER_NAME, PASSWORD) values (76, 'Tamatha', 'Delgado', 'tamatha.delgado@dish.com', '85712580', 76, 'hwl_user178', 'ShhV476*');
Insert into HWL_CONTACTS (CONTACT_ID,FIRST_NAME,LAST_NAME,EMAIL,MOBILE,CUSTOMER_ID, USER_NAME, PASSWORD) values (77, 'Felix', 'Ferguson', 'felix.ferguson@firstenergycorp.com', '97497807', 77, 'hwl_user179', 'OtjJ819+');
Insert into HWL_CONTACTS (CONTACT_ID,FIRST_NAME,LAST_NAME,EMAIL,MOBILE,CUSTOMER_ID, USER_NAME, PASSWORD) values (78, 'Elwood', 'Hampton', 'elwood.hampton@precast.com', '95699470', 78, 'hwl_user180', 'SpfA156+');
Insert into HWL_CONTACTS (CONTACT_ID,FIRST_NAME,LAST_NAME,EMAIL,MOBILE,CUSTOMER_ID, USER_NAME, PASSWORD) values (79, 'Josh', 'Roach', 'josh.roach@monsanto.com', '83694418', 79, 'hwl_user181', 'KetH838+');
Insert into HWL_CONTACTS (CONTACT_ID,FIRST_NAME,LAST_NAME,EMAIL,MOBILE,CUSTOMER_ID, USER_NAME, PASSWORD) values (80, 'Luanna', 'Scott', 'luanna.scott@aes.com', '92946161', 80, 'hwl_user182', 'FmnH185+');
Insert into HWL_CONTACTS (CONTACT_ID,FIRST_NAME,LAST_NAME,EMAIL,MOBILE,CUSTOMER_ID, USER_NAME, PASSWORD) values (81, 'Meryl', 'Cole', 'meryl.cole@carmax.com', '96046425', 81, 'hwl_user183', 'GxyD671+');
Insert into HWL_CONTACTS (CONTACT_ID,FIRST_NAME,LAST_NAME,EMAIL,MOBILE,CUSTOMER_ID, USER_NAME, PASSWORD) values (82, 'Jannet', 'Elliott', 'jannet.elliott@discoverfinancial.com', '94555245', 82, 'hwl_user184', 'MspO532+');
Insert into HWL_CONTACTS (CONTACT_ID,FIRST_NAME,LAST_NAME,EMAIL,MOBILE,CUSTOMER_ID, USER_NAME, PASSWORD) values (83, 'Fae', 'Glenn', 'fae.glenn@nov.com', '93380276', 83, 'hwl_user185', 'PvcK200*');
Insert into HWL_CONTACTS (CONTACT_ID,FIRST_NAME,LAST_NAME,EMAIL,MOBILE,CUSTOMER_ID, USER_NAME, PASSWORD) values (84, 'Francisco', 'Cummings', 'francisco.cummings@nrgenergy.com', '80233037', 84, 'hwl_user186', 'QvlX962*');
Insert into HWL_CONTACTS (CONTACT_ID,FIRST_NAME,LAST_NAME,EMAIL,MOBILE,CUSTOMER_ID, USER_NAME, PASSWORD) values (85, 'Ermelinda', 'Benton', 'ermelinda.benton@westerndigital.com', '92344654', 85, 'hwl_user187', 'FrhX502*');
Insert into HWL_CONTACTS (CONTACT_ID,FIRST_NAME,LAST_NAME,EMAIL,MOBILE,CUSTOMER_ID, USER_NAME, PASSWORD) values (86, 'Lasonya', 'Beard', 'lasonya.beard@marriott.com', '97144254', 86, 'hwl_user188', 'JpnF731+');
Insert into HWL_CONTACTS (CONTACT_ID,FIRST_NAME,LAST_NAME,EMAIL,MOBILE,CUSTOMER_ID, USER_NAME, PASSWORD) values (87, 'Rayna', 'Tran', 'rayna.tran@libertyinteractive.com', '96914913', 87, 'hwl_user189', 'RvzK511+');
Insert into HWL_CONTACTS (CONTACT_ID,FIRST_NAME,LAST_NAME,EMAIL,MOBILE,CUSTOMER_ID, USER_NAME, PASSWORD) values (88, 'Annice', 'Boyer', 'annice.boyer@walmart.com', '95131659', 88, 'hwl_user190', 'GmmQ751+');
Insert into HWL_CONTACTS (CONTACT_ID,FIRST_NAME,LAST_NAME,EMAIL,MOBILE,CUSTOMER_ID, USER_NAME, PASSWORD) values (89, 'Ja', 'Whitfield', 'ja.whitfield@exxonmobil.com', '91531839', 89, 'hwl_user191', 'GouW121+');
Insert into HWL_CONTACTS (CONTACT_ID,FIRST_NAME,LAST_NAME,EMAIL,MOBILE,CUSTOMER_ID, USER_NAME, PASSWORD) values (90, 'Jaime', 'Lester', 'jaime.lester@apple.com', '80545868', 90, 'hwl_user192', 'TeoA998*');
Insert into HWL_CONTACTS (CONTACT_ID,FIRST_NAME,LAST_NAME,EMAIL,MOBILE,CUSTOMER_ID, USER_NAME, PASSWORD) values (91, 'Charlsie', 'Lindsey', 'charlsie.lindsey@berkshirehathaway.com', '80727203', 91, 'hwl_user193', 'DytG376+');
Insert into HWL_CONTACTS (CONTACT_ID,FIRST_NAME,LAST_NAME,EMAIL,MOBILE,CUSTOMER_ID, USER_NAME, PASSWORD) values (92, 'Jannette', 'Henry', 'jannette.henry@mckesson.com', '94230347', 92, 'hwl_user194', 'OqtI628*');
Insert into HWL_CONTACTS (CONTACT_ID,FIRST_NAME,LAST_NAME,EMAIL,MOBILE,CUSTOMER_ID, USER_NAME, PASSWORD) values (93, 'Margart', 'Mccall', 'margart.mccall@unitedhealthgroup.com', '83552176', 93, 'hwl_user195', 'AbhP286*');
Insert into HWL_CONTACTS (CONTACT_ID,FIRST_NAME,LAST_NAME,EMAIL,MOBILE,CUSTOMER_ID, USER_NAME, PASSWORD) values (94, 'Twanna', 'Cleveland', 'twanna.cleveland@cvshealth.com', '92088731', 94, 'hwl_user196', 'EzcV691*');
Insert into HWL_CONTACTS (CONTACT_ID,FIRST_NAME,LAST_NAME,EMAIL,MOBILE,CUSTOMER_ID, USER_NAME, PASSWORD) values (95, 'Bronwyn', 'Horn', 'bronwyn.horn@gm.com', '97265394', 95, 'hwl_user197', 'MryJ642+');
Insert into HWL_CONTACTS (CONTACT_ID,FIRST_NAME,LAST_NAME,EMAIL,MOBILE,CUSTOMER_ID, USER_NAME, PASSWORD) values (96, 'Jon', 'Petersen', 'jon.petersen@ford.com', '92507107', 96, 'hwl_user198', 'QgvT307*');
Insert into HWL_CONTACTS (CONTACT_ID,FIRST_NAME,LAST_NAME,EMAIL,MOBILE,CUSTOMER_ID, USER_NAME, PASSWORD) values (97, 'Denny', 'Daniel', 'denny.daniel@att.com', '88266704', 97, 'hwl_user199', 'WxlL310*');
Insert into HWL_CONTACTS (CONTACT_ID,FIRST_NAME,LAST_NAME,EMAIL,MOBILE,CUSTOMER_ID, USER_NAME, PASSWORD) values (98, 'Avis', 'Moore', 'avis.moore@ge.com', '93352009', 98, 'hwl_user200', 'SnbM830*');
Insert into HWL_CONTACTS (CONTACT_ID,FIRST_NAME,LAST_NAME,EMAIL,MOBILE,CUSTOMER_ID, USER_NAME, PASSWORD) values (99, 'Eden', 'Burke', 'eden.burke@amerisourcebergen.com', '92705763', 99, 'hwl_user201', 'EjlB554*');
Insert into HWL_CONTACTS (CONTACT_ID,FIRST_NAME,LAST_NAME,EMAIL,MOBILE,CUSTOMER_ID, USER_NAME, PASSWORD) values (100, 'Elisha', 'Lloyd', 'elisha.lloyd@verizon.com', '83664066', 100, 'hwl_user202', 'QxkS994*');
Insert into HWL_CONTACTS (CONTACT_ID,FIRST_NAME,LAST_NAME,EMAIL,MOBILE,CUSTOMER_ID, USER_NAME, PASSWORD) values (101, 'Samara', 'Barnett', 'samara.barnett@chevron.com', '94375526', 101, 'hwl_user203', 'VssK698*');
Insert into HWL_CONTACTS (CONTACT_ID,FIRST_NAME,LAST_NAME,EMAIL,MOBILE,CUSTOMER_ID, USER_NAME, PASSWORD) values (102, 'Nadia', 'Sawyer', 'nadia.sawyer@costco.com', '83207304', 102, 'hwl_user204', 'BunJ343+');
Insert into HWL_CONTACTS (CONTACT_ID,FIRST_NAME,LAST_NAME,EMAIL,MOBILE,CUSTOMER_ID, USER_NAME, PASSWORD) values (103, 'Melita', 'Holcomb', 'melita.holcomb@fanniemae.com', '81411452', 103, 'hwl_user205', 'RfaH539*');
Insert into HWL_CONTACTS (CONTACT_ID,FIRST_NAME,LAST_NAME,EMAIL,MOBILE,CUSTOMER_ID, USER_NAME, PASSWORD) values (104, 'Evita', 'Dickerson', 'evita.dickerson@thekrogerco.com', '97174262', 104, 'hwl_user206', 'UbsC270*');
Insert into HWL_CONTACTS (CONTACT_ID,FIRST_NAME,LAST_NAME,EMAIL,MOBILE,CUSTOMER_ID, USER_NAME, PASSWORD) values (105, 'Aundrea', 'Barry', 'aundrea.barry@amazon.com', '85603548', 105, 'hwl_user207', 'PipA958+');
Insert into HWL_CONTACTS (CONTACT_ID,FIRST_NAME,LAST_NAME,EMAIL,MOBILE,CUSTOMER_ID, USER_NAME, PASSWORD) values (208, 'Stephaine', 'Booker', 'stephaine.booker@tsocorp.com', '91483859', 208, 'hwl_user208', 'DugP514+');
Insert into HWL_CONTACTS (CONTACT_ID,FIRST_NAME,LAST_NAME,EMAIL,MOBILE,CUSTOMER_ID, USER_NAME, PASSWORD) values (209, 'Emilie', 'Parsons', 'emilie.parsons@timewarner.com', '82601741', 209, 'hwl_user209', 'AdpX425+');
Insert into HWL_CONTACTS (CONTACT_ID,FIRST_NAME,LAST_NAME,EMAIL,MOBILE,CUSTOMER_ID, USER_NAME, PASSWORD) values (210, 'Jaleesa', 'Bowen', 'jaleesa.bowen@cstbrands.com', '81556760', 210, 'hwl_user210', 'SigU742*');
Insert into HWL_CONTACTS (CONTACT_ID,FIRST_NAME,LAST_NAME,EMAIL,MOBILE,CUSTOMER_ID, USER_NAME, PASSWORD) values (211, 'Jeannie', 'Poole', 'jeannie.poole@aboutmcdonalds.com', '90031409', 211, 'hwl_user211', 'OuqW171*');
Insert into HWL_CONTACTS (CONTACT_ID,FIRST_NAME,LAST_NAME,EMAIL,MOBILE,CUSTOMER_ID, USER_NAME, PASSWORD) values (212, 'Adrienne', 'Lang', 'adrienne.lang@qualcomm.com', '81853692', 212, 'hwl_user212', 'AegK249+');
Insert into HWL_CONTACTS (CONTACT_ID,FIRST_NAME,LAST_NAME,EMAIL,MOBILE,CUSTOMER_ID, USER_NAME, PASSWORD) values (213, 'Jess', 'Nguyen', 'jess.nguyen@searsholdings.com', '85712761', 213, 'hwl_user213', 'JuuG759*');
Insert into HWL_CONTACTS (CONTACT_ID,FIRST_NAME,LAST_NAME,EMAIL,MOBILE,CUSTOMER_ID, USER_NAME, PASSWORD) values (214, 'Tandy', 'House', 'tandy.house@ebay.com', '81908323', 214, 'hwl_user214', 'RscU467*');
Insert into HWL_CONTACTS (CONTACT_ID,FIRST_NAME,LAST_NAME,EMAIL,MOBILE,CUSTOMER_ID, USER_NAME, PASSWORD) values (215, 'Herman', 'Stokes', 'herman.stokes@capitalone.com', '89576358', 215, 'hwl_user215', 'FhmP546*');
Insert into HWL_CONTACTS (CONTACT_ID,FIRST_NAME,LAST_NAME,EMAIL,MOBILE,CUSTOMER_ID, USER_NAME, PASSWORD) values (216, 'Keesha', 'Lambert', 'keesha.lambert@emc.com', '85186895', 216, 'hwl_user216', 'HvmR128*');
Insert into HWL_CONTACTS (CONTACT_ID,FIRST_NAME,LAST_NAME,EMAIL,MOBILE,CUSTOMER_ID, USER_NAME, PASSWORD) values (217, 'Lauren', 'Williamson', 'lauren.williamson@usaa.com', '88629463', 217, 'hwl_user217', 'LbgK845+');
Insert into HWL_CONTACTS (CONTACT_ID,FIRST_NAME,LAST_NAME,EMAIL,MOBILE,CUSTOMER_ID, USER_NAME, PASSWORD) values (218, 'Lucius', 'Abbott', 'lucius.abbott@lennar.com', '94795682', 218, 'hwl_user218', 'DhvH302+');
Insert into HWL_CONTACTS (CONTACT_ID,FIRST_NAME,LAST_NAME,EMAIL,MOBILE,CUSTOMER_ID, USER_NAME, PASSWORD) values (219, 'Beatrice', 'Ford', 'beatrice.ford@duke-energy.com', '84177242', 219, 'hwl_user219', 'VdyL415+');
Insert into HWL_CONTACTS (CONTACT_ID,FIRST_NAME,LAST_NAME,EMAIL,MOBILE,CUSTOMER_ID, USER_NAME, PASSWORD) values (220, 'Tamisha', 'Vargas', 'tamisha.vargas@twc.com', '84681817', 220, 'hwl_user220', 'OkxK512+');
Insert into HWL_CONTACTS (CONTACT_ID,FIRST_NAME,LAST_NAME,EMAIL,MOBILE,CUSTOMER_ID, USER_NAME, PASSWORD) values (221, 'Dick', 'Lamb', 'dick.lamb@halliburton.com', '96770459', 221, 'hwl_user221', 'KtpV447+');
Insert into HWL_CONTACTS (CONTACT_ID,FIRST_NAME,LAST_NAME,EMAIL,MOBILE,CUSTOMER_ID, USER_NAME, PASSWORD) values (222, 'Yolanda', 'Ball', 'yolanda.ball@gamestopcorp.com', '89683842', 222, 'hwl_user222', 'HvfN480*');
Insert into HWL_CONTACTS (CONTACT_ID,FIRST_NAME,LAST_NAME,EMAIL,MOBILE,CUSTOMER_ID, USER_NAME, PASSWORD) values (223, 'Jerica', 'Brooks', 'jerica.brooks@northropgrumman.com', '97505234', 223, 'hwl_user223', 'QjcJ936*');
Insert into HWL_CONTACTS (CONTACT_ID,FIRST_NAME,LAST_NAME,EMAIL,MOBILE,CUSTOMER_ID, USER_NAME, PASSWORD) values (224, 'Nichol', 'Carter', 'nichol.carter@arrow.com', '90957431', 224, 'hwl_user224', 'SuzS995*');
Insert into HWL_CONTACTS (CONTACT_ID,FIRST_NAME,LAST_NAME,EMAIL,MOBILE,CUSTOMER_ID, USER_NAME, PASSWORD) values (225, 'Bobby', 'Wilson', 'bobby.wilson@rsac.com', '80118188', 225, 'hwl_user225', 'UnaB185*');
Insert into HWL_CONTACTS (CONTACT_ID,FIRST_NAME,LAST_NAME,EMAIL,MOBILE,CUSTOMER_ID, USER_NAME, PASSWORD) values (226, 'Eve', 'Saunders', 'eve.saunders@officedepot.com', '80832802', 226, 'hwl_user226', 'XqpX955+');
Insert into HWL_CONTACTS (CONTACT_ID,FIRST_NAME,LAST_NAME,EMAIL,MOBILE,CUSTOMER_ID, USER_NAME, PASSWORD) values (227, 'Ginger', 'Atkinson', 'ginger.atkinson@nordstrom.com', '94124208', 227, 'hwl_user227', 'TkxI163+');
Insert into HWL_CONTACTS (CONTACT_ID,FIRST_NAME,LAST_NAME,EMAIL,MOBILE,CUSTOMER_ID, USER_NAME, PASSWORD) values (228, 'Kenton', 'Harrell', 'kenton.harrell@kindermorgan.com', '83433094', 228, 'hwl_user228', 'OdvP416+');
Insert into HWL_CONTACTS (CONTACT_ID,FIRST_NAME,LAST_NAME,EMAIL,MOBILE,CUSTOMER_ID, USER_NAME, PASSWORD) values (229, 'Misti', 'Velazquez', 'misti.velazquez@aramark.com', '84146981', 229, 'hwl_user229', 'YaaV626+');
Insert into HWL_CONTACTS (CONTACT_ID,FIRST_NAME,LAST_NAME,EMAIL,MOBILE,CUSTOMER_ID, USER_NAME, PASSWORD) values (230, 'Brandie', 'Buchanan', 'brandie.buchanan@davita.com', '91080534', 230, 'hwl_user230', 'LgvJ107*');
Insert into HWL_CONTACTS (CONTACT_ID,FIRST_NAME,LAST_NAME,EMAIL,MOBILE,CUSTOMER_ID, USER_NAME, PASSWORD) values (231, 'Kandi', 'Holden', 'kandi.holden@molinahealthcare.com', '95811920', 231, 'hwl_user231', 'SoaP432+');
Insert into HWL_CONTACTS (CONTACT_ID,FIRST_NAME,LAST_NAME,EMAIL,MOBILE,CUSTOMER_ID, USER_NAME, PASSWORD) values (232, 'Lashonda', 'Cunningham', 'lashonda.cunningham@wellcare.com', '83779961', 232, 'hwl_user232', 'JzuE997+');
Insert into HWL_CONTACTS (CONTACT_ID,FIRST_NAME,LAST_NAME,EMAIL,MOBILE,CUSTOMER_ID, USER_NAME, PASSWORD) values (233, 'Roxanne', 'Michalkow', 'roxanne.michalkow@cbscorporation.com', '86685407', 233, 'hwl_user233', 'RpsN363+');
Insert into HWL_CONTACTS (CONTACT_ID,FIRST_NAME,LAST_NAME,EMAIL,MOBILE,CUSTOMER_ID, USER_NAME, PASSWORD) values (234, 'Phuong', 'Sanders', 'phuong.sanders@visa.com', '97229081', 234, 'hwl_user234', 'WtcO849*');
Insert into HWL_CONTACTS (CONTACT_ID,FIRST_NAME,LAST_NAME,EMAIL,MOBILE,CUSTOMER_ID, USER_NAME, PASSWORD) values (235, 'Vida', 'Kline', 'vida.kline@lfg.com', '87319932', 235, 'hwl_user235', 'KfpP634+');
Insert into HWL_CONTACTS (CONTACT_ID,FIRST_NAME,LAST_NAME,EMAIL,MOBILE,CUSTOMER_ID, USER_NAME, PASSWORD) values (236, 'Mayola', 'Houston', 'mayola.houston@ecolab.com', '84310374', 236, 'hwl_user236', 'YgdR773*');
Insert into HWL_CONTACTS (CONTACT_ID,FIRST_NAME,LAST_NAME,EMAIL,MOBILE,CUSTOMER_ID, USER_NAME, PASSWORD) values (237, 'Cristine', 'Bell', 'cristine.bell@kelloggcompany.com', '88018668', 237, 'hwl_user237', 'AntG724+');
Insert into HWL_CONTACTS (CONTACT_ID,FIRST_NAME,LAST_NAME,EMAIL,MOBILE,CUSTOMER_ID, USER_NAME, PASSWORD) values (238, 'Shamika', 'Bauer', 'shamika.bauer@chrobinson.com', '99121350', 238, 'hwl_user238', 'JveT227*');
Insert into HWL_CONTACTS (CONTACT_ID,FIRST_NAME,LAST_NAME,EMAIL,MOBILE,CUSTOMER_ID, USER_NAME, PASSWORD) values (239, 'Rebbeca', 'Day', 'rebbeca.day@textron.com', '92527232', 239, 'hwl_user239', 'QqjD612*');
Insert into HWL_CONTACTS (CONTACT_ID,FIRST_NAME,LAST_NAME,EMAIL,MOBILE,CUSTOMER_ID, USER_NAME, PASSWORD) values (240, 'Maryrose', 'Cain', 'maryrose.cain@loews.com', '96748958', 240, 'hwl_user240', 'CrwD767*');
Insert into HWL_CONTACTS (CONTACT_ID,FIRST_NAME,LAST_NAME,EMAIL,MOBILE,CUSTOMER_ID, USER_NAME, PASSWORD) values (241, 'Johnie', 'Rojas', 'johnie.rojas@itw.com', '81413318', 241, 'hwl_user241', 'VfnU225+');
Insert into HWL_CONTACTS (CONTACT_ID,FIRST_NAME,LAST_NAME,EMAIL,MOBILE,CUSTOMER_ID, USER_NAME, PASSWORD) values (242, 'Verla', 'Christian', 'verla.christian@synnex.com', '98739106', 242, 'hwl_user242', 'KjnD155*');
Insert into HWL_CONTACTS (CONTACT_ID,FIRST_NAME,LAST_NAME,EMAIL,MOBILE,CUSTOMER_ID, USER_NAME, PASSWORD) values (243, 'Teressa', 'Hewitt', 'teressa.hewitt@hormelfoods.com', '86134593', 243, 'hwl_user243', 'HhrJ280*');
Insert into HWL_CONTACTS (CONTACT_ID,FIRST_NAME,LAST_NAME,EMAIL,MOBILE,CUSTOMER_ID, USER_NAME, PASSWORD) values (244, 'Shenna', 'Blair', 'shenna.blair@viacom.com', '89638376', 244, 'hwl_user244', 'EvzT317+');
Insert into HWL_CONTACTS (CONTACT_ID,FIRST_NAME,LAST_NAME,EMAIL,MOBILE,CUSTOMER_ID, USER_NAME, PASSWORD) values (245, 'Latoyia', 'Burt', 'latoyia.burt@hollyfrontier.com', '91234535', 245, 'hwl_user245', 'ZioD620+');
Insert into HWL_CONTACTS (CONTACT_ID,FIRST_NAME,LAST_NAME,EMAIL,MOBILE,CUSTOMER_ID, USER_NAME, PASSWORD) values (246, 'Shaquita', 'Norman', 'shaquita.norman@landolakesinc.com', '90861421', 246, 'hwl_user246', 'TqhH838*');
Insert into HWL_CONTACTS (CONTACT_ID,FIRST_NAME,LAST_NAME,EMAIL,MOBILE,CUSTOMER_ID, USER_NAME, PASSWORD) values (247, 'Myrna', 'Romero', 'myrna.romero@celgene.com', '94097892', 247, 'hwl_user247', 'ForF917+');
Insert into HWL_CONTACTS (CONTACT_ID,FIRST_NAME,LAST_NAME,EMAIL,MOBILE,CUSTOMER_ID, USER_NAME, PASSWORD) values (248, 'Bill', 'Stein', 'bill.stein@devonenergy.com', '85927713', 248, 'hwl_user248', 'EvhV456*');
Insert into HWL_CONTACTS (CONTACT_ID,FIRST_NAME,LAST_NAME,EMAIL,MOBILE,CUSTOMER_ID, USER_NAME, PASSWORD) values (249, 'Olivia', 'Conrad', 'olivia.conrad@pbfenergy.com', '88622743', 249, 'hwl_user249', 'XgeH386*');
Insert into HWL_CONTACTS (CONTACT_ID,FIRST_NAME,LAST_NAME,EMAIL,MOBILE,CUSTOMER_ID, USER_NAME, PASSWORD) values (250, 'Marianne', 'Bryant', 'marianne.bryant@genworth.com', '83063053', 250, 'hwl_user250', 'SojX201*');
Insert into HWL_CONTACTS (CONTACT_ID,FIRST_NAME,LAST_NAME,EMAIL,MOBILE,CUSTOMER_ID, USER_NAME, PASSWORD) values (251, 'Dustin', 'Paul', 'dustin.paul@yum.com', '93914006', 251, 'hwl_user251', 'NzqY373+');
Insert into HWL_CONTACTS (CONTACT_ID,FIRST_NAME,LAST_NAME,EMAIL,MOBILE,CUSTOMER_ID, USER_NAME, PASSWORD) values (252, 'Elroy', 'Wolf', 'elroy.wolf@ti.com', '95476594', 252, 'hwl_user252', 'HzmZ777*');
Insert into HWL_CONTACTS (CONTACT_ID,FIRST_NAME,LAST_NAME,EMAIL,MOBILE,CUSTOMER_ID, USER_NAME, PASSWORD) values (253, 'Jadwiga', 'Morrison', 'jadwiga.morrison@cdw.com', '99135577', 253, 'hwl_user253', 'IwhC714*');
Insert into HWL_CONTACTS (CONTACT_ID,FIRST_NAME,LAST_NAME,EMAIL,MOBILE,CUSTOMER_ID, USER_NAME, PASSWORD) values (254, 'Isabella', 'Ortega', 'isabella.ortega@paypal.com', '97266210', 254, 'hwl_user254', 'MsdJ724*');
Insert into HWL_CONTACTS (CONTACT_ID,FIRST_NAME,LAST_NAME,EMAIL,MOBILE,CUSTOMER_ID, USER_NAME, PASSWORD) values (255, 'Katia', 'Case', 'katia.case@wm.com', '80000720', 255, 'hwl_user255', 'VndF410*');
Insert into HWL_CONTACTS (CONTACT_ID,FIRST_NAME,LAST_NAME,EMAIL,MOBILE,CUSTOMER_ID, USER_NAME, PASSWORD) values (256, 'Enriqueta', 'Odom', 'enriqueta.odom@mmc.com', '99146884', 256, 'hwl_user256', 'DaaP454*');
Insert into HWL_CONTACTS (CONTACT_ID,FIRST_NAME,LAST_NAME,EMAIL,MOBILE,CUSTOMER_ID, USER_NAME, PASSWORD) values (257, 'Don', 'Hansen', 'don.hansen@chk.com', '98046618', 257, 'hwl_user257', 'OezL741*');
Insert into HWL_CONTACTS (CONTACT_ID,FIRST_NAME,LAST_NAME,EMAIL,MOBILE,CUSTOMER_ID, USER_NAME, PASSWORD) values (258, 'Herb', 'Sloan', 'herb.sloan@pricelinegroup.com', '82223113', 258, 'hwl_user258', 'HztI611+');
Insert into HWL_CONTACTS (CONTACT_ID,FIRST_NAME,LAST_NAME,EMAIL,MOBILE,CUSTOMER_ID, USER_NAME, PASSWORD) values (259, 'Blanche', 'Robbins', 'blanche.robbins@parker.com', '86410006', 259, 'hwl_user259', 'JrsH741*');
Insert into HWL_CONTACTS (CONTACT_ID,FIRST_NAME,LAST_NAME,EMAIL,MOBILE,CUSTOMER_ID, USER_NAME, PASSWORD) values (260, 'Gaynell', 'Burton', 'gaynell.burton@oxy.com', '85367532', 260, 'hwl_user260', 'GhsJ554*');
Insert into HWL_CONTACTS (CONTACT_ID,FIRST_NAME,LAST_NAME,EMAIL,MOBILE,CUSTOMER_ID, USER_NAME, PASSWORD) values (261, 'Marhta', 'Baldwin', 'marhta.baldwin@guardianlife.com', '85344151', 261, 'hwl_user261', 'JfrO239+');
Insert into HWL_CONTACTS (CONTACT_ID,FIRST_NAME,LAST_NAME,EMAIL,MOBILE,CUSTOMER_ID, USER_NAME, PASSWORD) values (262, 'Peter', 'Gamble', 'peter.gamble@mgmresorts.com', '96954587', 262, 'hwl_user262', 'EsaA921*');
Insert into HWL_CONTACTS (CONTACT_ID,FIRST_NAME,LAST_NAME,EMAIL,MOBILE,CUSTOMER_ID, USER_NAME, PASSWORD) values (263, 'Nathan', 'Callahan', 'nathan.callahan@farmers.com', '93608141', 263, 'hwl_user263', 'MwiH124+');
Insert into HWL_CONTACTS (CONTACT_ID,FIRST_NAME,LAST_NAME,EMAIL,MOBILE,CUSTOMER_ID, USER_NAME, PASSWORD) values (264, 'Tereasa', 'Padilla', 'tereasa.padilla@jcpenney.com', '82660070', 264, 'hwl_user264', 'ZonX709*');
Insert into HWL_CONTACTS (CONTACT_ID,FIRST_NAME,LAST_NAME,EMAIL,MOBILE,CUSTOMER_ID, USER_NAME, PASSWORD) values (265, 'Merrilee', 'Phillips', 'merrilee.phillips@conedison.com', '85165129', 265, 'hwl_user265', 'TgtZ926+');
Insert into HWL_CONTACTS (CONTACT_ID,FIRST_NAME,LAST_NAME,EMAIL,MOBILE,CUSTOMER_ID, USER_NAME, PASSWORD) values (266, 'Tisha', 'Mcdonald', 'tisha.mcdonald@autoliv.com', '94840137', 266, 'hwl_user266', 'OiuN403*');
Insert into HWL_CONTACTS (CONTACT_ID,FIRST_NAME,LAST_NAME,EMAIL,MOBILE,CUSTOMER_ID, USER_NAME, PASSWORD) values (267, 'Napoleon', 'Cruz', 'napoleon.cruz@cognizant.com', '81083541', 267, 'hwl_user267', 'TexS539*');
Insert into HWL_CONTACTS (CONTACT_ID,FIRST_NAME,LAST_NAME,EMAIL,MOBILE,CUSTOMER_ID, USER_NAME, PASSWORD) values (268, 'Basilia', 'Downs', 'basilia.downs@vfc.com', '80687445', 268, 'hwl_user268', 'UatC727+');
Insert into HWL_CONTACTS (CONTACT_ID,FIRST_NAME,LAST_NAME,EMAIL,MOBILE,CUSTOMER_ID, USER_NAME, PASSWORD) values (269, 'Alessandra', 'Estrada', 'alessandra.estrada@ameriprise.com', '82203697', 269, 'hwl_user269', 'ChcI631+');
Insert into HWL_CONTACTS (CONTACT_ID,FIRST_NAME,LAST_NAME,EMAIL,MOBILE,CUSTOMER_ID, USER_NAME, PASSWORD) values (270, 'Sherron', 'Flores', 'sherron.flores@fnf.com', '90864881', 270, 'hwl_user270', 'RfeB465*');
Insert into HWL_CONTACTS (CONTACT_ID,FIRST_NAME,LAST_NAME,EMAIL,MOBILE,CUSTOMER_ID, USER_NAME, PASSWORD) values (271, 'Elicia', 'Townsend', 'elicia.townsend@csc.com', '86972376', 271, 'hwl_user271', 'HyhK253+');
Insert into HWL_CONTACTS (CONTACT_ID,FIRST_NAME,LAST_NAME,EMAIL,MOBILE,CUSTOMER_ID, USER_NAME, PASSWORD) values (272, 'Percy', 'Hernandez', 'percy.hernandez@lb.com', '89483103', 272, 'hwl_user272', 'VmlZ502*');
Insert into HWL_CONTACTS (CONTACT_ID,FIRST_NAME,LAST_NAME,EMAIL,MOBILE,CUSTOMER_ID, USER_NAME, PASSWORD) values (273, 'Shelia', 'Cain', 'shelia.cain@jacobs.com', '87651338', 273, 'hwl_user273', 'ElnL264*');
Insert into HWL_CONTACTS (CONTACT_ID,FIRST_NAME,LAST_NAME,EMAIL,MOBILE,CUSTOMER_ID, USER_NAME, PASSWORD) values (274, 'Charlene', 'Booker', 'charlene.booker@republicservices.com', '84020318', 274, 'hwl_user274', 'FgiT656*');
Insert into HWL_CONTACTS (CONTACT_ID,FIRST_NAME,LAST_NAME,EMAIL,MOBILE,CUSTOMER_ID, USER_NAME, PASSWORD) values (275, 'Mac', 'Mckay', 'mac.mckay@principal.com', '98730828', 275, 'hwl_user275', 'HsnY334*');
Insert into HWL_CONTACTS (CONTACT_ID,FIRST_NAME,LAST_NAME,EMAIL,MOBILE,CUSTOMER_ID, USER_NAME, PASSWORD) values (276, 'Jamison', 'Merritt', 'jamison.merritt@rossstores.com', '88327893', 276, 'hwl_user276', 'CzcM533+');
Insert into HWL_CONTACTS (CONTACT_ID,FIRST_NAME,LAST_NAME,EMAIL,MOBILE,CUSTOMER_ID, USER_NAME, PASSWORD) values (277, 'Quinton', 'Woods', 'quinton.woods@bedbathandbeyond.com', '98334253', 277, 'hwl_user277', 'OviJ883*');
Insert into HWL_CONTACTS (CONTACT_ID,FIRST_NAME,LAST_NAME,EMAIL,MOBILE,CUSTOMER_ID, USER_NAME, PASSWORD) values (278, 'Cathey', 'Mcdowell', 'cathey.mcdowell@csx.com', '87224368', 278, 'hwl_user278', 'WeiP822+');
Insert into HWL_CONTACTS (CONTACT_ID,FIRST_NAME,LAST_NAME,EMAIL,MOBILE,CUSTOMER_ID, USER_NAME, PASSWORD) values (279, 'Deneen', 'Hays', 'deneen.hays@toysrusinc.com', '99143882', 279, 'hwl_user279', 'HchJ220*');
Insert into HWL_CONTACTS (CONTACT_ID,FIRST_NAME,LAST_NAME,EMAIL,MOBILE,CUSTOMER_ID, USER_NAME, PASSWORD) values (280, 'Jackson', 'Morin', 'jackson.morin@sands.com', '98569860', 280, 'hwl_user280', 'OojE847*');
Insert into HWL_CONTACTS (CONTACT_ID,FIRST_NAME,LAST_NAME,EMAIL,MOBILE,CUSTOMER_ID, USER_NAME, PASSWORD) values (281, 'Margo', 'Hoffman', 'margo.hoffman@leucadia.com', '83052874', 281, 'hwl_user281', 'JgtG546*');
Insert into HWL_CONTACTS (CONTACT_ID,FIRST_NAME,LAST_NAME,EMAIL,MOBILE,CUSTOMER_ID, USER_NAME, PASSWORD) values (282, 'Adah', 'Myers', 'adah.myers@dom.com', '92893766', 282, 'hwl_user282', 'CfuT918*');
Insert into HWL_CONTACTS (CONTACT_ID,FIRST_NAME,LAST_NAME,EMAIL,MOBILE,CUSTOMER_ID, USER_NAME, PASSWORD) values (283, 'Florene', 'Craig', 'florene.craig@ussteel.com', '85477957', 283, 'hwl_user283', 'GldQ748+');
Insert into HWL_CONTACTS (CONTACT_ID,FIRST_NAME,LAST_NAME,EMAIL,MOBILE,CUSTOMER_ID, USER_NAME, PASSWORD) values (284, 'Janey', 'Burris', 'janey.burris@l-3com.com', '84763558', 284, 'hwl_user284', 'XmbL890*');
Insert into HWL_CONTACTS (CONTACT_ID,FIRST_NAME,LAST_NAME,EMAIL,MOBILE,CUSTOMER_ID, USER_NAME, PASSWORD) values (285, 'Evelina', 'Campbell', 'evelina.campbell@edisoninvestor.com', '99266716', 285, 'hwl_user285', 'ZioO691*');
Insert into HWL_CONTACTS (CONTACT_ID,FIRST_NAME,LAST_NAME,EMAIL,MOBILE,CUSTOMER_ID, USER_NAME, PASSWORD) values (286, 'Thi', 'Maxwell', 'thi.maxwell@entergy.com', '91558909', 286, 'hwl_user286', 'VjeG668*');
Insert into HWL_CONTACTS (CONTACT_ID,FIRST_NAME,LAST_NAME,EMAIL,MOBILE,CUSTOMER_ID, USER_NAME, PASSWORD) values (287, 'Aleshia', 'Reese', 'aleshia.reese@adp.com', '85928003', 287, 'hwl_user287', 'PvwZ840*');
Insert into HWL_CONTACTS (CONTACT_ID,FIRST_NAME,LAST_NAME,EMAIL,MOBILE,CUSTOMER_ID, USER_NAME, PASSWORD) values (288, 'Dorotha', 'Wong', 'dorotha.wong@firstdata.com', '81777049', 288, 'hwl_user288', 'UrwN217*');
Insert into HWL_CONTACTS (CONTACT_ID,FIRST_NAME,LAST_NAME,EMAIL,MOBILE,CUSTOMER_ID, USER_NAME, PASSWORD) values (289, 'Estela', 'Donovan', 'estela.donovan@blackrock.com', '94524805', 289, 'hwl_user289', 'OkaK691+');
Insert into HWL_CONTACTS (CONTACT_ID,FIRST_NAME,LAST_NAME,EMAIL,MOBILE,CUSTOMER_ID, USER_NAME, PASSWORD) values (290, 'Hassan', 'Rivers', 'hassan.rivers@westrock.com', '90689562', 290, 'hwl_user290', 'FezI306*');
Insert into HWL_CONTACTS (CONTACT_ID,FIRST_NAME,LAST_NAME,EMAIL,MOBILE,CUSTOMER_ID, USER_NAME, PASSWORD) values (291, 'Jen', 'Mcmahon', 'jen.mcmahon@voya.com', '93990142', 291, 'hwl_user291', 'BjjJ176*');
Insert into HWL_CONTACTS (CONTACT_ID,FIRST_NAME,LAST_NAME,EMAIL,MOBILE,CUSTOMER_ID, USER_NAME, PASSWORD) values (292, 'Barbie', 'Carter', 'barbie.carter@sherwin.com', '80095197', 292, 'hwl_user292', 'IvwC331+');
Insert into HWL_CONTACTS (CONTACT_ID,FIRST_NAME,LAST_NAME,EMAIL,MOBILE,CUSTOMER_ID, USER_NAME, PASSWORD) values (293, 'Cleo', 'English', 'cleo.english@hiltonworldwide.com', '87853294', 293, 'hwl_user293', 'AftI422+');
Insert into HWL_CONTACTS (CONTACT_ID,FIRST_NAME,LAST_NAME,EMAIL,MOBILE,CUSTOMER_ID, USER_NAME, PASSWORD) values (294, 'Liana', 'Pena', 'liana.pena@corning.com', '97001794', 294, 'hwl_user294', 'WbuA960*');
Insert into HWL_CONTACTS (CONTACT_ID,FIRST_NAME,LAST_NAME,EMAIL,MOBILE,CUSTOMER_ID, USER_NAME, PASSWORD) values (295, 'Francina', 'Slater', 'francina.slater@rrdonnelley.com', '83962074', 295, 'hwl_user295', 'ZrfZ902+');
Insert into HWL_CONTACTS (CONTACT_ID,FIRST_NAME,LAST_NAME,EMAIL,MOBILE,CUSTOMER_ID, USER_NAME, PASSWORD) values (296, 'Josie', 'Steele', 'josie.steele@stanleyblackanddecker.com', '98417344', 296, 'hwl_user296', 'BljR506*');
Insert into HWL_CONTACTS (CONTACT_ID,FIRST_NAME,LAST_NAME,EMAIL,MOBILE,CUSTOMER_ID, USER_NAME, PASSWORD) values (297, 'Maryrose', 'Roberson', 'maryrose.roberson@xcelenergy.com', '93908124', 297, 'hwl_user297', 'HzkX853*');
Insert into HWL_CONTACTS (CONTACT_ID,FIRST_NAME,LAST_NAME,EMAIL,MOBILE,CUSTOMER_ID, USER_NAME, PASSWORD) values (298, 'Elly', 'Salinas', 'elly.salinas@kiewit.com', '89539861', 298, 'hwl_user298', 'TwdC724*');
Insert into HWL_CONTACTS (CONTACT_ID,FIRST_NAME,LAST_NAME,EMAIL,MOBILE,CUSTOMER_ID, USER_NAME, PASSWORD) values (299, 'Ginny', 'Carlson', 'ginny.carlson@orate.murphyusa.com', '88335912', 299, 'hwl_user299', 'HgaO627*');
Insert into HWL_CONTACTS (CONTACT_ID,FIRST_NAME,LAST_NAME,EMAIL,MOBILE,CUSTOMER_ID, USER_NAME, PASSWORD) values (300, 'Mozelle', 'Schneider', 'mozelle.schneider@cbre.com', '83232100', 300, 'hwl_user300', 'YulZ902*');
Insert into HWL_CONTACTS (CONTACT_ID,FIRST_NAME,LAST_NAME,EMAIL,MOBILE,CUSTOMER_ID, USER_NAME, PASSWORD) values (301, 'Adam', 'Jacobs', 'adam.jacobs@univar.com', '84156293', 301, 'hwl_user301', 'VolQ223*');
Insert into HWL_CONTACTS (CONTACT_ID,FIRST_NAME,LAST_NAME,EMAIL,MOBILE,CUSTOMER_ID, USER_NAME, PASSWORD) values (302, 'Vernia', 'Hayes', 'vernia.hayes@drhorton.com', '85058541', 302, 'hwl_user302', 'GaiI834+');
Insert into HWL_CONTACTS (CONTACT_ID,FIRST_NAME,LAST_NAME,EMAIL,MOBILE,CUSTOMER_ID, USER_NAME, PASSWORD) values (303, 'Ismael', 'Solomon', 'ismael.solomon@elcompanies.com', '83131732', 303, 'hwl_user303', 'PrfG532*');
Insert into HWL_CONTACTS (CONTACT_ID,FIRST_NAME,LAST_NAME,EMAIL,MOBILE,CUSTOMER_ID, USER_NAME, PASSWORD) values (304, 'Ivey', 'Rutledge', 'ivey.rutledge@praxair.com', '86213337', 304, 'hwl_user304', 'JsmZ507+');
Insert into HWL_CONTACTS (CONTACT_ID,FIRST_NAME,LAST_NAME,EMAIL,MOBILE,CUSTOMER_ID, USER_NAME, PASSWORD) values (305, 'Jame', 'Terrell', 'jame.terrell@biogen.com', '96036578', 305, 'hwl_user305', 'XymZ232*');
Insert into HWL_CONTACTS (CONTACT_ID,FIRST_NAME,LAST_NAME,EMAIL,MOBILE,CUSTOMER_ID, USER_NAME, PASSWORD) values (306, 'Daina', 'Combs', 'daina.combs@mosaicco.com', '88239122', 306, 'hwl_user306', 'RjzR590+');
Insert into HWL_CONTACTS (CONTACT_ID,FIRST_NAME,LAST_NAME,EMAIL,MOBILE,CUSTOMER_ID, USER_NAME, PASSWORD) values (307, 'Lashunda', 'Davidson', 'lashunda.davidson@statestreet.com', '88241690', 307, 'hwl_user307', 'NhuP941*');
Insert into HWL_CONTACTS (CONTACT_ID,FIRST_NAME,LAST_NAME,EMAIL,MOBILE,CUSTOMER_ID, USER_NAME, PASSWORD) values (308, 'Arlette', 'Thornton', 'arlette.thornton@unum.com', '92915511', 308, 'hwl_user308', 'QdqS438*');
Insert into HWL_CONTACTS (CONTACT_ID,FIRST_NAME,LAST_NAME,EMAIL,MOBILE,CUSTOMER_ID, USER_NAME, PASSWORD) values (309, 'Darron', 'Robertson', 'darron.robertson@reynoldsamerican.com', '91492312', 309, 'hwl_user309', 'MkjS386*');
Insert into HWL_CONTACTS (CONTACT_ID,FIRST_NAME,LAST_NAME,EMAIL,MOBILE,CUSTOMER_ID, USER_NAME, PASSWORD) values (310, 'Maple', 'Barnett', 'maple.barnett@core-mark.com', '92690866', 310, 'hwl_user310', 'HijA924+');
Insert into HWL_CONTACTS (CONTACT_ID,FIRST_NAME,LAST_NAME,EMAIL,MOBILE,CUSTOMER_ID, USER_NAME, PASSWORD) values (311, 'Charlsie', 'Carey', 'charlsie.carey@group1auto.com', '80221994', 311, 'hwl_user311', 'TzqG777+');
Insert into HWL_CONTACTS (CONTACT_ID,FIRST_NAME,LAST_NAME,EMAIL,MOBILE,CUSTOMER_ID, USER_NAME, PASSWORD) values (312, 'Frank', 'Shannon', 'frank.shannon@henryschein.com', '98753158', 312, 'hwl_user312', 'HviP500+');
Insert into HWL_CONTACTS (CONTACT_ID,FIRST_NAME,LAST_NAME,EMAIL,MOBILE,CUSTOMER_ID, USER_NAME, PASSWORD) values (313, 'Josiah', 'Beasley', 'josiah.beasley@hertz.com', '87486441', 313, 'hwl_user313', 'DwkS674+');
Insert into HWL_CONTACTS (CONTACT_ID,FIRST_NAME,LAST_NAME,EMAIL,MOBILE,CUSTOMER_ID, USER_NAME, PASSWORD) values (314, 'Annabelle', 'Butler', 'annabelle.butler@thrivent.com', '82862208', 314, 'hwl_user314', 'OqhI502*');
Insert into HWL_CONTACTS (CONTACT_ID,FIRST_NAME,LAST_NAME,EMAIL,MOBILE,CUSTOMER_ID, USER_NAME, PASSWORD) values (315, 'Ed', 'Mueller', 'ed.mueller@nscorp.com', '83951905', 315, 'hwl_user315', 'DozZ474*');
Insert into HWL_CONTACTS (CONTACT_ID,FIRST_NAME,LAST_NAME,EMAIL,MOBILE,CUSTOMER_ID, USER_NAME, PASSWORD) values (316, 'Colleen', 'Estrada', 'colleen.estrada@rgare.com', '99849271', 316, 'hwl_user316', 'KbfY236+');
Insert into HWL_CONTACTS (CONTACT_ID,FIRST_NAME,LAST_NAME,EMAIL,MOBILE,CUSTOMER_ID, USER_NAME, PASSWORD) values (317, 'Nikia', 'Kent', 'nikia.kent@pseg.com', '99763866', 317, 'hwl_user317', 'YrlH234*');
Insert into HWL_CONTACTS (CONTACT_ID,FIRST_NAME,LAST_NAME,EMAIL,MOBILE,CUSTOMER_ID, USER_NAME, PASSWORD) values (318, 'Amber', 'Brady', 'amber.brady@c-a-m.com', '86858649', 318, 'hwl_user318', 'EsmX882+');
Insert into HWL_CONTACTS (CONTACT_ID,FIRST_NAME,LAST_NAME,EMAIL,MOBILE,CUSTOMER_ID, USER_NAME, PASSWORD) values (319, 'Wendell', 'Massey', 'wendell.massey@bbt.com', '85685021', 319, 'hwl_user319', 'OziN334*');


REM INSERTING into HWL_ORDERS
SET DEFINE OFF;
Insert into HWL_ORDERS (ORDER_ID,CUSTOMER_ID,STATUS,SALESMAN_ID,ORDER_DATE, CC_NUMBER) values (105, 1, 'Pending', 54, to_date('17-Nov-16', 'DD-MON-RR'), '4830-7952-8682-3220');
Insert into HWL_ORDERS (ORDER_ID,CUSTOMER_ID,STATUS,SALESMAN_ID,ORDER_DATE, CC_NUMBER) values (61, 2, 'Shipped', 54, to_date('30-Jun-16', 'DD-MON-RR'), '2726-5036-2561-1610');
Insert into HWL_ORDERS (ORDER_ID,CUSTOMER_ID,STATUS,SALESMAN_ID,ORDER_DATE, CC_NUMBER) values (69, 44, 'Canceled', 54, to_date('17-Mar-17', 'DD-MON-RR'), '5378-4946-0234-5230');
Insert into HWL_ORDERS (ORDER_ID,CUSTOMER_ID,STATUS,SALESMAN_ID,ORDER_DATE, CC_NUMBER) values (71, 46, 'Shipped', 54, to_date('21-Feb-17', 'DD-MON-RR'), '4611-9888-0581-2600');
Insert into HWL_ORDERS (ORDER_ID,CUSTOMER_ID,STATUS,SALESMAN_ID,ORDER_DATE, CC_NUMBER) values (100, 16, 'Pending', 54, to_date('5-Jan-17', 'DD-MON-RR'), '4613-9053-0655-1050');
Insert into HWL_ORDERS (ORDER_ID,CUSTOMER_ID,STATUS,SALESMAN_ID,ORDER_DATE, CC_NUMBER) values (44, 2, 'Pending', 55, to_date('20-Feb-17', 'DD-MON-RR'), '1472-9319-1465-4530');
Insert into HWL_ORDERS (ORDER_ID,CUSTOMER_ID,STATUS,SALESMAN_ID,ORDER_DATE, CC_NUMBER) values (101, 3, 'Pending', 55, to_date('3-Jan-17', 'DD-MON-RR'), '6208-3729-8867-9220');
Insert into HWL_ORDERS (ORDER_ID,CUSTOMER_ID,STATUS,SALESMAN_ID,ORDER_DATE, CC_NUMBER) values (49, 61, 'Shipped', 55, to_date('2-Oct-16', 'DD-MON-RR'), '3325-1640-5141-0260');
Insert into HWL_ORDERS (ORDER_ID,CUSTOMER_ID,STATUS,SALESMAN_ID,ORDER_DATE, CC_NUMBER) values (50, 62, 'Pending', 55, to_date('2-Oct-16', 'DD-MON-RR'), '1688-8329-6518-0400');
Insert into HWL_ORDERS (ORDER_ID,CUSTOMER_ID,STATUS,SALESMAN_ID,ORDER_DATE, CC_NUMBER) values (56, 67, 'Canceled', 55, to_date('29-Sep-16', 'DD-MON-RR'), '4715-1781-7146-7360');
Insert into HWL_ORDERS (ORDER_ID,CUSTOMER_ID,STATUS,SALESMAN_ID,ORDER_DATE, CC_NUMBER) values (76, 17, 'Shipped', 55, to_date('10-Feb-17', 'DD-MON-RR'), '2738-8427-6833-9940');
Insert into HWL_ORDERS (ORDER_ID,CUSTOMER_ID,STATUS,SALESMAN_ID,ORDER_DATE, CC_NUMBER) values (85, 4, 'Pending', 55, to_date('1-Dec-16', 'DD-MON-RR'), '8721-2593-1257-9890');
Insert into HWL_ORDERS (ORDER_ID,CUSTOMER_ID,STATUS,SALESMAN_ID,ORDER_DATE, CC_NUMBER) values (89, 7, 'Shipped', 55, to_date('27-Oct-15', 'DD-MON-RR'), '8323-8644-8426-9790');
Insert into HWL_ORDERS (ORDER_ID,CUSTOMER_ID,STATUS,SALESMAN_ID,ORDER_DATE, CC_NUMBER) values (90, 8, 'Pending', 55, to_date('28-Oct-15', 'DD-MON-RR'), '7043-4151-8149-3470');
Insert into HWL_ORDERS (ORDER_ID,CUSTOMER_ID,STATUS,SALESMAN_ID,ORDER_DATE, CC_NUMBER) values (98, 48, 'Shipped', 55, to_date('18-Mar-17', 'DD-MON-RR'), '4999-8700-0221-3990');
Insert into HWL_ORDERS (ORDER_ID,CUSTOMER_ID,STATUS,SALESMAN_ID,ORDER_DATE, CC_NUMBER) values (1, 4, 'Pending', 56, to_date('15-Oct-17', 'DD-MON-RR'), '4909-5208-3210-3720');
Insert into HWL_ORDERS (ORDER_ID,CUSTOMER_ID,STATUS,SALESMAN_ID,ORDER_DATE, CC_NUMBER) values (5, 5, 'Canceled', 56, to_date('9-Apr-17', 'DD-MON-RR'), '6740-0190-6570-2980');
Insert into HWL_ORDERS (ORDER_ID,CUSTOMER_ID,STATUS,SALESMAN_ID,ORDER_DATE, CC_NUMBER) values (54, 65, 'Shipped', 56, to_date('29-Sep-16', 'DD-MON-RR'), '4165-2625-9303-5970');
Insert into HWL_ORDERS (ORDER_ID,CUSTOMER_ID,STATUS,SALESMAN_ID,ORDER_DATE, CC_NUMBER) values (91, 9, 'Pending', 56, to_date('28-Oct-16', 'DD-MON-RR'), '3664-6702-9444-8930');
Insert into HWL_ORDERS (ORDER_ID,CUSTOMER_ID,STATUS,SALESMAN_ID,ORDER_DATE, CC_NUMBER) values (96, 46, 'Shipped', 56, to_date('14-Sep-16', 'DD-MON-RR'), '1281-1616-9252-2920');
Insert into HWL_ORDERS (ORDER_ID,CUSTOMER_ID,STATUS,SALESMAN_ID,ORDER_DATE, CC_NUMBER) values (28, 6, 'Canceled', 57, to_date('15-Aug-17', 'DD-MON-RR'), '5811-3761-3569-0330');
Insert into HWL_ORDERS (ORDER_ID,CUSTOMER_ID,STATUS,SALESMAN_ID,ORDER_DATE, CC_NUMBER) values (87, 7, 'Canceled', 57, to_date('1-Dec-16', 'DD-MON-RR'), '7716-6733-7320-2470');
Insert into HWL_ORDERS (ORDER_ID,CUSTOMER_ID,STATUS,SALESMAN_ID,ORDER_DATE, CC_NUMBER) values (38, 53, 'Canceled', 57, to_date('31-May-15', 'DD-MON-RR'), '5383-7546-0574-8460');
Insert into HWL_ORDERS (ORDER_ID,CUSTOMER_ID,STATUS,SALESMAN_ID,ORDER_DATE, CC_NUMBER) values (57, 68, 'Shipped', 57, to_date('24-Aug-17', 'DD-MON-RR'), '3839-3199-7349-1660');
Insert into HWL_ORDERS (ORDER_ID,CUSTOMER_ID,STATUS,SALESMAN_ID,ORDER_DATE, CC_NUMBER) values (58, 69, 'Shipped', 57, to_date('24-Aug-16', 'DD-MON-RR'), '4334-2757-2063-3770');
Insert into HWL_ORDERS (ORDER_ID,CUSTOMER_ID,STATUS,SALESMAN_ID,ORDER_DATE, CC_NUMBER) values (4, 8, 'Shipped', 59, to_date('9-Apr-15', 'DD-MON-RR'), '7224-3873-6668-4910');
Insert into HWL_ORDERS (ORDER_ID,CUSTOMER_ID,STATUS,SALESMAN_ID,ORDER_DATE, CC_NUMBER) values (41, 9, 'Shipped', 59, to_date('11-May-17', 'DD-MON-RR'), '5584-3212-5245-4350');
Insert into HWL_ORDERS (ORDER_ID,CUSTOMER_ID,STATUS,SALESMAN_ID,ORDER_DATE, CC_NUMBER) values (51, 63, 'Shipped', 59, to_date('2-Oct-16', 'DD-MON-RR'), '3690-4021-5043-3500');
Insert into HWL_ORDERS (ORDER_ID,CUSTOMER_ID,STATUS,SALESMAN_ID,ORDER_DATE, CC_NUMBER) values (55, 66, 'Pending', 59, to_date('29-Sep-16', 'DD-MON-RR'), '9394-3331-7906-9350');
Insert into HWL_ORDERS (ORDER_ID,CUSTOMER_ID,STATUS,SALESMAN_ID,ORDER_DATE, CC_NUMBER) values (59, 70, 'Shipped', 59, to_date('29-Jun-15', 'DD-MON-RR'), '4285-0536-1071-2870');
Insert into HWL_ORDERS (ORDER_ID,CUSTOMER_ID,STATUS,SALESMAN_ID,ORDER_DATE, CC_NUMBER) values (92, 44, 'Shipped', 59, to_date('28-Oct-15', 'DD-MON-RR'), '1501-3419-5949-6050');
Insert into HWL_ORDERS (ORDER_ID,CUSTOMER_ID,STATUS,SALESMAN_ID,ORDER_DATE, CC_NUMBER) values (95, 45, 'Shipped', 59, to_date('19-Sep-16', 'DD-MON-RR'), '3744-8334-0866-6760');
Insert into HWL_ORDERS (ORDER_ID,CUSTOMER_ID,STATUS,SALESMAN_ID,ORDER_DATE, CC_NUMBER) values (82, 44, 'Shipped', 60, to_date('3-Dec-16', 'DD-MON-RR'), '7348-7418-1146-1780');
Insert into HWL_ORDERS (ORDER_ID,CUSTOMER_ID,STATUS,SALESMAN_ID,ORDER_DATE, CC_NUMBER) values (52, 64, 'Shipped', 60, to_date('2-Oct-16', 'DD-MON-RR'), '5468-2113-1599-2100');
Insert into HWL_ORDERS (ORDER_ID,CUSTOMER_ID,STATUS,SALESMAN_ID,ORDER_DATE, CC_NUMBER) values (77, 1, 'Shipped', 60, to_date('2-Jan-17', 'DD-MON-RR'), '4671-9774-8716-8650');
Insert into HWL_ORDERS (ORDER_ID,CUSTOMER_ID,STATUS,SALESMAN_ID,ORDER_DATE, CC_NUMBER) values (86, 5, 'Pending', 60, to_date('30-Nov-16', 'DD-MON-RR'), '9537-5405-8000-9100');
Insert into HWL_ORDERS (ORDER_ID,CUSTOMER_ID,STATUS,SALESMAN_ID,ORDER_DATE, CC_NUMBER) values (97, 47, 'Canceled', 60, to_date('12-Jul-16', 'DD-MON-RR'), '6971-3437-1082-7190');
Insert into HWL_ORDERS (ORDER_ID,CUSTOMER_ID,STATUS,SALESMAN_ID,ORDER_DATE, CC_NUMBER) values (99, 49, 'Shipped', 60, to_date('7-Jan-17', 'DD-MON-RR'), '3680-2409-1806-5150');
Insert into HWL_ORDERS (ORDER_ID,CUSTOMER_ID,STATUS,SALESMAN_ID,ORDER_DATE, CC_NUMBER) values (104, 18, 'Shipped', 60, to_date('1-Feb-17', 'DD-MON-RR'), '4285-2337-9534-1360');
Insert into HWL_ORDERS (ORDER_ID,CUSTOMER_ID,STATUS,SALESMAN_ID,ORDER_DATE, CC_NUMBER) values (102, 45, 'Shipped', 61, to_date('20-Dec-16', 'DD-MON-RR'), '1630-2898-7840-9410');
Insert into HWL_ORDERS (ORDER_ID,CUSTOMER_ID,STATUS,SALESMAN_ID,ORDER_DATE, CC_NUMBER) values (63, 4, 'Shipped', 61, to_date('30-Jun-16', 'DD-MON-RR'), '6304-9296-8966-0520');
Insert into HWL_ORDERS (ORDER_ID,CUSTOMER_ID,STATUS,SALESMAN_ID,ORDER_DATE, CC_NUMBER) values (66, 7, 'Canceled', 61, to_date('21-Jun-16', 'DD-MON-RR'), '8592-1841-7972-3990');
Insert into HWL_ORDERS (ORDER_ID,CUSTOMER_ID,STATUS,SALESMAN_ID,ORDER_DATE, CC_NUMBER) values (67, 8, 'Canceled', 61, to_date('14-Jun-16', 'DD-MON-RR'), '2525-0911-5334-9420');
Insert into HWL_ORDERS (ORDER_ID,CUSTOMER_ID,STATUS,SALESMAN_ID,ORDER_DATE, CC_NUMBER) values (70, 45, 'Canceled', 61, to_date('21-Feb-17', 'DD-MON-RR'), '8896-7502-1251-5830');
Insert into HWL_ORDERS (ORDER_ID,CUSTOMER_ID,STATUS,SALESMAN_ID,ORDER_DATE, CC_NUMBER) values (88, 6, 'Shipped', 61, to_date('1-Nov-17', 'DD-MON-RR'), '2350-8041-9886-9160');
Insert into HWL_ORDERS (ORDER_ID,CUSTOMER_ID,STATUS,SALESMAN_ID,ORDER_DATE, CC_NUMBER) values (26, 46, 'Shipped', 62, to_date('16-Aug-16', 'DD-MON-RR'), '5394-9840-5879-7290');
Insert into HWL_ORDERS (ORDER_ID,CUSTOMER_ID,STATUS,SALESMAN_ID,ORDER_DATE, CC_NUMBER) values (43, 47, 'Shipped', 62, to_date('2-May-15', 'DD-MON-RR'), '1624-7071-7232-8370');
Insert into HWL_ORDERS (ORDER_ID,CUSTOMER_ID,STATUS,SALESMAN_ID,ORDER_DATE, CC_NUMBER) values (53, 48, 'Shipped', 62, to_date('29-Sep-16', 'DD-MON-RR'), '2413-3008-8959-5800');
Insert into HWL_ORDERS (ORDER_ID,CUSTOMER_ID,STATUS,SALESMAN_ID,ORDER_DATE, CC_NUMBER) values (81, 49, 'Shipped', 62, to_date('13-Dec-16', 'DD-MON-RR'), '1937-9873-8180-1790');
Insert into HWL_ORDERS (ORDER_ID,CUSTOMER_ID,STATUS,SALESMAN_ID,ORDER_DATE, CC_NUMBER) values (83, 16, 'Shipped', 62, to_date('2-Dec-16', 'DD-MON-RR'), '2591-1026-5192-2290');
Insert into HWL_ORDERS (ORDER_ID,CUSTOMER_ID,STATUS,SALESMAN_ID,ORDER_DATE, CC_NUMBER) values (93, 17, 'Shipped', 62, to_date('27-Oct-16', 'DD-MON-RR'), '4751-3439-6926-1560');
Insert into HWL_ORDERS (ORDER_ID,CUSTOMER_ID,STATUS,SALESMAN_ID,ORDER_DATE, CC_NUMBER) values (94, 1, 'Shipped', 62, to_date('27-Oct-17', 'DD-MON-RR'), '2500-3255-1549-8270');
Insert into HWL_ORDERS (ORDER_ID,CUSTOMER_ID,STATUS,SALESMAN_ID,ORDER_DATE, CC_NUMBER) values (39, 54, 'Shipped', 62, to_date('22-Oct-16', 'DD-MON-RR'), '2512-4817-1384-1580');
Insert into HWL_ORDERS (ORDER_ID,CUSTOMER_ID,STATUS,SALESMAN_ID,ORDER_DATE, CC_NUMBER) values (40, 55, 'Shipped', 62, to_date('11-May-17', 'DD-MON-RR'), '9261-6904-5863-2200');
Insert into HWL_ORDERS (ORDER_ID,CUSTOMER_ID,STATUS,SALESMAN_ID,ORDER_DATE, CC_NUMBER) values (46, 58, 'Pending', 62, to_date('20-Feb-17', 'DD-MON-RR'), '7755-7806-7356-7600');
Insert into HWL_ORDERS (ORDER_ID,CUSTOMER_ID,STATUS,SALESMAN_ID,ORDER_DATE, CC_NUMBER) values (47, 59, 'Canceled', 62, to_date('10-Oct-16', 'DD-MON-RR'), '1184-6386-7128-6930');
Insert into HWL_ORDERS (ORDER_ID,CUSTOMER_ID,STATUS,SALESMAN_ID,ORDER_DATE, CC_NUMBER) values (60, 1, 'Shipped', 62, to_date('30-Jun-17', 'DD-MON-RR'), '6560-1841-5896-2430');
Insert into HWL_ORDERS (ORDER_ID,CUSTOMER_ID,STATUS,SALESMAN_ID,ORDER_DATE, CC_NUMBER) values (62, 3, 'Shipped', 62, to_date('30-Jun-15', 'DD-MON-RR'), '3325-4323-2485-5230');
Insert into HWL_ORDERS (ORDER_ID,CUSTOMER_ID,STATUS,SALESMAN_ID,ORDER_DATE, CC_NUMBER) values (79, 2, 'Shipped', 64, to_date('14-Dec-16', 'DD-MON-RR'), '2903-6880-7381-9560');
Insert into HWL_ORDERS (ORDER_ID,CUSTOMER_ID,STATUS,SALESMAN_ID,ORDER_DATE, CC_NUMBER) values (80, 3, 'Shipped', 64, to_date('13-Dec-16', 'DD-MON-RR'), '8863-4679-2496-9830');
Insert into HWL_ORDERS (ORDER_ID,CUSTOMER_ID,STATUS,SALESMAN_ID,ORDER_DATE, CC_NUMBER) values (42, 56, 'Canceled', 64, to_date('3-May-15', 'DD-MON-RR'), '9852-6730-7610-9960');
Insert into HWL_ORDERS (ORDER_ID,CUSTOMER_ID,STATUS,SALESMAN_ID,ORDER_DATE, CC_NUMBER) values (45, 57, 'Shipped', 64, to_date('20-Feb-17', 'DD-MON-RR'), '3646-3215-1332-5940');
Insert into HWL_ORDERS (ORDER_ID,CUSTOMER_ID,STATUS,SALESMAN_ID,ORDER_DATE, CC_NUMBER) values (48, 60, 'Canceled', 64, to_date('10-Oct-16', 'DD-MON-RR'), '1368-0332-4942-9310');
Insert into HWL_ORDERS (ORDER_ID,CUSTOMER_ID,STATUS,SALESMAN_ID,ORDER_DATE, CC_NUMBER) values (64, 5, 'Shipped', 64, to_date('21-Jun-16', 'DD-MON-RR'), '9474-3664-2813-2660');
Insert into HWL_ORDERS (ORDER_ID,CUSTOMER_ID,STATUS,SALESMAN_ID,ORDER_DATE, CC_NUMBER) values (65, 6, 'Shipped', 64, to_date('21-Jun-13', 'DD-MON-RR'), '8240-4787-9492-5230');
Insert into HWL_ORDERS (ORDER_ID,CUSTOMER_ID,STATUS,SALESMAN_ID,ORDER_DATE, CC_NUMBER) values (72, 47, 'Shipped', 64, to_date('17-Feb-16', 'DD-MON-RR'), '1603-0156-8142-0830');
Insert into HWL_ORDERS (ORDER_ID,CUSTOMER_ID,STATUS,SALESMAN_ID,ORDER_DATE, CC_NUMBER) values (74, 49, 'Shipped', 64, to_date('10-Feb-17', 'DD-MON-RR'), '5502-6163-3498-3390');
Insert into HWL_ORDERS (ORDER_ID,CUSTOMER_ID,STATUS,SALESMAN_ID,ORDER_DATE, CC_NUMBER) values (78, 2, 'Pending', 64, to_date('14-Dec-15', 'DD-MON-RR'), '6870-9853-5109-5750');
Insert into HWL_ORDERS (ORDER_ID,CUSTOMER_ID,STATUS,SALESMAN_ID,ORDER_DATE, CC_NUMBER) values (84, 3, 'Shipped', 64, to_date('1-Dec-15', 'DD-MON-RR'), '1413-6766-0301-3030');
Insert into HWL_ORDERS (ORDER_ID,CUSTOMER_ID,STATUS,SALESMAN_ID,ORDER_DATE, CC_NUMBER) values (103, 17, 'Pending', 64, to_date('8-Feb-16', 'DD-MON-RR'), '7116-3109-2711-4500');
Insert into HWL_ORDERS (ORDER_ID,CUSTOMER_ID,STATUS,ORDER_DATE, CC_NUMBER) values (2, 4, 'Shipped', to_date('26-Apr-15', 'DD-MON-RR'), '4248-5959-9976-1590');
Insert into HWL_ORDERS (ORDER_ID,CUSTOMER_ID,STATUS,ORDER_DATE, CC_NUMBER) values (3, 5, 'Shipped', to_date('26-Apr-17', 'DD-MON-RR'), '4262-9719-5763-6970');
Insert into HWL_ORDERS (ORDER_ID,CUSTOMER_ID,STATUS,ORDER_DATE, CC_NUMBER) values (6, 6, 'Shipped', to_date('9-Apr-15', 'DD-MON-RR'), '8710-4606-1440-5850');
Insert into HWL_ORDERS (ORDER_ID,CUSTOMER_ID,STATUS,ORDER_DATE, CC_NUMBER) values (7, 7, 'Shipped', to_date('15-Feb-17', 'DD-MON-RR'), '9707-3785-4111-4390');
Insert into HWL_ORDERS (ORDER_ID,CUSTOMER_ID,STATUS,ORDER_DATE, CC_NUMBER) values (8, 8, 'Shipped', to_date('14-Feb-17', 'DD-MON-RR'), '5028-7589-7781-8830');
Insert into HWL_ORDERS (ORDER_ID,CUSTOMER_ID,STATUS,ORDER_DATE, CC_NUMBER) values (9, 9, 'Shipped', to_date('14-Feb-17', 'DD-MON-RR'), '5172-7210-8048-6420');
Insert into HWL_ORDERS (ORDER_ID,CUSTOMER_ID,STATUS,ORDER_DATE, CC_NUMBER) values (10, 44, 'Pending', to_date('24-Jan-17', 'DD-MON-RR'), '3349-1820-7356-4130');
Insert into HWL_ORDERS (ORDER_ID,CUSTOMER_ID,STATUS,ORDER_DATE, CC_NUMBER) values (11, 45, 'Shipped', to_date('29-Nov-16', 'DD-MON-RR'), '4409-6360-3997-8390');
Insert into HWL_ORDERS (ORDER_ID,CUSTOMER_ID,STATUS,ORDER_DATE, CC_NUMBER) values (12, 46, 'Shipped', to_date('29-Nov-16', 'DD-MON-RR'), '6654-7026-6656-0640');
Insert into HWL_ORDERS (ORDER_ID,CUSTOMER_ID,STATUS,ORDER_DATE, CC_NUMBER) values (13, 47, 'Shipped', to_date('29-Nov-16', 'DD-MON-RR'), '4635-6910-6108-0710');
Insert into HWL_ORDERS (ORDER_ID,CUSTOMER_ID,STATUS,ORDER_DATE, CC_NUMBER) values (14, 48, 'Shipped', to_date('28-Sep-17', 'DD-MON-RR'), '5898-5066-8866-4910');
Insert into HWL_ORDERS (ORDER_ID,CUSTOMER_ID,STATUS,ORDER_DATE, CC_NUMBER) values (15, 49, 'Shipped', to_date('27-Sep-17', 'DD-MON-RR'), '4395-9223-8982-2640');
Insert into HWL_ORDERS (ORDER_ID,CUSTOMER_ID,STATUS,ORDER_DATE, CC_NUMBER) values (16, 16, 'Pending', to_date('27-Sep-16', 'DD-MON-RR'), '8807-8804-4627-7040');
Insert into HWL_ORDERS (ORDER_ID,CUSTOMER_ID,STATUS,ORDER_DATE, CC_NUMBER) values (17, 17, 'Shipped', to_date('27-Sep-17', 'DD-MON-RR'), '1149-0571-1392-4940');
Insert into HWL_ORDERS (ORDER_ID,CUSTOMER_ID,STATUS,ORDER_DATE, CC_NUMBER) values (18, 18, 'Shipped', to_date('16-Aug-16', 'DD-MON-RR'), '8382-4544-3186-8870');
Insert into HWL_ORDERS (ORDER_ID,CUSTOMER_ID,STATUS,ORDER_DATE, CC_NUMBER) values (19, 19, 'Shipped', to_date('27-May-16', 'DD-MON-RR'), '4091-2040-7057-4810');
Insert into HWL_ORDERS (ORDER_ID,CUSTOMER_ID,STATUS,ORDER_DATE, CC_NUMBER) values (20, 20, 'Shipped', to_date('27-May-17', 'DD-MON-RR'), '1516-3762-6343-4860');
Insert into HWL_ORDERS (ORDER_ID,CUSTOMER_ID,STATUS,ORDER_DATE, CC_NUMBER) values (21, 21, 'Pending', to_date('27-May-17', 'DD-MON-RR'), '5232-4061-1596-1670');
Insert into HWL_ORDERS (ORDER_ID,CUSTOMER_ID,STATUS,ORDER_DATE, CC_NUMBER) values (22, 22, 'Canceled', to_date('26-May-16', 'DD-MON-RR'), '9192-3840-0805-4020');
Insert into HWL_ORDERS (ORDER_ID,CUSTOMER_ID,STATUS,ORDER_DATE, CC_NUMBER) values (23, 23, 'Shipped', to_date('7-Sep-16', 'DD-MON-RR'), '6858-5348-9521-1690');
Insert into HWL_ORDERS (ORDER_ID,CUSTOMER_ID,STATUS,ORDER_DATE, CC_NUMBER) values (24, 41, 'Shipped', to_date('7-Sep-16', 'DD-MON-RR'), '7113-9106-7794-3920');
Insert into HWL_ORDERS (ORDER_ID,CUSTOMER_ID,STATUS,ORDER_DATE, CC_NUMBER) values (25, 42, 'Shipped', to_date('24-Aug-16', 'DD-MON-RR'), '2837-9228-6253-5160');
Insert into HWL_ORDERS (ORDER_ID,CUSTOMER_ID,STATUS,ORDER_DATE, CC_NUMBER) values (27, 43, 'Canceled', to_date('16-Aug-16', 'DD-MON-RR'), '4771-7592-7288-2260');
Insert into HWL_ORDERS (ORDER_ID,CUSTOMER_ID,STATUS,ORDER_DATE, CC_NUMBER) values (29, 44, 'Shipped', to_date('14-Aug-17', 'DD-MON-RR'), '4360-4767-1243-5910');
Insert into HWL_ORDERS (ORDER_ID,CUSTOMER_ID,STATUS,ORDER_DATE, CC_NUMBER) values (30, 45, 'Shipped', to_date('12-Aug-17', 'DD-MON-RR'), '4343-7270-9443-2670');
Insert into HWL_ORDERS (ORDER_ID,CUSTOMER_ID,STATUS,ORDER_DATE, CC_NUMBER) values (31, 46, 'Canceled', to_date('12-Aug-17', 'DD-MON-RR'), '7253-2130-3567-1430');
Insert into HWL_ORDERS (ORDER_ID,CUSTOMER_ID,STATUS,ORDER_DATE, CC_NUMBER) values (32, 47, 'Shipped', to_date('9-Mar-17', 'DD-MON-RR'), '7784-8295-3856-4680');
Insert into HWL_ORDERS (ORDER_ID,CUSTOMER_ID,STATUS,ORDER_DATE, CC_NUMBER) values (33, 48, 'Shipped', to_date('7-Mar-17', 'DD-MON-RR'), '8991-9481-7911-1400');
Insert into HWL_ORDERS (ORDER_ID,CUSTOMER_ID,STATUS,ORDER_DATE, CC_NUMBER) values (34, 49, 'Shipped', to_date('12-Jun-16', 'DD-MON-RR'), '8519-0512-2988-0510');
Insert into HWL_ORDERS (ORDER_ID,CUSTOMER_ID,STATUS,ORDER_DATE, CC_NUMBER) values (35, 50, 'Shipped', to_date('5-Sep-16', 'DD-MON-RR'), '1558-2170-0690-8330');
Insert into HWL_ORDERS (ORDER_ID,CUSTOMER_ID,STATUS,ORDER_DATE, CC_NUMBER) values (36, 51, 'Shipped', to_date('5-Sep-17', 'DD-MON-RR'), '7794-1792-8403-1450');
Insert into HWL_ORDERS (ORDER_ID,CUSTOMER_ID,STATUS,ORDER_DATE, CC_NUMBER) values (37, 52, 'Shipped', to_date('19-Feb-17', 'DD-MON-RR'), '9255-2879-8104-4530');
Insert into HWL_ORDERS (ORDER_ID,CUSTOMER_ID,STATUS,ORDER_DATE, CC_NUMBER) values (68, 9, 'Pending', to_date('13-Jun-16', 'DD-MON-RR'), '6756-6675-2756-7060');
Insert into HWL_ORDERS (ORDER_ID,CUSTOMER_ID,STATUS,ORDER_DATE, CC_NUMBER) values (73, 48, 'Shipped', to_date('17-Feb-16', 'DD-MON-RR'), '4297-6521-0463-6210');
Insert into HWL_ORDERS (ORDER_ID,CUSTOMER_ID,STATUS,ORDER_DATE, CC_NUMBER) values (75, 16, 'Shipped', to_date('10-Feb-17', 'DD-MON-RR'), '8221-7161-5047-8840');

REM INSERTING into HWL_ORDER_ITEMS
SET DEFINE OFF;
Insert into HWL_ORDER_ITEMS (ORDER_ID,ITEM_ID,PRODUCT_ID,QUANTITY,UNIT_PRICE) values (70,7,32,132,469.99);
Insert into HWL_ORDER_ITEMS (ORDER_ID,ITEM_ID,PRODUCT_ID,QUANTITY,UNIT_PRICE) values (73,5,192,124,519.99);
Insert into HWL_ORDER_ITEMS (ORDER_ID,ITEM_ID,PRODUCT_ID,QUANTITY,UNIT_PRICE) values (74,7,27,92,800.74);
Insert into HWL_ORDER_ITEMS (ORDER_ID,ITEM_ID,PRODUCT_ID,QUANTITY,UNIT_PRICE) values (75,11,6,128,849.99);
Insert into HWL_ORDER_ITEMS (ORDER_ID,ITEM_ID,PRODUCT_ID,QUANTITY,UNIT_PRICE) values (76,10,95,106,109.99);
Insert into HWL_ORDER_ITEMS (ORDER_ID,ITEM_ID,PRODUCT_ID,QUANTITY,UNIT_PRICE) values (77,5,271,148,549.59);
Insert into HWL_ORDER_ITEMS (ORDER_ID,ITEM_ID,PRODUCT_ID,QUANTITY,UNIT_PRICE) values (81,7,79,127,659.99);
Insert into HWL_ORDER_ITEMS (ORDER_ID,ITEM_ID,PRODUCT_ID,QUANTITY,UNIT_PRICE) values (82,9,284,138,54.99);
Insert into HWL_ORDER_ITEMS (ORDER_ID,ITEM_ID,PRODUCT_ID,QUANTITY,UNIT_PRICE) values (83,8,174,117,798.26);
Insert into HWL_ORDER_ITEMS (ORDER_ID,ITEM_ID,PRODUCT_ID,QUANTITY,UNIT_PRICE) values (84,6,131,34,279.99);
Insert into HWL_ORDER_ITEMS (ORDER_ID,ITEM_ID,PRODUCT_ID,QUANTITY,UNIT_PRICE) values (87,11,271,58,549.59);
Insert into HWL_ORDER_ITEMS (ORDER_ID,ITEM_ID,PRODUCT_ID,QUANTITY,UNIT_PRICE) values (90,8,92,49,2200);
Insert into HWL_ORDER_ITEMS (ORDER_ID,ITEM_ID,PRODUCT_ID,QUANTITY,UNIT_PRICE) values (91,11,226,77,309.85);
Insert into HWL_ORDER_ITEMS (ORDER_ID,ITEM_ID,PRODUCT_ID,QUANTITY,UNIT_PRICE) values (93,5,121,141,721.99);
Insert into HWL_ORDER_ITEMS (ORDER_ID,ITEM_ID,PRODUCT_ID,QUANTITY,UNIT_PRICE) values (94,9,12,33,824.98);
Insert into HWL_ORDER_ITEMS (ORDER_ID,ITEM_ID,PRODUCT_ID,QUANTITY,UNIT_PRICE) values (99,9,17,144,699.01);
Insert into HWL_ORDER_ITEMS (ORDER_ID,ITEM_ID,PRODUCT_ID,QUANTITY,UNIT_PRICE) values (102,3,247,149,339.99);
Insert into HWL_ORDER_ITEMS (ORDER_ID,ITEM_ID,PRODUCT_ID,QUANTITY,UNIT_PRICE) values (104,7,178,145,1999.89);
Insert into HWL_ORDER_ITEMS (ORDER_ID,ITEM_ID,PRODUCT_ID,QUANTITY,UNIT_PRICE) values (105,6,183,79,899.99);
Insert into HWL_ORDER_ITEMS (ORDER_ID,ITEM_ID,PRODUCT_ID,QUANTITY,UNIT_PRICE) values (2,9,200,75,620.95);
Insert into HWL_ORDER_ITEMS (ORDER_ID,ITEM_ID,PRODUCT_ID,QUANTITY,UNIT_PRICE) values (4,8,18,116,799);
Insert into HWL_ORDER_ITEMS (ORDER_ID,ITEM_ID,PRODUCT_ID,QUANTITY,UNIT_PRICE) values (6,7,7,119,680.99);
Insert into HWL_ORDER_ITEMS (ORDER_ID,ITEM_ID,PRODUCT_ID,QUANTITY,UNIT_PRICE) values (8,9,268,148,47.88);
Insert into HWL_ORDER_ITEMS (ORDER_ID,ITEM_ID,PRODUCT_ID,QUANTITY,UNIT_PRICE) values (2,1,43,111,298.98);
Insert into HWL_ORDER_ITEMS (ORDER_ID,ITEM_ID,PRODUCT_ID,QUANTITY,UNIT_PRICE) values (3,1,24,111,66.89);
Insert into HWL_ORDER_ITEMS (ORDER_ID,ITEM_ID,PRODUCT_ID,QUANTITY,UNIT_PRICE) values (4,1,280,47,149.88);
Insert into HWL_ORDER_ITEMS (ORDER_ID,ITEM_ID,PRODUCT_ID,QUANTITY,UNIT_PRICE) values (5,1,149,70,282.98);
Insert into HWL_ORDER_ITEMS (ORDER_ID,ITEM_ID,PRODUCT_ID,QUANTITY,UNIT_PRICE) values (6,1,199,67,647.99);
Insert into HWL_ORDER_ITEMS (ORDER_ID,ITEM_ID,PRODUCT_ID,QUANTITY,UNIT_PRICE) values (7,1,227,74,305);
Insert into HWL_ORDER_ITEMS (ORDER_ID,ITEM_ID,PRODUCT_ID,QUANTITY,UNIT_PRICE) values (8,1,87,92,759.99);
Insert into HWL_ORDER_ITEMS (ORDER_ID,ITEM_ID,PRODUCT_ID,QUANTITY,UNIT_PRICE) values (9,1,108,139,849.99);
Insert into HWL_ORDER_ITEMS (ORDER_ID,ITEM_ID,PRODUCT_ID,QUANTITY,UNIT_PRICE) values (10,1,145,118,287);
Insert into HWL_ORDER_ITEMS (ORDER_ID,ITEM_ID,PRODUCT_ID,QUANTITY,UNIT_PRICE) values (11,1,96,113,141.56);
Insert into HWL_ORDER_ITEMS (ORDER_ID,ITEM_ID,PRODUCT_ID,QUANTITY,UNIT_PRICE) values (12,1,191,41,573.99);
Insert into HWL_ORDER_ITEMS (ORDER_ID,ITEM_ID,PRODUCT_ID,QUANTITY,UNIT_PRICE) values (13,1,84,46,440.3);
Insert into HWL_ORDER_ITEMS (ORDER_ID,ITEM_ID,PRODUCT_ID,QUANTITY,UNIT_PRICE) values (14,1,129,98,734.99);
Insert into HWL_ORDER_ITEMS (ORDER_ID,ITEM_ID,PRODUCT_ID,QUANTITY,UNIT_PRICE) values (1,1,137,116,469.99);
Insert into HWL_ORDER_ITEMS (ORDER_ID,ITEM_ID,PRODUCT_ID,QUANTITY,UNIT_PRICE) values (15,1,287,60,329.99);
Insert into HWL_ORDER_ITEMS (ORDER_ID,ITEM_ID,PRODUCT_ID,QUANTITY,UNIT_PRICE) values (16,1,166,70,1638.89);
Insert into HWL_ORDER_ITEMS (ORDER_ID,ITEM_ID,PRODUCT_ID,QUANTITY,UNIT_PRICE) values (17,1,149,51,282.98);
Insert into HWL_ORDER_ITEMS (ORDER_ID,ITEM_ID,PRODUCT_ID,QUANTITY,UNIT_PRICE) values (18,1,213,105,1469.96);
Insert into HWL_ORDER_ITEMS (ORDER_ID,ITEM_ID,PRODUCT_ID,QUANTITY,UNIT_PRICE) values (19,1,38,53,1199.99);
Insert into HWL_ORDER_ITEMS (ORDER_ID,ITEM_ID,PRODUCT_ID,QUANTITY,UNIT_PRICE) values (20,1,126,105,640.99);
Insert into HWL_ORDER_ITEMS (ORDER_ID,ITEM_ID,PRODUCT_ID,QUANTITY,UNIT_PRICE) values (21,1,36,79,1299.99);
Insert into HWL_ORDER_ITEMS (ORDER_ID,ITEM_ID,PRODUCT_ID,QUANTITY,UNIT_PRICE) values (22,1,83,44,829.99);
Insert into HWL_ORDER_ITEMS (ORDER_ID,ITEM_ID,PRODUCT_ID,QUANTITY,UNIT_PRICE) values (23,1,202,104,713.99);
Insert into HWL_ORDER_ITEMS (ORDER_ID,ITEM_ID,PRODUCT_ID,QUANTITY,UNIT_PRICE) values (24,1,121,129,721.99);
Insert into HWL_ORDER_ITEMS (ORDER_ID,ITEM_ID,PRODUCT_ID,QUANTITY,UNIT_PRICE) values (25,1,43,109,298.98);
Insert into HWL_ORDER_ITEMS (ORDER_ID,ITEM_ID,PRODUCT_ID,QUANTITY,UNIT_PRICE) values (26,1,200,114,620.95);
Insert into HWL_ORDER_ITEMS (ORDER_ID,ITEM_ID,PRODUCT_ID,QUANTITY,UNIT_PRICE) values (27,1,71,38,660);
Insert into HWL_ORDER_ITEMS (ORDER_ID,ITEM_ID,PRODUCT_ID,QUANTITY,UNIT_PRICE) values (28,1,31,61,443.72);
Insert into HWL_ORDER_ITEMS (ORDER_ID,ITEM_ID,PRODUCT_ID,QUANTITY,UNIT_PRICE) values (29,1,7,38,680.99);
Insert into HWL_ORDER_ITEMS (ORDER_ID,ITEM_ID,PRODUCT_ID,QUANTITY,UNIT_PRICE) values (30,1,235,70,41.99);
Insert into HWL_ORDER_ITEMS (ORDER_ID,ITEM_ID,PRODUCT_ID,QUANTITY,UNIT_PRICE) values (31,1,101,68,635.99);
Insert into HWL_ORDER_ITEMS (ORDER_ID,ITEM_ID,PRODUCT_ID,QUANTITY,UNIT_PRICE) values (32,1,251,83,337.81);
Insert into HWL_ORDER_ITEMS (ORDER_ID,ITEM_ID,PRODUCT_ID,QUANTITY,UNIT_PRICE) values (33,1,55,93,150.99);
Insert into HWL_ORDER_ITEMS (ORDER_ID,ITEM_ID,PRODUCT_ID,QUANTITY,UNIT_PRICE) values (34,1,185,141,873.98);
Insert into HWL_ORDER_ITEMS (ORDER_ID,ITEM_ID,PRODUCT_ID,QUANTITY,UNIT_PRICE) values (35,1,174,133,798.26);
Insert into HWL_ORDER_ITEMS (ORDER_ID,ITEM_ID,PRODUCT_ID,QUANTITY,UNIT_PRICE) values (36,1,204,45,686.99);
Insert into HWL_ORDER_ITEMS (ORDER_ID,ITEM_ID,PRODUCT_ID,QUANTITY,UNIT_PRICE) values (37,1,35,150,1314.99);
Insert into HWL_ORDER_ITEMS (ORDER_ID,ITEM_ID,PRODUCT_ID,QUANTITY,UNIT_PRICE) values (38,1,71,90,660);
Insert into HWL_ORDER_ITEMS (ORDER_ID,ITEM_ID,PRODUCT_ID,QUANTITY,UNIT_PRICE) values (39,1,186,116,1449.98);
Insert into HWL_ORDER_ITEMS (ORDER_ID,ITEM_ID,PRODUCT_ID,QUANTITY,UNIT_PRICE) values (40,1,141,106,419.99);
Insert into HWL_ORDER_ITEMS (ORDER_ID,ITEM_ID,PRODUCT_ID,QUANTITY,UNIT_PRICE) values (41,1,268,80,47.88);
Insert into HWL_ORDER_ITEMS (ORDER_ID,ITEM_ID,PRODUCT_ID,QUANTITY,UNIT_PRICE) values (42,1,34,45,417.98);
Insert into HWL_ORDER_ITEMS (ORDER_ID,ITEM_ID,PRODUCT_ID,QUANTITY,UNIT_PRICE) values (43,1,67,74,863.05);
Insert into HWL_ORDER_ITEMS (ORDER_ID,ITEM_ID,PRODUCT_ID,QUANTITY,UNIT_PRICE) values (44,1,220,118,759.99);
Insert into HWL_ORDER_ITEMS (ORDER_ID,ITEM_ID,PRODUCT_ID,QUANTITY,UNIT_PRICE) values (45,1,74,43,701.95);
Insert into HWL_ORDER_ITEMS (ORDER_ID,ITEM_ID,PRODUCT_ID,QUANTITY,UNIT_PRICE) values (46,1,120,51,892);
Insert into HWL_ORDER_ITEMS (ORDER_ID,ITEM_ID,PRODUCT_ID,QUANTITY,UNIT_PRICE) values (47,1,178,73,1999.89);
Insert into HWL_ORDER_ITEMS (ORDER_ID,ITEM_ID,PRODUCT_ID,QUANTITY,UNIT_PRICE) values (48,1,165,46,1666.61);
Insert into HWL_ORDER_ITEMS (ORDER_ID,ITEM_ID,PRODUCT_ID,QUANTITY,UNIT_PRICE) values (49,1,172,104,358.49);
Insert into HWL_ORDER_ITEMS (ORDER_ID,ITEM_ID,PRODUCT_ID,QUANTITY,UNIT_PRICE) values (50,1,215,49,829.89);
Insert into HWL_ORDER_ITEMS (ORDER_ID,ITEM_ID,PRODUCT_ID,QUANTITY,UNIT_PRICE) values (51,1,21,34,749.99);
Insert into HWL_ORDER_ITEMS (ORDER_ID,ITEM_ID,PRODUCT_ID,QUANTITY,UNIT_PRICE) values (52,1,235,123,41.99);
Insert into HWL_ORDER_ITEMS (ORDER_ID,ITEM_ID,PRODUCT_ID,QUANTITY,UNIT_PRICE) values (53,1,100,130,97.88);
Insert into HWL_ORDER_ITEMS (ORDER_ID,ITEM_ID,PRODUCT_ID,QUANTITY,UNIT_PRICE) values (54,1,208,73,1199.99);
Insert into HWL_ORDER_ITEMS (ORDER_ID,ITEM_ID,PRODUCT_ID,QUANTITY,UNIT_PRICE) values (55,1,102,127,2042.69);
Insert into HWL_ORDER_ITEMS (ORDER_ID,ITEM_ID,PRODUCT_ID,QUANTITY,UNIT_PRICE) values (56,1,84,70,440.3);
Insert into HWL_ORDER_ITEMS (ORDER_ID,ITEM_ID,PRODUCT_ID,QUANTITY,UNIT_PRICE) values (57,1,224,75,349.99);
Insert into HWL_ORDER_ITEMS (ORDER_ID,ITEM_ID,PRODUCT_ID,QUANTITY,UNIT_PRICE) values (58,1,64,55,525.99);
Insert into HWL_ORDER_ITEMS (ORDER_ID,ITEM_ID,PRODUCT_ID,QUANTITY,UNIT_PRICE) values (59,1,178,101,1999.89);
Insert into HWL_ORDER_ITEMS (ORDER_ID,ITEM_ID,PRODUCT_ID,QUANTITY,UNIT_PRICE) values (60,1,205,74,649.99);
Insert into HWL_ORDER_ITEMS (ORDER_ID,ITEM_ID,PRODUCT_ID,QUANTITY,UNIT_PRICE) values (61,1,174,114,798.26);
Insert into HWL_ORDER_ITEMS (ORDER_ID,ITEM_ID,PRODUCT_ID,QUANTITY,UNIT_PRICE) values (62,1,188,130,482.49);
Insert into HWL_ORDER_ITEMS (ORDER_ID,ITEM_ID,PRODUCT_ID,QUANTITY,UNIT_PRICE) values (63,1,70,72,710.99);
Insert into HWL_ORDER_ITEMS (ORDER_ID,ITEM_ID,PRODUCT_ID,QUANTITY,UNIT_PRICE) values (64,1,199,61,647.99);
Insert into HWL_ORDER_ITEMS (ORDER_ID,ITEM_ID,PRODUCT_ID,QUANTITY,UNIT_PRICE) values (65,1,280,104,149.88);
Insert into HWL_ORDER_ITEMS (ORDER_ID,ITEM_ID,PRODUCT_ID,QUANTITY,UNIT_PRICE) values (66,1,77,143,695.99);
Insert into HWL_ORDER_ITEMS (ORDER_ID,ITEM_ID,PRODUCT_ID,QUANTITY,UNIT_PRICE) values (67,1,287,61,329.99);
Insert into HWL_ORDER_ITEMS (ORDER_ID,ITEM_ID,PRODUCT_ID,QUANTITY,UNIT_PRICE) values (68,1,163,98,1899.99);
Insert into HWL_ORDER_ITEMS (ORDER_ID,ITEM_ID,PRODUCT_ID,QUANTITY,UNIT_PRICE) values (69,1,206,57,4139);
Insert into HWL_ORDER_ITEMS (ORDER_ID,ITEM_ID,PRODUCT_ID,QUANTITY,UNIT_PRICE) values (70,1,185,146,873.98);
Insert into HWL_ORDER_ITEMS (ORDER_ID,ITEM_ID,PRODUCT_ID,QUANTITY,UNIT_PRICE) values (71,1,19,146,1704.37);
Insert into HWL_ORDER_ITEMS (ORDER_ID,ITEM_ID,PRODUCT_ID,QUANTITY,UNIT_PRICE) values (72,1,129,101,734.99);
Insert into HWL_ORDER_ITEMS (ORDER_ID,ITEM_ID,PRODUCT_ID,QUANTITY,UNIT_PRICE) values (73,1,245,120,1699);
Insert into HWL_ORDER_ITEMS (ORDER_ID,ITEM_ID,PRODUCT_ID,QUANTITY,UNIT_PRICE) values (74,1,104,97,83.88);
Insert into HWL_ORDER_ITEMS (ORDER_ID,ITEM_ID,PRODUCT_ID,QUANTITY,UNIT_PRICE) values (75,1,58,73,784.98);
Insert into HWL_ORDER_ITEMS (ORDER_ID,ITEM_ID,PRODUCT_ID,QUANTITY,UNIT_PRICE) values (76,1,109,92,713.99);
Insert into HWL_ORDER_ITEMS (ORDER_ID,ITEM_ID,PRODUCT_ID,QUANTITY,UNIT_PRICE) values (77,1,203,65,671.38);
Insert into HWL_ORDER_ITEMS (ORDER_ID,ITEM_ID,PRODUCT_ID,QUANTITY,UNIT_PRICE) values (78,1,92,147,2200);
Insert into HWL_ORDER_ITEMS (ORDER_ID,ITEM_ID,PRODUCT_ID,QUANTITY,UNIT_PRICE) values (79,1,285,145,339.99);
Insert into HWL_ORDER_ITEMS (ORDER_ID,ITEM_ID,PRODUCT_ID,QUANTITY,UNIT_PRICE) values (80,1,213,63,1469.96);
Insert into HWL_ORDER_ITEMS (ORDER_ID,ITEM_ID,PRODUCT_ID,QUANTITY,UNIT_PRICE) values (81,1,128,133,741.63);
Insert into HWL_ORDER_ITEMS (ORDER_ID,ITEM_ID,PRODUCT_ID,QUANTITY,UNIT_PRICE) values (82,1,91,42,2259.99);
Insert into HWL_ORDER_ITEMS (ORDER_ID,ITEM_ID,PRODUCT_ID,QUANTITY,UNIT_PRICE) values (83,1,264,35,88.99);
Insert into HWL_ORDER_ITEMS (ORDER_ID,ITEM_ID,PRODUCT_ID,QUANTITY,UNIT_PRICE) values (84,1,106,137,608.95);
Insert into HWL_ORDER_ITEMS (ORDER_ID,ITEM_ID,PRODUCT_ID,QUANTITY,UNIT_PRICE) values (85,1,155,114,588.95);
Insert into HWL_ORDER_ITEMS (ORDER_ID,ITEM_ID,PRODUCT_ID,QUANTITY,UNIT_PRICE) values (86,1,202,46,713.99);
Insert into HWL_ORDER_ITEMS (ORDER_ID,ITEM_ID,PRODUCT_ID,QUANTITY,UNIT_PRICE) values (87,1,47,123,2377.09);
Insert into HWL_ORDER_ITEMS (ORDER_ID,ITEM_ID,PRODUCT_ID,QUANTITY,UNIT_PRICE) values (88,1,278,139,677.99);
Insert into HWL_ORDER_ITEMS (ORDER_ID,ITEM_ID,PRODUCT_ID,QUANTITY,UNIT_PRICE) values (89,1,247,45,339.99);
Insert into HWL_ORDER_ITEMS (ORDER_ID,ITEM_ID,PRODUCT_ID,QUANTITY,UNIT_PRICE) values (90,1,65,84,1199.99);
Insert into HWL_ORDER_ITEMS (ORDER_ID,ITEM_ID,PRODUCT_ID,QUANTITY,UNIT_PRICE) values (91,1,122,89,722.99);
Insert into HWL_ORDER_ITEMS (ORDER_ID,ITEM_ID,PRODUCT_ID,QUANTITY,UNIT_PRICE) values (92,1,208,114,1199.99);
Insert into HWL_ORDER_ITEMS (ORDER_ID,ITEM_ID,PRODUCT_ID,QUANTITY,UNIT_PRICE) values (93,1,257,70,84.95);
Insert into HWL_ORDER_ITEMS (ORDER_ID,ITEM_ID,PRODUCT_ID,QUANTITY,UNIT_PRICE) values (94,1,255,38,90.99);
Insert into HWL_ORDER_ITEMS (ORDER_ID,ITEM_ID,PRODUCT_ID,QUANTITY,UNIT_PRICE) values (95,1,52,138,1676.98);
Insert into HWL_ORDER_ITEMS (ORDER_ID,ITEM_ID,PRODUCT_ID,QUANTITY,UNIT_PRICE) values (96,1,260,34,267.99);
Insert into HWL_ORDER_ITEMS (ORDER_ID,ITEM_ID,PRODUCT_ID,QUANTITY,UNIT_PRICE) values (97,1,110,39,3192.97);
Insert into HWL_ORDER_ITEMS (ORDER_ID,ITEM_ID,PRODUCT_ID,QUANTITY,UNIT_PRICE) values (98,1,66,104,399.99);
Insert into HWL_ORDER_ITEMS (ORDER_ID,ITEM_ID,PRODUCT_ID,QUANTITY,UNIT_PRICE) values (99,1,95,66,109.99);
Insert into HWL_ORDER_ITEMS (ORDER_ID,ITEM_ID,PRODUCT_ID,QUANTITY,UNIT_PRICE) values (100,1,280,70,149.88);
Insert into HWL_ORDER_ITEMS (ORDER_ID,ITEM_ID,PRODUCT_ID,QUANTITY,UNIT_PRICE) values (101,1,17,47,699.01);
Insert into HWL_ORDER_ITEMS (ORDER_ID,ITEM_ID,PRODUCT_ID,QUANTITY,UNIT_PRICE) values (102,1,196,69,1099.99);
Insert into HWL_ORDER_ITEMS (ORDER_ID,ITEM_ID,PRODUCT_ID,QUANTITY,UNIT_PRICE) values (103,1,6,117,849.99);
Insert into HWL_ORDER_ITEMS (ORDER_ID,ITEM_ID,PRODUCT_ID,QUANTITY,UNIT_PRICE) values (104,1,129,74,734.99);
Insert into HWL_ORDER_ITEMS (ORDER_ID,ITEM_ID,PRODUCT_ID,QUANTITY,UNIT_PRICE) values (105,1,31,116,443.72);
Insert into HWL_ORDER_ITEMS (ORDER_ID,ITEM_ID,PRODUCT_ID,QUANTITY,UNIT_PRICE) values (1,2,78,77,686.99);
Insert into HWL_ORDER_ITEMS (ORDER_ID,ITEM_ID,PRODUCT_ID,QUANTITY,UNIT_PRICE) values (3,2,56,65,16.99);
Insert into HWL_ORDER_ITEMS (ORDER_ID,ITEM_ID,PRODUCT_ID,QUANTITY,UNIT_PRICE) values (5,2,15,45,725.99);
Insert into HWL_ORDER_ITEMS (ORDER_ID,ITEM_ID,PRODUCT_ID,QUANTITY,UNIT_PRICE) values (8,2,12,70,824.98);
Insert into HWL_ORDER_ITEMS (ORDER_ID,ITEM_ID,PRODUCT_ID,QUANTITY,UNIT_PRICE) values (9,2,99,123,68.06);
Insert into HWL_ORDER_ITEMS (ORDER_ID,ITEM_ID,PRODUCT_ID,QUANTITY,UNIT_PRICE) values (10,2,10,102,811.99);
Insert into HWL_ORDER_ITEMS (ORDER_ID,ITEM_ID,PRODUCT_ID,QUANTITY,UNIT_PRICE) values (12,2,63,58,572.96);
Insert into HWL_ORDER_ITEMS (ORDER_ID,ITEM_ID,PRODUCT_ID,QUANTITY,UNIT_PRICE) values (15,2,154,67,1204.98);
Insert into HWL_ORDER_ITEMS (ORDER_ID,ITEM_ID,PRODUCT_ID,QUANTITY,UNIT_PRICE) values (16,2,155,106,588.95);
Insert into HWL_ORDER_ITEMS (ORDER_ID,ITEM_ID,PRODUCT_ID,QUANTITY,UNIT_PRICE) values (19,2,24,62,66.89);
Insert into HWL_ORDER_ITEMS (ORDER_ID,ITEM_ID,PRODUCT_ID,QUANTITY,UNIT_PRICE) values (20,2,41,78,299.89);
Insert into HWL_ORDER_ITEMS (ORDER_ID,ITEM_ID,PRODUCT_ID,QUANTITY,UNIT_PRICE) values (21,2,101,146,635.99);
Insert into HWL_ORDER_ITEMS (ORDER_ID,ITEM_ID,PRODUCT_ID,QUANTITY,UNIT_PRICE) values (22,2,116,45,731.99);
Insert into HWL_ORDER_ITEMS (ORDER_ID,ITEM_ID,PRODUCT_ID,QUANTITY,UNIT_PRICE) values (23,2,190,50,948.99);
Insert into HWL_ORDER_ITEMS (ORDER_ID,ITEM_ID,PRODUCT_ID,QUANTITY,UNIT_PRICE) values (25,2,239,119,739.99);
Insert into HWL_ORDER_ITEMS (ORDER_ID,ITEM_ID,PRODUCT_ID,QUANTITY,UNIT_PRICE) values (27,2,141,77,419.99);
Insert into HWL_ORDER_ITEMS (ORDER_ID,ITEM_ID,PRODUCT_ID,QUANTITY,UNIT_PRICE) values (28,2,121,120,721.99);
Insert into HWL_ORDER_ITEMS (ORDER_ID,ITEM_ID,PRODUCT_ID,QUANTITY,UNIT_PRICE) values (29,2,82,62,1499.89);
Insert into HWL_ORDER_ITEMS (ORDER_ID,ITEM_ID,PRODUCT_ID,QUANTITY,UNIT_PRICE) values (31,2,176,97,939.49);
Insert into HWL_ORDER_ITEMS (ORDER_ID,ITEM_ID,PRODUCT_ID,QUANTITY,UNIT_PRICE) values (33,2,153,33,1249);
Insert into HWL_ORDER_ITEMS (ORDER_ID,ITEM_ID,PRODUCT_ID,QUANTITY,UNIT_PRICE) values (35,2,70,134,710.99);
Insert into HWL_ORDER_ITEMS (ORDER_ID,ITEM_ID,PRODUCT_ID,QUANTITY,UNIT_PRICE) values (36,2,101,105,635.99);
Insert into HWL_ORDER_ITEMS (ORDER_ID,ITEM_ID,PRODUCT_ID,QUANTITY,UNIT_PRICE) values (37,2,67,129,863.05);
Insert into HWL_ORDER_ITEMS (ORDER_ID,ITEM_ID,PRODUCT_ID,QUANTITY,UNIT_PRICE) values (38,2,169,52,1844.89);
Insert into HWL_ORDER_ITEMS (ORDER_ID,ITEM_ID,PRODUCT_ID,QUANTITY,UNIT_PRICE) values (39,2,153,108,1249);
Insert into HWL_ORDER_ITEMS (ORDER_ID,ITEM_ID,PRODUCT_ID,QUANTITY,UNIT_PRICE) values (40,2,101,131,635.99);
Insert into HWL_ORDER_ITEMS (ORDER_ID,ITEM_ID,PRODUCT_ID,QUANTITY,UNIT_PRICE) values (41,2,219,82,1299.73);
Insert into HWL_ORDER_ITEMS (ORDER_ID,ITEM_ID,PRODUCT_ID,QUANTITY,UNIT_PRICE) values (43,2,287,66,329.99);
Insert into HWL_ORDER_ITEMS (ORDER_ID,ITEM_ID,PRODUCT_ID,QUANTITY,UNIT_PRICE) values (46,2,4,112,2699.99);
Insert into HWL_ORDER_ITEMS (ORDER_ID,ITEM_ID,PRODUCT_ID,QUANTITY,UNIT_PRICE) values (47,2,55,107,150.99);
Insert into HWL_ORDER_ITEMS (ORDER_ID,ITEM_ID,PRODUCT_ID,QUANTITY,UNIT_PRICE) values (48,2,158,98,2009.46);
Insert into HWL_ORDER_ITEMS (ORDER_ID,ITEM_ID,PRODUCT_ID,QUANTITY,UNIT_PRICE) values (53,2,168,89,43.99);
Insert into HWL_ORDER_ITEMS (ORDER_ID,ITEM_ID,PRODUCT_ID,QUANTITY,UNIT_PRICE) values (55,2,32,70,469.99);
Insert into HWL_ORDER_ITEMS (ORDER_ID,ITEM_ID,PRODUCT_ID,QUANTITY,UNIT_PRICE) values (58,2,120,32,892);
Insert into HWL_ORDER_ITEMS (ORDER_ID,ITEM_ID,PRODUCT_ID,QUANTITY,UNIT_PRICE) values (59,2,166,34,1638.89);
Insert into HWL_ORDER_ITEMS (ORDER_ID,ITEM_ID,PRODUCT_ID,QUANTITY,UNIT_PRICE) values (60,2,13,138,704.99);
Insert into HWL_ORDER_ITEMS (ORDER_ID,ITEM_ID,PRODUCT_ID,QUANTITY,UNIT_PRICE) values (61,2,56,75,16.99);
Insert into HWL_ORDER_ITEMS (ORDER_ID,ITEM_ID,PRODUCT_ID,QUANTITY,UNIT_PRICE) values (63,2,54,47,1019.99);
Insert into HWL_ORDER_ITEMS (ORDER_ID,ITEM_ID,PRODUCT_ID,QUANTITY,UNIT_PRICE) values (65,2,113,83,704.99);
Insert into HWL_ORDER_ITEMS (ORDER_ID,ITEM_ID,PRODUCT_ID,QUANTITY,UNIT_PRICE) values (66,2,218,40,1388.89);
Insert into HWL_ORDER_ITEMS (ORDER_ID,ITEM_ID,PRODUCT_ID,QUANTITY,UNIT_PRICE) values (67,2,144,121,289.79);
Insert into HWL_ORDER_ITEMS (ORDER_ID,ITEM_ID,PRODUCT_ID,QUANTITY,UNIT_PRICE) values (68,2,248,42,2774.98);
Insert into HWL_ORDER_ITEMS (ORDER_ID,ITEM_ID,PRODUCT_ID,QUANTITY,UNIT_PRICE) values (69,2,71,66,660);
Insert into HWL_ORDER_ITEMS (ORDER_ID,ITEM_ID,PRODUCT_ID,QUANTITY,UNIT_PRICE) values (70,2,83,52,829.99);
Insert into HWL_ORDER_ITEMS (ORDER_ID,ITEM_ID,PRODUCT_ID,QUANTITY,UNIT_PRICE) values (71,2,241,38,1756);
Insert into HWL_ORDER_ITEMS (ORDER_ID,ITEM_ID,PRODUCT_ID,QUANTITY,UNIT_PRICE) values (72,2,211,123,1064.99);
Insert into HWL_ORDER_ITEMS (ORDER_ID,ITEM_ID,PRODUCT_ID,QUANTITY,UNIT_PRICE) values (74,2,250,86,338.99);
Insert into HWL_ORDER_ITEMS (ORDER_ID,ITEM_ID,PRODUCT_ID,QUANTITY,UNIT_PRICE) values (75,2,187,74,353.98);
Insert into HWL_ORDER_ITEMS (ORDER_ID,ITEM_ID,PRODUCT_ID,QUANTITY,UNIT_PRICE) values (76,2,177,98,1759.99);
Insert into HWL_ORDER_ITEMS (ORDER_ID,ITEM_ID,PRODUCT_ID,QUANTITY,UNIT_PRICE) values (77,2,168,136,43.99);
Insert into HWL_ORDER_ITEMS (ORDER_ID,ITEM_ID,PRODUCT_ID,QUANTITY,UNIT_PRICE) values (78,2,169,50,1844.89);
Insert into HWL_ORDER_ITEMS (ORDER_ID,ITEM_ID,PRODUCT_ID,QUANTITY,UNIT_PRICE) values (79,2,265,53,1431.99);
Insert into HWL_ORDER_ITEMS (ORDER_ID,ITEM_ID,PRODUCT_ID,QUANTITY,UNIT_PRICE) values (82,2,107,71,644);
Insert into HWL_ORDER_ITEMS (ORDER_ID,ITEM_ID,PRODUCT_ID,QUANTITY,UNIT_PRICE) values (83,2,196,54,1099.99);
Insert into HWL_ORDER_ITEMS (ORDER_ID,ITEM_ID,PRODUCT_ID,QUANTITY,UNIT_PRICE) values (84,2,199,137,647.99);
Insert into HWL_ORDER_ITEMS (ORDER_ID,ITEM_ID,PRODUCT_ID,QUANTITY,UNIT_PRICE) values (85,2,230,35,136.69);
Insert into HWL_ORDER_ITEMS (ORDER_ID,ITEM_ID,PRODUCT_ID,QUANTITY,UNIT_PRICE) values (86,2,156,47,394.99);
Insert into HWL_ORDER_ITEMS (ORDER_ID,ITEM_ID,PRODUCT_ID,QUANTITY,UNIT_PRICE) values (87,2,233,96,59.99);
Insert into HWL_ORDER_ITEMS (ORDER_ID,ITEM_ID,PRODUCT_ID,QUANTITY,UNIT_PRICE) values (88,2,11,106,2015.11);
Insert into HWL_ORDER_ITEMS (ORDER_ID,ITEM_ID,PRODUCT_ID,QUANTITY,UNIT_PRICE) values (89,2,102,84,2042.69);
Insert into HWL_ORDER_ITEMS (ORDER_ID,ITEM_ID,PRODUCT_ID,QUANTITY,UNIT_PRICE) values (90,2,64,60,525.99);
Insert into HWL_ORDER_ITEMS (ORDER_ID,ITEM_ID,PRODUCT_ID,QUANTITY,UNIT_PRICE) values (91,2,220,127,759.99);
Insert into HWL_ORDER_ITEMS (ORDER_ID,ITEM_ID,PRODUCT_ID,QUANTITY,UNIT_PRICE) values (92,2,34,126,417.98);
Insert into HWL_ORDER_ITEMS (ORDER_ID,ITEM_ID,PRODUCT_ID,QUANTITY,UNIT_PRICE) values (94,2,186,146,1449.98);
Insert into HWL_ORDER_ITEMS (ORDER_ID,ITEM_ID,PRODUCT_ID,QUANTITY,UNIT_PRICE) values (95,2,143,64,402.99);
Insert into HWL_ORDER_ITEMS (ORDER_ID,ITEM_ID,PRODUCT_ID,QUANTITY,UNIT_PRICE) values (97,2,207,82,3254.99);
Insert into HWL_ORDER_ITEMS (ORDER_ID,ITEM_ID,PRODUCT_ID,QUANTITY,UNIT_PRICE) values (101,2,113,134,704.99);
Insert into HWL_ORDER_ITEMS (ORDER_ID,ITEM_ID,PRODUCT_ID,QUANTITY,UNIT_PRICE) values (104,2,171,90,382.98);
Insert into HWL_ORDER_ITEMS (ORDER_ID,ITEM_ID,PRODUCT_ID,QUANTITY,UNIT_PRICE) values (105,2,242,67,1751.99);
Insert into HWL_ORDER_ITEMS (ORDER_ID,ITEM_ID,PRODUCT_ID,QUANTITY,UNIT_PRICE) values (1,3,64,52,525.99);
Insert into HWL_ORDER_ITEMS (ORDER_ID,ITEM_ID,PRODUCT_ID,QUANTITY,UNIT_PRICE) values (8,3,71,87,660);
Insert into HWL_ORDER_ITEMS (ORDER_ID,ITEM_ID,PRODUCT_ID,QUANTITY,UNIT_PRICE) values (9,3,265,90,1431.99);
Insert into HWL_ORDER_ITEMS (ORDER_ID,ITEM_ID,PRODUCT_ID,QUANTITY,UNIT_PRICE) values (12,3,42,75,299.89);
Insert into HWL_ORDER_ITEMS (ORDER_ID,ITEM_ID,PRODUCT_ID,QUANTITY,UNIT_PRICE) values (15,3,246,133,343.99);
Insert into HWL_ORDER_ITEMS (ORDER_ID,ITEM_ID,PRODUCT_ID,QUANTITY,UNIT_PRICE) values (16,3,235,56,41.99);
Insert into HWL_ORDER_ITEMS (ORDER_ID,ITEM_ID,PRODUCT_ID,QUANTITY,UNIT_PRICE) values (19,3,23,142,89.89);
Insert into HWL_ORDER_ITEMS (ORDER_ID,ITEM_ID,PRODUCT_ID,QUANTITY,UNIT_PRICE) values (22,3,24,77,66.89);
Insert into HWL_ORDER_ITEMS (ORDER_ID,ITEM_ID,PRODUCT_ID,QUANTITY,UNIT_PRICE) values (25,3,29,65,645.99);
Insert into HWL_ORDER_ITEMS (ORDER_ID,ITEM_ID,PRODUCT_ID,QUANTITY,UNIT_PRICE) values (27,3,68,96,766.11);
Insert into HWL_ORDER_ITEMS (ORDER_ID,ITEM_ID,PRODUCT_ID,QUANTITY,UNIT_PRICE) values (28,3,41,56,299.89);
Insert into HWL_ORDER_ITEMS (ORDER_ID,ITEM_ID,PRODUCT_ID,QUANTITY,UNIT_PRICE) values (29,3,268,118,47.88);
Insert into HWL_ORDER_ITEMS (ORDER_ID,ITEM_ID,PRODUCT_ID,QUANTITY,UNIT_PRICE) values (36,3,100,102,97.88);
Insert into HWL_ORDER_ITEMS (ORDER_ID,ITEM_ID,PRODUCT_ID,QUANTITY,UNIT_PRICE) values (38,3,264,89,88.99);
Insert into HWL_ORDER_ITEMS (ORDER_ID,ITEM_ID,PRODUCT_ID,QUANTITY,UNIT_PRICE) values (39,3,109,33,713.99);
Insert into HWL_ORDER_ITEMS (ORDER_ID,ITEM_ID,PRODUCT_ID,QUANTITY,UNIT_PRICE) values (40,3,250,131,338.99);
Insert into HWL_ORDER_ITEMS (ORDER_ID,ITEM_ID,PRODUCT_ID,QUANTITY,UNIT_PRICE) values (41,3,69,86,678.75);
Insert into HWL_ORDER_ITEMS (ORDER_ID,ITEM_ID,PRODUCT_ID,QUANTITY,UNIT_PRICE) values (43,3,110,94,3192.97);
Insert into HWL_ORDER_ITEMS (ORDER_ID,ITEM_ID,PRODUCT_ID,QUANTITY,UNIT_PRICE) values (46,3,187,86,353.98);
Insert into HWL_ORDER_ITEMS (ORDER_ID,ITEM_ID,PRODUCT_ID,QUANTITY,UNIT_PRICE) values (47,3,65,99,1199.99);
Insert into HWL_ORDER_ITEMS (ORDER_ID,ITEM_ID,PRODUCT_ID,QUANTITY,UNIT_PRICE) values (57,2,177,110,1759.99);
Insert into HWL_ORDER_ITEMS (ORDER_ID,ITEM_ID,PRODUCT_ID,QUANTITY,UNIT_PRICE) values (58,3,113,73,704.99);
Insert into HWL_ORDER_ITEMS (ORDER_ID,ITEM_ID,PRODUCT_ID,QUANTITY,UNIT_PRICE) values (59,3,118,105,699.89);
Insert into HWL_ORDER_ITEMS (ORDER_ID,ITEM_ID,PRODUCT_ID,QUANTITY,UNIT_PRICE) values (60,3,272,144,1073.99);
Insert into HWL_ORDER_ITEMS (ORDER_ID,ITEM_ID,PRODUCT_ID,QUANTITY,UNIT_PRICE) values (61,3,146,59,283.98);
Insert into HWL_ORDER_ITEMS (ORDER_ID,ITEM_ID,PRODUCT_ID,QUANTITY,UNIT_PRICE) values (65,3,116,35,731.99);
Insert into HWL_ORDER_ITEMS (ORDER_ID,ITEM_ID,PRODUCT_ID,QUANTITY,UNIT_PRICE) values (66,3,286,35,234);
Insert into HWL_ORDER_ITEMS (ORDER_ID,ITEM_ID,PRODUCT_ID,QUANTITY,UNIT_PRICE) values (67,3,167,94,1010.46);
Insert into HWL_ORDER_ITEMS (ORDER_ID,ITEM_ID,PRODUCT_ID,QUANTITY,UNIT_PRICE) values (68,3,183,50,899.99);
Insert into HWL_ORDER_ITEMS (ORDER_ID,ITEM_ID,PRODUCT_ID,QUANTITY,UNIT_PRICE) values (69,3,253,112,579.99);
Insert into HWL_ORDER_ITEMS (ORDER_ID,ITEM_ID,PRODUCT_ID,QUANTITY,UNIT_PRICE) values (71,3,195,75,1055.99);
Insert into HWL_ORDER_ITEMS (ORDER_ID,ITEM_ID,PRODUCT_ID,QUANTITY,UNIT_PRICE) values (72,3,273,145,443.64);
Insert into HWL_ORDER_ITEMS (ORDER_ID,ITEM_ID,PRODUCT_ID,QUANTITY,UNIT_PRICE) values (75,3,33,143,52.65);
Insert into HWL_ORDER_ITEMS (ORDER_ID,ITEM_ID,PRODUCT_ID,QUANTITY,UNIT_PRICE) values (76,3,163,134,1899.99);
Insert into HWL_ORDER_ITEMS (ORDER_ID,ITEM_ID,PRODUCT_ID,QUANTITY,UNIT_PRICE) values (77,3,218,143,1388.89);
Insert into HWL_ORDER_ITEMS (ORDER_ID,ITEM_ID,PRODUCT_ID,QUANTITY,UNIT_PRICE) values (78,3,125,119,768.99);
Insert into HWL_ORDER_ITEMS (ORDER_ID,ITEM_ID,PRODUCT_ID,QUANTITY,UNIT_PRICE) values (83,3,116,76,731.99);
Insert into HWL_ORDER_ITEMS (ORDER_ID,ITEM_ID,PRODUCT_ID,QUANTITY,UNIT_PRICE) values (86,3,287,45,329.99);
Insert into HWL_ORDER_ITEMS (ORDER_ID,ITEM_ID,PRODUCT_ID,QUANTITY,UNIT_PRICE) values (87,3,130,119,117.45);
Insert into HWL_ORDER_ITEMS (ORDER_ID,ITEM_ID,PRODUCT_ID,QUANTITY,UNIT_PRICE) values (89,3,224,89,349.99);
Insert into HWL_ORDER_ITEMS (ORDER_ID,ITEM_ID,PRODUCT_ID,QUANTITY,UNIT_PRICE) values (91,3,266,83,1418.99);
Insert into HWL_ORDER_ITEMS (ORDER_ID,ITEM_ID,PRODUCT_ID,QUANTITY,UNIT_PRICE) values (97,3,270,61,769.99);
Insert into HWL_ORDER_ITEMS (ORDER_ID,ITEM_ID,PRODUCT_ID,QUANTITY,UNIT_PRICE) values (101,3,135,134,127.88);
Insert into HWL_ORDER_ITEMS (ORDER_ID,ITEM_ID,PRODUCT_ID,QUANTITY,UNIT_PRICE) values (104,3,45,48,2501.69);
Insert into HWL_ORDER_ITEMS (ORDER_ID,ITEM_ID,PRODUCT_ID,QUANTITY,UNIT_PRICE) values (105,3,275,45,399.99);
Insert into HWL_ORDER_ITEMS (ORDER_ID,ITEM_ID,PRODUCT_ID,QUANTITY,UNIT_PRICE) values (1,4,210,87,1029.99);
Insert into HWL_ORDER_ITEMS (ORDER_ID,ITEM_ID,PRODUCT_ID,QUANTITY,UNIT_PRICE) values (8,4,25,40,104.88);
Insert into HWL_ORDER_ITEMS (ORDER_ID,ITEM_ID,PRODUCT_ID,QUANTITY,UNIT_PRICE) values (9,4,288,62,319.99);
Insert into HWL_ORDER_ITEMS (ORDER_ID,ITEM_ID,PRODUCT_ID,QUANTITY,UNIT_PRICE) values (12,4,144,70,289.79);
Insert into HWL_ORDER_ITEMS (ORDER_ID,ITEM_ID,PRODUCT_ID,QUANTITY,UNIT_PRICE) values (13,2,85,82,1274.99);
Insert into HWL_ORDER_ITEMS (ORDER_ID,ITEM_ID,PRODUCT_ID,QUANTITY,UNIT_PRICE) values (14,2,206,133,4139);
Insert into HWL_ORDER_ITEMS (ORDER_ID,ITEM_ID,PRODUCT_ID,QUANTITY,UNIT_PRICE) values (16,4,95,42,109.99);
Insert into HWL_ORDER_ITEMS (ORDER_ID,ITEM_ID,PRODUCT_ID,QUANTITY,UNIT_PRICE) values (18,2,226,57,309.85);
Insert into HWL_ORDER_ITEMS (ORDER_ID,ITEM_ID,PRODUCT_ID,QUANTITY,UNIT_PRICE) values (22,4,288,44,319.99);
Insert into HWL_ORDER_ITEMS (ORDER_ID,ITEM_ID,PRODUCT_ID,QUANTITY,UNIT_PRICE) values (24,2,227,61,305);
Insert into HWL_ORDER_ITEMS (ORDER_ID,ITEM_ID,PRODUCT_ID,QUANTITY,UNIT_PRICE) values (25,4,209,80,1199.99);
Insert into HWL_ORDER_ITEMS (ORDER_ID,ITEM_ID,PRODUCT_ID,QUANTITY,UNIT_PRICE) values (26,2,186,92,1449.98);
Insert into HWL_ORDER_ITEMS (ORDER_ID,ITEM_ID,PRODUCT_ID,QUANTITY,UNIT_PRICE) values (27,4,263,95,89.99);
Insert into HWL_ORDER_ITEMS (ORDER_ID,ITEM_ID,PRODUCT_ID,QUANTITY,UNIT_PRICE) values (28,4,208,139,1199.99);
Insert into HWL_ORDER_ITEMS (ORDER_ID,ITEM_ID,PRODUCT_ID,QUANTITY,UNIT_PRICE) values (29,4,141,32,419.99);
Insert into HWL_ORDER_ITEMS (ORDER_ID,ITEM_ID,PRODUCT_ID,QUANTITY,UNIT_PRICE) values (30,2,200,137,620.95);
Insert into HWL_ORDER_ITEMS (ORDER_ID,ITEM_ID,PRODUCT_ID,QUANTITY,UNIT_PRICE) values (33,3,217,67,401.98);
Insert into HWL_ORDER_ITEMS (ORDER_ID,ITEM_ID,PRODUCT_ID,QUANTITY,UNIT_PRICE) values (36,4,10,72,811.99);
Insert into HWL_ORDER_ITEMS (ORDER_ID,ITEM_ID,PRODUCT_ID,QUANTITY,UNIT_PRICE) values (38,4,61,59,487.3);
Insert into HWL_ORDER_ITEMS (ORDER_ID,ITEM_ID,PRODUCT_ID,QUANTITY,UNIT_PRICE) values (40,4,230,80,136.69);
Insert into HWL_ORDER_ITEMS (ORDER_ID,ITEM_ID,PRODUCT_ID,QUANTITY,UNIT_PRICE) values (41,4,258,49,57.98);
Insert into HWL_ORDER_ITEMS (ORDER_ID,ITEM_ID,PRODUCT_ID,QUANTITY,UNIT_PRICE) values (43,4,105,86,2799.99);
Insert into HWL_ORDER_ITEMS (ORDER_ID,ITEM_ID,PRODUCT_ID,QUANTITY,UNIT_PRICE) values (44,2,215,148,829.89);
Insert into HWL_ORDER_ITEMS (ORDER_ID,ITEM_ID,PRODUCT_ID,QUANTITY,UNIT_PRICE) values (46,4,264,104,88.99);
Insert into HWL_ORDER_ITEMS (ORDER_ID,ITEM_ID,PRODUCT_ID,QUANTITY,UNIT_PRICE) values (57,3,238,122,741.78);
Insert into HWL_ORDER_ITEMS (ORDER_ID,ITEM_ID,PRODUCT_ID,QUANTITY,UNIT_PRICE) values (58,4,186,70,1449.98);
Insert into HWL_ORDER_ITEMS (ORDER_ID,ITEM_ID,PRODUCT_ID,QUANTITY,UNIT_PRICE) values (59,4,47,138,2377.09);
Insert into HWL_ORDER_ITEMS (ORDER_ID,ITEM_ID,PRODUCT_ID,QUANTITY,UNIT_PRICE) values (60,4,92,125,2200);
Insert into HWL_ORDER_ITEMS (ORDER_ID,ITEM_ID,PRODUCT_ID,QUANTITY,UNIT_PRICE) values (61,4,34,71,417.98);
Insert into HWL_ORDER_ITEMS (ORDER_ID,ITEM_ID,PRODUCT_ID,QUANTITY,UNIT_PRICE) values (67,4,109,117,713.99);
Insert into HWL_ORDER_ITEMS (ORDER_ID,ITEM_ID,PRODUCT_ID,QUANTITY,UNIT_PRICE) values (68,4,163,125,1899.99);
Insert into HWL_ORDER_ITEMS (ORDER_ID,ITEM_ID,PRODUCT_ID,QUANTITY,UNIT_PRICE) values (73,2,35,130,1314.99);
Insert into HWL_ORDER_ITEMS (ORDER_ID,ITEM_ID,PRODUCT_ID,QUANTITY,UNIT_PRICE) values (75,4,142,115,2998.89);
Insert into HWL_ORDER_ITEMS (ORDER_ID,ITEM_ID,PRODUCT_ID,QUANTITY,UNIT_PRICE) values (76,4,272,56,1073.99);
Insert into HWL_ORDER_ITEMS (ORDER_ID,ITEM_ID,PRODUCT_ID,QUANTITY,UNIT_PRICE) values (77,4,2,99,2554.99);
Insert into HWL_ORDER_ITEMS (ORDER_ID,ITEM_ID,PRODUCT_ID,QUANTITY,UNIT_PRICE) values (78,4,200,87,620.95);
Insert into HWL_ORDER_ITEMS (ORDER_ID,ITEM_ID,PRODUCT_ID,QUANTITY,UNIT_PRICE) values (79,3,204,138,686.99);
Insert into HWL_ORDER_ITEMS (ORDER_ID,ITEM_ID,PRODUCT_ID,QUANTITY,UNIT_PRICE) values (83,4,261,106,1504.99);
Insert into HWL_ORDER_ITEMS (ORDER_ID,ITEM_ID,PRODUCT_ID,QUANTITY,UNIT_PRICE) values (86,4,121,76,721.99);
Insert into HWL_ORDER_ITEMS (ORDER_ID,ITEM_ID,PRODUCT_ID,QUANTITY,UNIT_PRICE) values (89,4,253,126,579.99);
Insert into HWL_ORDER_ITEMS (ORDER_ID,ITEM_ID,PRODUCT_ID,QUANTITY,UNIT_PRICE) values (90,3,134,106,295.72);
Insert into HWL_ORDER_ITEMS (ORDER_ID,ITEM_ID,PRODUCT_ID,QUANTITY,UNIT_PRICE) values (91,4,194,75,397.42);
Insert into HWL_ORDER_ITEMS (ORDER_ID,ITEM_ID,PRODUCT_ID,QUANTITY,UNIT_PRICE) values (94,3,218,86,1388.89);
Insert into HWL_ORDER_ITEMS (ORDER_ID,ITEM_ID,PRODUCT_ID,QUANTITY,UNIT_PRICE) values (105,4,138,80,645.99);
Insert into HWL_ORDER_ITEMS (ORDER_ID,ITEM_ID,PRODUCT_ID,QUANTITY,UNIT_PRICE) values (1,5,138,131,645.99);
Insert into HWL_ORDER_ITEMS (ORDER_ID,ITEM_ID,PRODUCT_ID,QUANTITY,UNIT_PRICE) values (2,2,265,121,1431.99);
Insert into HWL_ORDER_ITEMS (ORDER_ID,ITEM_ID,PRODUCT_ID,QUANTITY,UNIT_PRICE) values (3,3,28,63,479.99);
Insert into HWL_ORDER_ITEMS (ORDER_ID,ITEM_ID,PRODUCT_ID,QUANTITY,UNIT_PRICE) values (5,3,216,82,863.98);
Insert into HWL_ORDER_ITEMS (ORDER_ID,ITEM_ID,PRODUCT_ID,QUANTITY,UNIT_PRICE) values (6,2,138,41,645.99);
Insert into HWL_ORDER_ITEMS (ORDER_ID,ITEM_ID,PRODUCT_ID,QUANTITY,UNIT_PRICE) values (8,5,284,118,54.99);
Insert into HWL_ORDER_ITEMS (ORDER_ID,ITEM_ID,PRODUCT_ID,QUANTITY,UNIT_PRICE) values (12,5,208,133,1199.99);
Insert into HWL_ORDER_ITEMS (ORDER_ID,ITEM_ID,PRODUCT_ID,QUANTITY,UNIT_PRICE) values (13,3,240,80,1805.97);
Insert into HWL_ORDER_ITEMS (ORDER_ID,ITEM_ID,PRODUCT_ID,QUANTITY,UNIT_PRICE) values (15,4,239,71,739.99);
Insert into HWL_ORDER_ITEMS (ORDER_ID,ITEM_ID,PRODUCT_ID,QUANTITY,UNIT_PRICE) values (19,4,259,46,80.72);
Insert into HWL_ORDER_ITEMS (ORDER_ID,ITEM_ID,PRODUCT_ID,QUANTITY,UNIT_PRICE) values (21,3,250,120,338.99);
Insert into HWL_ORDER_ITEMS (ORDER_ID,ITEM_ID,PRODUCT_ID,QUANTITY,UNIT_PRICE) values (22,5,160,59,1908.73);
Insert into HWL_ORDER_ITEMS (ORDER_ID,ITEM_ID,PRODUCT_ID,QUANTITY,UNIT_PRICE) values (23,3,210,80,1029.99);
Insert into HWL_ORDER_ITEMS (ORDER_ID,ITEM_ID,PRODUCT_ID,QUANTITY,UNIT_PRICE) values (24,3,47,51,2377.09);
Insert into HWL_ORDER_ITEMS (ORDER_ID,ITEM_ID,PRODUCT_ID,QUANTITY,UNIT_PRICE) values (25,5,235,45,41.99);
Insert into HWL_ORDER_ITEMS (ORDER_ID,ITEM_ID,PRODUCT_ID,QUANTITY,UNIT_PRICE) values (27,5,118,122,699.89);
Insert into HWL_ORDER_ITEMS (ORDER_ID,ITEM_ID,PRODUCT_ID,QUANTITY,UNIT_PRICE) values (28,5,27,99,800.74);
Insert into HWL_ORDER_ITEMS (ORDER_ID,ITEM_ID,PRODUCT_ID,QUANTITY,UNIT_PRICE) values (29,5,258,137,57.98);
Insert into HWL_ORDER_ITEMS (ORDER_ID,ITEM_ID,PRODUCT_ID,QUANTITY,UNIT_PRICE) values (30,3,260,37,267.99);
Insert into HWL_ORDER_ITEMS (ORDER_ID,ITEM_ID,PRODUCT_ID,QUANTITY,UNIT_PRICE) values (32,2,142,130,2998.89);
Insert into HWL_ORDER_ITEMS (ORDER_ID,ITEM_ID,PRODUCT_ID,QUANTITY,UNIT_PRICE) values (35,3,211,87,1064.99);
Insert into HWL_ORDER_ITEMS (ORDER_ID,ITEM_ID,PRODUCT_ID,QUANTITY,UNIT_PRICE) values (38,5,209,149,1199.99);
Insert into HWL_ORDER_ITEMS (ORDER_ID,ITEM_ID,PRODUCT_ID,QUANTITY,UNIT_PRICE) values (40,5,98,149,2064.99);
Insert into HWL_ORDER_ITEMS (ORDER_ID,ITEM_ID,PRODUCT_ID,QUANTITY,UNIT_PRICE) values (41,5,179,83,312.67);
Insert into HWL_ORDER_ITEMS (ORDER_ID,ITEM_ID,PRODUCT_ID,QUANTITY,UNIT_PRICE) values (46,5,181,94,999.99);
Insert into HWL_ORDER_ITEMS (ORDER_ID,ITEM_ID,PRODUCT_ID,QUANTITY,UNIT_PRICE) values (55,3,260,79,267.99);
Insert into HWL_ORDER_ITEMS (ORDER_ID,ITEM_ID,PRODUCT_ID,QUANTITY,UNIT_PRICE) values (57,4,164,114,1850);
Insert into HWL_ORDER_ITEMS (ORDER_ID,ITEM_ID,PRODUCT_ID,QUANTITY,UNIT_PRICE) values (58,5,62,143,789.79);
Insert into HWL_ORDER_ITEMS (ORDER_ID,ITEM_ID,PRODUCT_ID,QUANTITY,UNIT_PRICE) values (59,5,203,117,671.38);
Insert into HWL_ORDER_ITEMS (ORDER_ID,ITEM_ID,PRODUCT_ID,QUANTITY,UNIT_PRICE) values (60,5,278,114,677.99);
Insert into HWL_ORDER_ITEMS (ORDER_ID,ITEM_ID,PRODUCT_ID,QUANTITY,UNIT_PRICE) values (67,5,80,129,564.89);
Insert into HWL_ORDER_ITEMS (ORDER_ID,ITEM_ID,PRODUCT_ID,QUANTITY,UNIT_PRICE) values (68,5,108,150,849.99);
Insert into HWL_ORDER_ITEMS (ORDER_ID,ITEM_ID,PRODUCT_ID,QUANTITY,UNIT_PRICE) values (69,4,82,58,1499.89);
Insert into HWL_ORDER_ITEMS (ORDER_ID,ITEM_ID,PRODUCT_ID,QUANTITY,UNIT_PRICE) values (74,3,242,61,1751.99);
Insert into HWL_ORDER_ITEMS (ORDER_ID,ITEM_ID,PRODUCT_ID,QUANTITY,UNIT_PRICE) values (75,5,192,37,519.99);
Insert into HWL_ORDER_ITEMS (ORDER_ID,ITEM_ID,PRODUCT_ID,QUANTITY,UNIT_PRICE) values (76,5,89,133,749.99);
Insert into HWL_ORDER_ITEMS (ORDER_ID,ITEM_ID,PRODUCT_ID,QUANTITY,UNIT_PRICE) values (78,5,181,37,999.99);
Insert into HWL_ORDER_ITEMS (ORDER_ID,ITEM_ID,PRODUCT_ID,QUANTITY,UNIT_PRICE) values (82,3,254,121,119.99);
Insert into HWL_ORDER_ITEMS (ORDER_ID,ITEM_ID,PRODUCT_ID,QUANTITY,UNIT_PRICE) values (89,5,44,55,49.37);
Insert into HWL_ORDER_ITEMS (ORDER_ID,ITEM_ID,PRODUCT_ID,QUANTITY,UNIT_PRICE) values (91,5,272,111,1073.99);
Insert into HWL_ORDER_ITEMS (ORDER_ID,ITEM_ID,PRODUCT_ID,QUANTITY,UNIT_PRICE) values (94,4,80,133,564.89);
Insert into HWL_ORDER_ITEMS (ORDER_ID,ITEM_ID,PRODUCT_ID,QUANTITY,UNIT_PRICE) values (1,6,126,95,640.99);
Insert into HWL_ORDER_ITEMS (ORDER_ID,ITEM_ID,PRODUCT_ID,QUANTITY,UNIT_PRICE) values (2,3,195,39,1055.99);
Insert into HWL_ORDER_ITEMS (ORDER_ID,ITEM_ID,PRODUCT_ID,QUANTITY,UNIT_PRICE) values (3,4,64,46,525.99);
Insert into HWL_ORDER_ITEMS (ORDER_ID,ITEM_ID,PRODUCT_ID,QUANTITY,UNIT_PRICE) values (5,4,31,77,443.72);
Insert into HWL_ORDER_ITEMS (ORDER_ID,ITEM_ID,PRODUCT_ID,QUANTITY,UNIT_PRICE) values (12,6,236,114,745.32);
Insert into HWL_ORDER_ITEMS (ORDER_ID,ITEM_ID,PRODUCT_ID,QUANTITY,UNIT_PRICE) values (13,4,30,60,645.2);
Insert into HWL_ORDER_ITEMS (ORDER_ID,ITEM_ID,PRODUCT_ID,QUANTITY,UNIT_PRICE) values (14,3,231,87,449.99);
Insert into HWL_ORDER_ITEMS (ORDER_ID,ITEM_ID,PRODUCT_ID,QUANTITY,UNIT_PRICE) values (15,5,230,92,136.69);
Insert into HWL_ORDER_ITEMS (ORDER_ID,ITEM_ID,PRODUCT_ID,QUANTITY,UNIT_PRICE) values (18,3,93,83,2116.72);
Insert into HWL_ORDER_ITEMS (ORDER_ID,ITEM_ID,PRODUCT_ID,QUANTITY,UNIT_PRICE) values (19,5,107,106,644);
Insert into HWL_ORDER_ITEMS (ORDER_ID,ITEM_ID,PRODUCT_ID,QUANTITY,UNIT_PRICE) values (22,6,56,43,16.99);
Insert into HWL_ORDER_ITEMS (ORDER_ID,ITEM_ID,PRODUCT_ID,QUANTITY,UNIT_PRICE) values (23,4,116,74,731.99);
Insert into HWL_ORDER_ITEMS (ORDER_ID,ITEM_ID,PRODUCT_ID,QUANTITY,UNIT_PRICE) values (25,6,28,85,479.99);
Insert into HWL_ORDER_ITEMS (ORDER_ID,ITEM_ID,PRODUCT_ID,QUANTITY,UNIT_PRICE) values (27,6,29,133,645.99);
Insert into HWL_ORDER_ITEMS (ORDER_ID,ITEM_ID,PRODUCT_ID,QUANTITY,UNIT_PRICE) values (29,6,30,75,645.2);
Insert into HWL_ORDER_ITEMS (ORDER_ID,ITEM_ID,PRODUCT_ID,QUANTITY,UNIT_PRICE) values (30,4,237,50,744.98);
Insert into HWL_ORDER_ITEMS (ORDER_ID,ITEM_ID,PRODUCT_ID,QUANTITY,UNIT_PRICE) values (31,3,191,147,573.99);
Insert into HWL_ORDER_ITEMS (ORDER_ID,ITEM_ID,PRODUCT_ID,QUANTITY,UNIT_PRICE) values (38,6,278,76,677.99);
Insert into HWL_ORDER_ITEMS (ORDER_ID,ITEM_ID,PRODUCT_ID,QUANTITY,UNIT_PRICE) values (39,4,53,128,1003.98);
Insert into HWL_ORDER_ITEMS (ORDER_ID,ITEM_ID,PRODUCT_ID,QUANTITY,UNIT_PRICE) values (40,6,273,82,443.64);
Insert into HWL_ORDER_ITEMS (ORDER_ID,ITEM_ID,PRODUCT_ID,QUANTITY,UNIT_PRICE) values (41,6,287,112,329.99);
Insert into HWL_ORDER_ITEMS (ORDER_ID,ITEM_ID,PRODUCT_ID,QUANTITY,UNIT_PRICE) values (46,6,60,80,59.99);
Insert into HWL_ORDER_ITEMS (ORDER_ID,ITEM_ID,PRODUCT_ID,QUANTITY,UNIT_PRICE) values (47,4,33,98,52.65);
Insert into HWL_ORDER_ITEMS (ORDER_ID,ITEM_ID,PRODUCT_ID,QUANTITY,UNIT_PRICE) values (58,6,213,77,1469.96);
Insert into HWL_ORDER_ITEMS (ORDER_ID,ITEM_ID,PRODUCT_ID,QUANTITY,UNIT_PRICE) values (59,6,154,126,1204.98);
Insert into HWL_ORDER_ITEMS (ORDER_ID,ITEM_ID,PRODUCT_ID,QUANTITY,UNIT_PRICE) values (65,4,248,42,2774.98);
Insert into HWL_ORDER_ITEMS (ORDER_ID,ITEM_ID,PRODUCT_ID,QUANTITY,UNIT_PRICE) values (66,4,103,88,809.99);
Insert into HWL_ORDER_ITEMS (ORDER_ID,ITEM_ID,PRODUCT_ID,QUANTITY,UNIT_PRICE) values (68,6,13,141,704.99);
Insert into HWL_ORDER_ITEMS (ORDER_ID,ITEM_ID,PRODUCT_ID,QUANTITY,UNIT_PRICE) values (69,5,278,71,677.99);
Insert into HWL_ORDER_ITEMS (ORDER_ID,ITEM_ID,PRODUCT_ID,QUANTITY,UNIT_PRICE) values (70,3,102,84,2042.69);
Insert into HWL_ORDER_ITEMS (ORDER_ID,ITEM_ID,PRODUCT_ID,QUANTITY,UNIT_PRICE) values (74,4,106,82,608.95);
Insert into HWL_ORDER_ITEMS (ORDER_ID,ITEM_ID,PRODUCT_ID,QUANTITY,UNIT_PRICE) values (75,6,95,81,109.99);
Insert into HWL_ORDER_ITEMS (ORDER_ID,ITEM_ID,PRODUCT_ID,QUANTITY,UNIT_PRICE) values (76,6,167,46,1010.46);
Insert into HWL_ORDER_ITEMS (ORDER_ID,ITEM_ID,PRODUCT_ID,QUANTITY,UNIT_PRICE) values (78,6,206,145,4139);
Insert into HWL_ORDER_ITEMS (ORDER_ID,ITEM_ID,PRODUCT_ID,QUANTITY,UNIT_PRICE) values (81,2,241,134,1756);
Insert into HWL_ORDER_ITEMS (ORDER_ID,ITEM_ID,PRODUCT_ID,QUANTITY,UNIT_PRICE) values (82,4,157,113,388.99);
Insert into HWL_ORDER_ITEMS (ORDER_ID,ITEM_ID,PRODUCT_ID,QUANTITY,UNIT_PRICE) values (87,4,127,59,719.99);
Insert into HWL_ORDER_ITEMS (ORDER_ID,ITEM_ID,PRODUCT_ID,QUANTITY,UNIT_PRICE) values (89,6,122,140,722.99);
Insert into HWL_ORDER_ITEMS (ORDER_ID,ITEM_ID,PRODUCT_ID,QUANTITY,UNIT_PRICE) values (91,6,123,37,3177.44);
Insert into HWL_ORDER_ITEMS (ORDER_ID,ITEM_ID,PRODUCT_ID,QUANTITY,UNIT_PRICE) values (92,3,65,132,1199.99);
Insert into HWL_ORDER_ITEMS (ORDER_ID,ITEM_ID,PRODUCT_ID,QUANTITY,UNIT_PRICE) values (95,3,271,69,549.59);
Insert into HWL_ORDER_ITEMS (ORDER_ID,ITEM_ID,PRODUCT_ID,QUANTITY,UNIT_PRICE) values (99,2,118,37,699.89);
Insert into HWL_ORDER_ITEMS (ORDER_ID,ITEM_ID,PRODUCT_ID,QUANTITY,UNIT_PRICE) values (1,7,30,41,645.2);
Insert into HWL_ORDER_ITEMS (ORDER_ID,ITEM_ID,PRODUCT_ID,QUANTITY,UNIT_PRICE) values (2,4,18,49,799);
Insert into HWL_ORDER_ITEMS (ORDER_ID,ITEM_ID,PRODUCT_ID,QUANTITY,UNIT_PRICE) values (3,5,107,112,644);
Insert into HWL_ORDER_ITEMS (ORDER_ID,ITEM_ID,PRODUCT_ID,QUANTITY,UNIT_PRICE) values (4,2,137,75,469.99);
Insert into HWL_ORDER_ITEMS (ORDER_ID,ITEM_ID,PRODUCT_ID,QUANTITY,UNIT_PRICE) values (5,5,31,78,443.72);
Insert into HWL_ORDER_ITEMS (ORDER_ID,ITEM_ID,PRODUCT_ID,QUANTITY,UNIT_PRICE) values (9,5,145,58,287);
Insert into HWL_ORDER_ITEMS (ORDER_ID,ITEM_ID,PRODUCT_ID,QUANTITY,UNIT_PRICE) values (10,3,182,83,949.89);
Insert into HWL_ORDER_ITEMS (ORDER_ID,ITEM_ID,PRODUCT_ID,QUANTITY,UNIT_PRICE) values (12,7,141,110,419.99);
Insert into HWL_ORDER_ITEMS (ORDER_ID,ITEM_ID,PRODUCT_ID,QUANTITY,UNIT_PRICE) values (13,5,167,89,1010.46);
Insert into HWL_ORDER_ITEMS (ORDER_ID,ITEM_ID,PRODUCT_ID,QUANTITY,UNIT_PRICE) values (15,6,253,83,579.99);
Insert into HWL_ORDER_ITEMS (ORDER_ID,ITEM_ID,PRODUCT_ID,QUANTITY,UNIT_PRICE) values (19,6,103,105,809.99);
Insert into HWL_ORDER_ITEMS (ORDER_ID,ITEM_ID,PRODUCT_ID,QUANTITY,UNIT_PRICE) values (22,7,17,60,699.01);
Insert into HWL_ORDER_ITEMS (ORDER_ID,ITEM_ID,PRODUCT_ID,QUANTITY,UNIT_PRICE) values (23,5,5,59,2290.79);
Insert into HWL_ORDER_ITEMS (ORDER_ID,ITEM_ID,PRODUCT_ID,QUANTITY,UNIT_PRICE) values (26,3,279,71,1318.99);
Insert into HWL_ORDER_ITEMS (ORDER_ID,ITEM_ID,PRODUCT_ID,QUANTITY,UNIT_PRICE) values (27,7,155,51,588.95);
Insert into HWL_ORDER_ITEMS (ORDER_ID,ITEM_ID,PRODUCT_ID,QUANTITY,UNIT_PRICE) values (29,7,166,103,1638.89);
Insert into HWL_ORDER_ITEMS (ORDER_ID,ITEM_ID,PRODUCT_ID,QUANTITY,UNIT_PRICE) values (30,5,43,68,298.98);
Insert into HWL_ORDER_ITEMS (ORDER_ID,ITEM_ID,PRODUCT_ID,QUANTITY,UNIT_PRICE) values (31,4,226,34,309.85);
Insert into HWL_ORDER_ITEMS (ORDER_ID,ITEM_ID,PRODUCT_ID,QUANTITY,UNIT_PRICE) values (34,2,131,113,279.99);
Insert into HWL_ORDER_ITEMS (ORDER_ID,ITEM_ID,PRODUCT_ID,QUANTITY,UNIT_PRICE) values (38,7,49,139,1499.99);
Insert into HWL_ORDER_ITEMS (ORDER_ID,ITEM_ID,PRODUCT_ID,QUANTITY,UNIT_PRICE) values (39,5,38,144,1199.99);
Insert into HWL_ORDER_ITEMS (ORDER_ID,ITEM_ID,PRODUCT_ID,QUANTITY,UNIT_PRICE) values (40,7,258,99,57.98);
Insert into HWL_ORDER_ITEMS (ORDER_ID,ITEM_ID,PRODUCT_ID,QUANTITY,UNIT_PRICE) values (41,7,25,101,104.88);
Insert into HWL_ORDER_ITEMS (ORDER_ID,ITEM_ID,PRODUCT_ID,QUANTITY,UNIT_PRICE) values (42,2,10,147,811.99);
Insert into HWL_ORDER_ITEMS (ORDER_ID,ITEM_ID,PRODUCT_ID,QUANTITY,UNIT_PRICE) values (44,3,271,37,549.59);
Insert into HWL_ORDER_ITEMS (ORDER_ID,ITEM_ID,PRODUCT_ID,QUANTITY,UNIT_PRICE) values (46,7,155,114,588.95);
Insert into HWL_ORDER_ITEMS (ORDER_ID,ITEM_ID,PRODUCT_ID,QUANTITY,UNIT_PRICE) values (47,5,149,123,282.98);
Insert into HWL_ORDER_ITEMS (ORDER_ID,ITEM_ID,PRODUCT_ID,QUANTITY,UNIT_PRICE) values (59,7,152,82,280.98);
Insert into HWL_ORDER_ITEMS (ORDER_ID,ITEM_ID,PRODUCT_ID,QUANTITY,UNIT_PRICE) values (61,5,15,32,725.99);
Insert into HWL_ORDER_ITEMS (ORDER_ID,ITEM_ID,PRODUCT_ID,QUANTITY,UNIT_PRICE) values (66,5,174,66,798.26);
Insert into HWL_ORDER_ITEMS (ORDER_ID,ITEM_ID,PRODUCT_ID,QUANTITY,UNIT_PRICE) values (67,6,108,82,849.99);
Insert into HWL_ORDER_ITEMS (ORDER_ID,ITEM_ID,PRODUCT_ID,QUANTITY,UNIT_PRICE) values (70,4,82,139,1499.89);
Insert into HWL_ORDER_ITEMS (ORDER_ID,ITEM_ID,PRODUCT_ID,QUANTITY,UNIT_PRICE) values (74,5,3,101,799.99);
Insert into HWL_ORDER_ITEMS (ORDER_ID,ITEM_ID,PRODUCT_ID,QUANTITY,UNIT_PRICE) values (75,7,106,74,608.95);
Insert into HWL_ORDER_ITEMS (ORDER_ID,ITEM_ID,PRODUCT_ID,QUANTITY,UNIT_PRICE) values (76,7,196,125,1099.99);
Insert into HWL_ORDER_ITEMS (ORDER_ID,ITEM_ID,PRODUCT_ID,QUANTITY,UNIT_PRICE) values (79,4,63,146,572.96);
Insert into HWL_ORDER_ITEMS (ORDER_ID,ITEM_ID,PRODUCT_ID,QUANTITY,UNIT_PRICE) values (81,3,69,104,678.75);
Insert into HWL_ORDER_ITEMS (ORDER_ID,ITEM_ID,PRODUCT_ID,QUANTITY,UNIT_PRICE) values (82,5,48,59,1218.5);
Insert into HWL_ORDER_ITEMS (ORDER_ID,ITEM_ID,PRODUCT_ID,QUANTITY,UNIT_PRICE) values (83,5,101,122,635.99);
Insert into HWL_ORDER_ITEMS (ORDER_ID,ITEM_ID,PRODUCT_ID,QUANTITY,UNIT_PRICE) values (84,3,269,147,759.99);
Insert into HWL_ORDER_ITEMS (ORDER_ID,ITEM_ID,PRODUCT_ID,QUANTITY,UNIT_PRICE) values (87,5,265,74,1431.99);
Insert into HWL_ORDER_ITEMS (ORDER_ID,ITEM_ID,PRODUCT_ID,QUANTITY,UNIT_PRICE) values (90,4,93,146,2116.72);
Insert into HWL_ORDER_ITEMS (ORDER_ID,ITEM_ID,PRODUCT_ID,QUANTITY,UNIT_PRICE) values (91,7,118,113,699.89);
Insert into HWL_ORDER_ITEMS (ORDER_ID,ITEM_ID,PRODUCT_ID,QUANTITY,UNIT_PRICE) values (92,4,110,111,3192.97);
Insert into HWL_ORDER_ITEMS (ORDER_ID,ITEM_ID,PRODUCT_ID,QUANTITY,UNIT_PRICE) values (95,4,86,123,804.98);
Insert into HWL_ORDER_ITEMS (ORDER_ID,ITEM_ID,PRODUCT_ID,QUANTITY,UNIT_PRICE) values (97,4,33,67,52.65);
Insert into HWL_ORDER_ITEMS (ORDER_ID,ITEM_ID,PRODUCT_ID,QUANTITY,UNIT_PRICE) values (99,3,84,98,440.3);
Insert into HWL_ORDER_ITEMS (ORDER_ID,ITEM_ID,PRODUCT_ID,QUANTITY,UNIT_PRICE) values (101,4,284,52,54.99);
Insert into HWL_ORDER_ITEMS (ORDER_ID,ITEM_ID,PRODUCT_ID,QUANTITY,UNIT_PRICE) values (102,2,95,117,109.99);
Insert into HWL_ORDER_ITEMS (ORDER_ID,ITEM_ID,PRODUCT_ID,QUANTITY,UNIT_PRICE) values (103,2,258,142,57.98);
Insert into HWL_ORDER_ITEMS (ORDER_ID,ITEM_ID,PRODUCT_ID,QUANTITY,UNIT_PRICE) values (1,8,170,129,383.98);
Insert into HWL_ORDER_ITEMS (ORDER_ID,ITEM_ID,PRODUCT_ID,QUANTITY,UNIT_PRICE) values (2,5,160,30,1908.73);
Insert into HWL_ORDER_ITEMS (ORDER_ID,ITEM_ID,PRODUCT_ID,QUANTITY,UNIT_PRICE) values (3,6,36,81,1299.99);
Insert into HWL_ORDER_ITEMS (ORDER_ID,ITEM_ID,PRODUCT_ID,QUANTITY,UNIT_PRICE) values (4,3,7,140,680.99);
Insert into HWL_ORDER_ITEMS (ORDER_ID,ITEM_ID,PRODUCT_ID,QUANTITY,UNIT_PRICE) values (8,6,127,34,719.99);
Insert into HWL_ORDER_ITEMS (ORDER_ID,ITEM_ID,PRODUCT_ID,QUANTITY,UNIT_PRICE) values (9,6,14,48,704.99);
Insert into HWL_ORDER_ITEMS (ORDER_ID,ITEM_ID,PRODUCT_ID,QUANTITY,UNIT_PRICE) values (10,4,172,133,358.49);
Insert into HWL_ORDER_ITEMS (ORDER_ID,ITEM_ID,PRODUCT_ID,QUANTITY,UNIT_PRICE) values (12,8,256,85,26.99);
Insert into HWL_ORDER_ITEMS (ORDER_ID,ITEM_ID,PRODUCT_ID,QUANTITY,UNIT_PRICE) values (13,6,1,127,640.99);
Insert into HWL_ORDER_ITEMS (ORDER_ID,ITEM_ID,PRODUCT_ID,QUANTITY,UNIT_PRICE) values (16,5,45,80,2501.69);
Insert into HWL_ORDER_ITEMS (ORDER_ID,ITEM_ID,PRODUCT_ID,QUANTITY,UNIT_PRICE) values (19,7,30,94,645.2);
Insert into HWL_ORDER_ITEMS (ORDER_ID,ITEM_ID,PRODUCT_ID,QUANTITY,UNIT_PRICE) values (21,4,1,135,640.99);
Insert into HWL_ORDER_ITEMS (ORDER_ID,ITEM_ID,PRODUCT_ID,QUANTITY,UNIT_PRICE) values (22,8,222,99,754.98);
Insert into HWL_ORDER_ITEMS (ORDER_ID,ITEM_ID,PRODUCT_ID,QUANTITY,UNIT_PRICE) values (23,6,169,40,1844.89);
Insert into HWL_ORDER_ITEMS (ORDER_ID,ITEM_ID,PRODUCT_ID,QUANTITY,UNIT_PRICE) values (27,8,71,127,660);
Insert into HWL_ORDER_ITEMS (ORDER_ID,ITEM_ID,PRODUCT_ID,QUANTITY,UNIT_PRICE) values (29,8,10,81,811.99);
Insert into HWL_ORDER_ITEMS (ORDER_ID,ITEM_ID,PRODUCT_ID,QUANTITY,UNIT_PRICE) values (31,5,79,56,659.99);
Insert into HWL_ORDER_ITEMS (ORDER_ID,ITEM_ID,PRODUCT_ID,QUANTITY,UNIT_PRICE) values (32,3,73,134,799);
Insert into HWL_ORDER_ITEMS (ORDER_ID,ITEM_ID,PRODUCT_ID,QUANTITY,UNIT_PRICE) values (34,3,39,100,301.99);
Insert into HWL_ORDER_ITEMS (ORDER_ID,ITEM_ID,PRODUCT_ID,QUANTITY,UNIT_PRICE) values (36,5,255,143,90.99);
Insert into HWL_ORDER_ITEMS (ORDER_ID,ITEM_ID,PRODUCT_ID,QUANTITY,UNIT_PRICE) values (37,3,147,100,283.98);
Insert into HWL_ORDER_ITEMS (ORDER_ID,ITEM_ID,PRODUCT_ID,QUANTITY,UNIT_PRICE) values (39,6,20,112,719.99);
Insert into HWL_ORDER_ITEMS (ORDER_ID,ITEM_ID,PRODUCT_ID,QUANTITY,UNIT_PRICE) values (40,8,31,30,443.72);
Insert into HWL_ORDER_ITEMS (ORDER_ID,ITEM_ID,PRODUCT_ID,QUANTITY,UNIT_PRICE) values (42,3,249,76,2660.72);
Insert into HWL_ORDER_ITEMS (ORDER_ID,ITEM_ID,PRODUCT_ID,QUANTITY,UNIT_PRICE) values (44,4,158,100,2009.46);
Insert into HWL_ORDER_ITEMS (ORDER_ID,ITEM_ID,PRODUCT_ID,QUANTITY,UNIT_PRICE) values (46,8,123,116,3177.44);
Insert into HWL_ORDER_ITEMS (ORDER_ID,ITEM_ID,PRODUCT_ID,QUANTITY,UNIT_PRICE) values (54,2,4,136,2699.99);
Insert into HWL_ORDER_ITEMS (ORDER_ID,ITEM_ID,PRODUCT_ID,QUANTITY,UNIT_PRICE) values (58,7,108,49,849.99);
Insert into HWL_ORDER_ITEMS (ORDER_ID,ITEM_ID,PRODUCT_ID,QUANTITY,UNIT_PRICE) values (61,6,5,50,2290.79);
Insert into HWL_ORDER_ITEMS (ORDER_ID,ITEM_ID,PRODUCT_ID,QUANTITY,UNIT_PRICE) values (67,7,78,124,686.99);
Insert into HWL_ORDER_ITEMS (ORDER_ID,ITEM_ID,PRODUCT_ID,QUANTITY,UNIT_PRICE) values (70,5,124,106,594.99);
Insert into HWL_ORDER_ITEMS (ORDER_ID,ITEM_ID,PRODUCT_ID,QUANTITY,UNIT_PRICE) values (73,3,31,102,443.72);
Insert into HWL_ORDER_ITEMS (ORDER_ID,ITEM_ID,PRODUCT_ID,QUANTITY,UNIT_PRICE) values (75,8,24,82,66.89);
Insert into HWL_ORDER_ITEMS (ORDER_ID,ITEM_ID,PRODUCT_ID,QUANTITY,UNIT_PRICE) values (81,4,49,83,1499.99);
Insert into HWL_ORDER_ITEMS (ORDER_ID,ITEM_ID,PRODUCT_ID,QUANTITY,UNIT_PRICE) values (82,6,180,56,279.99);
Insert into HWL_ORDER_ITEMS (ORDER_ID,ITEM_ID,PRODUCT_ID,QUANTITY,UNIT_PRICE) values (83,6,233,86,59.99);
Insert into HWL_ORDER_ITEMS (ORDER_ID,ITEM_ID,PRODUCT_ID,QUANTITY,UNIT_PRICE) values (84,4,95,36,109.99);
Insert into HWL_ORDER_ITEMS (ORDER_ID,ITEM_ID,PRODUCT_ID,QUANTITY,UNIT_PRICE) values (87,6,174,84,798.26);
Insert into HWL_ORDER_ITEMS (ORDER_ID,ITEM_ID,PRODUCT_ID,QUANTITY,UNIT_PRICE) values (90,5,73,129,799);
Insert into HWL_ORDER_ITEMS (ORDER_ID,ITEM_ID,PRODUCT_ID,QUANTITY,UNIT_PRICE) values (91,8,196,102,1099.99);
Insert into HWL_ORDER_ITEMS (ORDER_ID,ITEM_ID,PRODUCT_ID,QUANTITY,UNIT_PRICE) values (95,5,107,76,644);
Insert into HWL_ORDER_ITEMS (ORDER_ID,ITEM_ID,PRODUCT_ID,QUANTITY,UNIT_PRICE) values (97,5,99,48,68.06);
Insert into HWL_ORDER_ITEMS (ORDER_ID,ITEM_ID,PRODUCT_ID,QUANTITY,UNIT_PRICE) values (98,2,48,44,1218.5);
Insert into HWL_ORDER_ITEMS (ORDER_ID,ITEM_ID,PRODUCT_ID,QUANTITY,UNIT_PRICE) values (99,4,36,71,1299.99);
Insert into HWL_ORDER_ITEMS (ORDER_ID,ITEM_ID,PRODUCT_ID,QUANTITY,UNIT_PRICE) values (101,5,150,36,281.98);
Insert into HWL_ORDER_ITEMS (ORDER_ID,ITEM_ID,PRODUCT_ID,QUANTITY,UNIT_PRICE) values (104,4,48,51,1218.5);
Insert into HWL_ORDER_ITEMS (ORDER_ID,ITEM_ID,PRODUCT_ID,QUANTITY,UNIT_PRICE) values (105,5,103,77,809.99);
Insert into HWL_ORDER_ITEMS (ORDER_ID,ITEM_ID,PRODUCT_ID,QUANTITY,UNIT_PRICE) values (1,9,196,139,1099.99);
Insert into HWL_ORDER_ITEMS (ORDER_ID,ITEM_ID,PRODUCT_ID,QUANTITY,UNIT_PRICE) values (2,6,182,95,949.89);
Insert into HWL_ORDER_ITEMS (ORDER_ID,ITEM_ID,PRODUCT_ID,QUANTITY,UNIT_PRICE) values (3,7,125,73,768.99);
Insert into HWL_ORDER_ITEMS (ORDER_ID,ITEM_ID,PRODUCT_ID,QUANTITY,UNIT_PRICE) values (4,4,287,60,329.99);
Insert into HWL_ORDER_ITEMS (ORDER_ID,ITEM_ID,PRODUCT_ID,QUANTITY,UNIT_PRICE) values (7,2,230,49,136.69);
Insert into HWL_ORDER_ITEMS (ORDER_ID,ITEM_ID,PRODUCT_ID,QUANTITY,UNIT_PRICE) values (8,7,16,135,889.89);
Insert into HWL_ORDER_ITEMS (ORDER_ID,ITEM_ID,PRODUCT_ID,QUANTITY,UNIT_PRICE) values (9,7,124,117,594.99);
Insert into HWL_ORDER_ITEMS (ORDER_ID,ITEM_ID,PRODUCT_ID,QUANTITY,UNIT_PRICE) values (10,5,218,68,1388.89);
Insert into HWL_ORDER_ITEMS (ORDER_ID,ITEM_ID,PRODUCT_ID,QUANTITY,UNIT_PRICE) values (11,2,40,79,299.89);
Insert into HWL_ORDER_ITEMS (ORDER_ID,ITEM_ID,PRODUCT_ID,QUANTITY,UNIT_PRICE) values (12,9,282,117,804.99);
Insert into HWL_ORDER_ITEMS (ORDER_ID,ITEM_ID,PRODUCT_ID,QUANTITY,UNIT_PRICE) values (13,7,39,67,301.99);
Insert into HWL_ORDER_ITEMS (ORDER_ID,ITEM_ID,PRODUCT_ID,QUANTITY,UNIT_PRICE) values (14,4,114,40,820.61);
Insert into HWL_ORDER_ITEMS (ORDER_ID,ITEM_ID,PRODUCT_ID,QUANTITY,UNIT_PRICE) values (16,6,131,53,279.99);
Insert into HWL_ORDER_ITEMS (ORDER_ID,ITEM_ID,PRODUCT_ID,QUANTITY,UNIT_PRICE) values (18,4,91,141,2259.99);
Insert into HWL_ORDER_ITEMS (ORDER_ID,ITEM_ID,PRODUCT_ID,QUANTITY,UNIT_PRICE) values (22,9,8,89,601.99);
Insert into HWL_ORDER_ITEMS (ORDER_ID,ITEM_ID,PRODUCT_ID,QUANTITY,UNIT_PRICE) values (23,7,286,36,234);
Insert into HWL_ORDER_ITEMS (ORDER_ID,ITEM_ID,PRODUCT_ID,QUANTITY,UNIT_PRICE) values (24,4,24,59,66.89);
Insert into HWL_ORDER_ITEMS (ORDER_ID,ITEM_ID,PRODUCT_ID,QUANTITY,UNIT_PRICE) values (27,9,93,132,2116.72);
Insert into HWL_ORDER_ITEMS (ORDER_ID,ITEM_ID,PRODUCT_ID,QUANTITY,UNIT_PRICE) values (28,6,210,120,1029.99);
Insert into HWL_ORDER_ITEMS (ORDER_ID,ITEM_ID,PRODUCT_ID,QUANTITY,UNIT_PRICE) values (29,9,233,71,59.99);
Insert into HWL_ORDER_ITEMS (ORDER_ID,ITEM_ID,PRODUCT_ID,QUANTITY,UNIT_PRICE) values (32,4,30,105,645.2);
Insert into HWL_ORDER_ITEMS (ORDER_ID,ITEM_ID,PRODUCT_ID,QUANTITY,UNIT_PRICE) values (33,4,55,93,150.99);
Insert into HWL_ORDER_ITEMS (ORDER_ID,ITEM_ID,PRODUCT_ID,QUANTITY,UNIT_PRICE) values (34,4,143,106,402.99);
Insert into HWL_ORDER_ITEMS (ORDER_ID,ITEM_ID,PRODUCT_ID,QUANTITY,UNIT_PRICE) values (36,6,205,33,649.99);
Insert into HWL_ORDER_ITEMS (ORDER_ID,ITEM_ID,PRODUCT_ID,QUANTITY,UNIT_PRICE) values (39,7,185,101,873.98);
Insert into HWL_ORDER_ITEMS (ORDER_ID,ITEM_ID,PRODUCT_ID,QUANTITY,UNIT_PRICE) values (40,9,170,31,383.98);
Insert into HWL_ORDER_ITEMS (ORDER_ID,ITEM_ID,PRODUCT_ID,QUANTITY,UNIT_PRICE) values (43,5,86,114,804.98);
Insert into HWL_ORDER_ITEMS (ORDER_ID,ITEM_ID,PRODUCT_ID,QUANTITY,UNIT_PRICE) values (46,9,2,65,2554.99);
Insert into HWL_ORDER_ITEMS (ORDER_ID,ITEM_ID,PRODUCT_ID,QUANTITY,UNIT_PRICE) values (53,3,9,106,899.99);
Insert into HWL_ORDER_ITEMS (ORDER_ID,ITEM_ID,PRODUCT_ID,QUANTITY,UNIT_PRICE) values (54,3,68,134,766.11);
Insert into HWL_ORDER_ITEMS (ORDER_ID,ITEM_ID,PRODUCT_ID,QUANTITY,UNIT_PRICE) values (57,5,132,77,554.99);
Insert into HWL_ORDER_ITEMS (ORDER_ID,ITEM_ID,PRODUCT_ID,QUANTITY,UNIT_PRICE) values (58,8,157,65,388.99);
Insert into HWL_ORDER_ITEMS (ORDER_ID,ITEM_ID,PRODUCT_ID,QUANTITY,UNIT_PRICE) values (61,7,52,45,1676.98);
Insert into HWL_ORDER_ITEMS (ORDER_ID,ITEM_ID,PRODUCT_ID,QUANTITY,UNIT_PRICE) values (67,8,247,39,339.99);
Insert into HWL_ORDER_ITEMS (ORDER_ID,ITEM_ID,PRODUCT_ID,QUANTITY,UNIT_PRICE) values (69,6,3,46,799.99);
Insert into HWL_ORDER_ITEMS (ORDER_ID,ITEM_ID,PRODUCT_ID,QUANTITY,UNIT_PRICE) values (70,6,50,68,8867.99);
Insert into HWL_ORDER_ITEMS (ORDER_ID,ITEM_ID,PRODUCT_ID,QUANTITY,UNIT_PRICE) values (75,9,20,34,719.99);
Insert into HWL_ORDER_ITEMS (ORDER_ID,ITEM_ID,PRODUCT_ID,QUANTITY,UNIT_PRICE) values (76,8,201,91,653.5);
Insert into HWL_ORDER_ITEMS (ORDER_ID,ITEM_ID,PRODUCT_ID,QUANTITY,UNIT_PRICE) values (81,5,55,144,150.99);
Insert into HWL_ORDER_ITEMS (ORDER_ID,ITEM_ID,PRODUCT_ID,QUANTITY,UNIT_PRICE) values (82,7,70,31,710.99);
Insert into HWL_ORDER_ITEMS (ORDER_ID,ITEM_ID,PRODUCT_ID,QUANTITY,UNIT_PRICE) values (83,7,18,49,799);
Insert into HWL_ORDER_ITEMS (ORDER_ID,ITEM_ID,PRODUCT_ID,QUANTITY,UNIT_PRICE) values (84,5,87,119,759.99);
Insert into HWL_ORDER_ITEMS (ORDER_ID,ITEM_ID,PRODUCT_ID,QUANTITY,UNIT_PRICE) values (87,7,7,66,680.99);
Insert into HWL_ORDER_ITEMS (ORDER_ID,ITEM_ID,PRODUCT_ID,QUANTITY,UNIT_PRICE) values (89,7,76,109,629.99);
Insert into HWL_ORDER_ITEMS (ORDER_ID,ITEM_ID,PRODUCT_ID,QUANTITY,UNIT_PRICE) values (90,6,185,147,873.98);
Insert into HWL_ORDER_ITEMS (ORDER_ID,ITEM_ID,PRODUCT_ID,QUANTITY,UNIT_PRICE) values (94,5,181,143,999.99);
Insert into HWL_ORDER_ITEMS (ORDER_ID,ITEM_ID,PRODUCT_ID,QUANTITY,UNIT_PRICE) values (95,6,71,135,660);
Insert into HWL_ORDER_ITEMS (ORDER_ID,ITEM_ID,PRODUCT_ID,QUANTITY,UNIT_PRICE) values (97,6,219,132,1299.73);
Insert into HWL_ORDER_ITEMS (ORDER_ID,ITEM_ID,PRODUCT_ID,QUANTITY,UNIT_PRICE) values (99,5,200,58,620.95);
Insert into HWL_ORDER_ITEMS (ORDER_ID,ITEM_ID,PRODUCT_ID,QUANTITY,UNIT_PRICE) values (101,6,20,138,719.99);
Insert into HWL_ORDER_ITEMS (ORDER_ID,ITEM_ID,PRODUCT_ID,QUANTITY,UNIT_PRICE) values (104,5,281,85,864.98);
Insert into HWL_ORDER_ITEMS (ORDER_ID,ITEM_ID,PRODUCT_ID,QUANTITY,UNIT_PRICE) values (1,10,64,147,525.99);
Insert into HWL_ORDER_ITEMS (ORDER_ID,ITEM_ID,PRODUCT_ID,QUANTITY,UNIT_PRICE) values (2,7,204,100,686.99);
Insert into HWL_ORDER_ITEMS (ORDER_ID,ITEM_ID,PRODUCT_ID,QUANTITY,UNIT_PRICE) values (3,8,190,127,948.99);
Insert into HWL_ORDER_ITEMS (ORDER_ID,ITEM_ID,PRODUCT_ID,QUANTITY,UNIT_PRICE) values (4,5,20,80,719.99);
Insert into HWL_ORDER_ITEMS (ORDER_ID,ITEM_ID,PRODUCT_ID,QUANTITY,UNIT_PRICE) values (6,3,94,90,15.55);
Insert into HWL_ORDER_ITEMS (ORDER_ID,ITEM_ID,PRODUCT_ID,QUANTITY,UNIT_PRICE) values (10,6,64,96,525.99);
Insert into HWL_ORDER_ITEMS (ORDER_ID,ITEM_ID,PRODUCT_ID,QUANTITY,UNIT_PRICE) values (12,10,210,37,1029.99);
Insert into HWL_ORDER_ITEMS (ORDER_ID,ITEM_ID,PRODUCT_ID,QUANTITY,UNIT_PRICE) values (13,8,1,95,640.99);
Insert into HWL_ORDER_ITEMS (ORDER_ID,ITEM_ID,PRODUCT_ID,QUANTITY,UNIT_PRICE) values (14,5,239,125,739.99);
Insert into HWL_ORDER_ITEMS (ORDER_ID,ITEM_ID,PRODUCT_ID,QUANTITY,UNIT_PRICE) values (15,7,83,118,829.99);
Insert into HWL_ORDER_ITEMS (ORDER_ID,ITEM_ID,PRODUCT_ID,QUANTITY,UNIT_PRICE) values (16,7,256,44,26.99);
Insert into HWL_ORDER_ITEMS (ORDER_ID,ITEM_ID,PRODUCT_ID,QUANTITY,UNIT_PRICE) values (18,5,87,103,759.99);
Insert into HWL_ORDER_ITEMS (ORDER_ID,ITEM_ID,PRODUCT_ID,QUANTITY,UNIT_PRICE) values (22,10,90,95,759.99);
Insert into HWL_ORDER_ITEMS (ORDER_ID,ITEM_ID,PRODUCT_ID,QUANTITY,UNIT_PRICE) values (23,8,241,126,1756);
Insert into HWL_ORDER_ITEMS (ORDER_ID,ITEM_ID,PRODUCT_ID,QUANTITY,UNIT_PRICE) values (24,5,41,83,299.89);
Insert into HWL_ORDER_ITEMS (ORDER_ID,ITEM_ID,PRODUCT_ID,QUANTITY,UNIT_PRICE) values (26,4,164,78,1850);
Insert into HWL_ORDER_ITEMS (ORDER_ID,ITEM_ID,PRODUCT_ID,QUANTITY,UNIT_PRICE) values (27,10,150,58,281.98);
Insert into HWL_ORDER_ITEMS (ORDER_ID,ITEM_ID,PRODUCT_ID,QUANTITY,UNIT_PRICE) values (30,6,4,82,2699.99);
Insert into HWL_ORDER_ITEMS (ORDER_ID,ITEM_ID,PRODUCT_ID,QUANTITY,UNIT_PRICE) values (33,5,62,84,789.79);
Insert into HWL_ORDER_ITEMS (ORDER_ID,ITEM_ID,PRODUCT_ID,QUANTITY,UNIT_PRICE) values (34,5,68,37,766.11);
Insert into HWL_ORDER_ITEMS (ORDER_ID,ITEM_ID,PRODUCT_ID,QUANTITY,UNIT_PRICE) values (35,4,41,79,299.89);
Insert into HWL_ORDER_ITEMS (ORDER_ID,ITEM_ID,PRODUCT_ID,QUANTITY,UNIT_PRICE) values (39,8,179,102,312.67);
Insert into HWL_ORDER_ITEMS (ORDER_ID,ITEM_ID,PRODUCT_ID,QUANTITY,UNIT_PRICE) values (40,10,215,36,829.89);
Insert into HWL_ORDER_ITEMS (ORDER_ID,ITEM_ID,PRODUCT_ID,QUANTITY,UNIT_PRICE) values (41,8,21,31,749.99);
Insert into HWL_ORDER_ITEMS (ORDER_ID,ITEM_ID,PRODUCT_ID,QUANTITY,UNIT_PRICE) values (42,4,213,103,1469.96);
Insert into HWL_ORDER_ITEMS (ORDER_ID,ITEM_ID,PRODUCT_ID,QUANTITY,UNIT_PRICE) values (43,6,235,86,41.99);
Insert into HWL_ORDER_ITEMS (ORDER_ID,ITEM_ID,PRODUCT_ID,QUANTITY,UNIT_PRICE) values (46,10,214,91,1009.79);
Insert into HWL_ORDER_ITEMS (ORDER_ID,ITEM_ID,PRODUCT_ID,QUANTITY,UNIT_PRICE) values (58,9,136,134,826.99);
Insert into HWL_ORDER_ITEMS (ORDER_ID,ITEM_ID,PRODUCT_ID,QUANTITY,UNIT_PRICE) values (66,6,97,130,59.87);
Insert into HWL_ORDER_ITEMS (ORDER_ID,ITEM_ID,PRODUCT_ID,QUANTITY,UNIT_PRICE) values (68,7,189,139,649);
Insert into HWL_ORDER_ITEMS (ORDER_ID,ITEM_ID,PRODUCT_ID,QUANTITY,UNIT_PRICE) values (69,7,79,49,659.99);
Insert into HWL_ORDER_ITEMS (ORDER_ID,ITEM_ID,PRODUCT_ID,QUANTITY,UNIT_PRICE) values (81,6,65,61,1199.99);
Insert into HWL_ORDER_ITEMS (ORDER_ID,ITEM_ID,PRODUCT_ID,QUANTITY,UNIT_PRICE) values (82,8,213,56,1469.96);
Insert into HWL_ORDER_ITEMS (ORDER_ID,ITEM_ID,PRODUCT_ID,QUANTITY,UNIT_PRICE) values (87,8,257,110,84.95);
Insert into HWL_ORDER_ITEMS (ORDER_ID,ITEM_ID,PRODUCT_ID,QUANTITY,UNIT_PRICE) values (89,8,151,127,281.97);
Insert into HWL_ORDER_ITEMS (ORDER_ID,ITEM_ID,PRODUCT_ID,QUANTITY,UNIT_PRICE) values (90,7,250,125,338.99);
Insert into HWL_ORDER_ITEMS (ORDER_ID,ITEM_ID,PRODUCT_ID,QUANTITY,UNIT_PRICE) values (92,5,114,112,820.61);
Insert into HWL_ORDER_ITEMS (ORDER_ID,ITEM_ID,PRODUCT_ID,QUANTITY,UNIT_PRICE) values (93,2,169,46,1844.89);
Insert into HWL_ORDER_ITEMS (ORDER_ID,ITEM_ID,PRODUCT_ID,QUANTITY,UNIT_PRICE) values (94,6,4,111,2699.99);
Insert into HWL_ORDER_ITEMS (ORDER_ID,ITEM_ID,PRODUCT_ID,QUANTITY,UNIT_PRICE) values (99,6,1,43,640.99);
Insert into HWL_ORDER_ITEMS (ORDER_ID,ITEM_ID,PRODUCT_ID,QUANTITY,UNIT_PRICE) values (101,7,102,123,2042.69);
Insert into HWL_ORDER_ITEMS (ORDER_ID,ITEM_ID,PRODUCT_ID,QUANTITY,UNIT_PRICE) values (1,11,169,105,1844.89);
Insert into HWL_ORDER_ITEMS (ORDER_ID,ITEM_ID,PRODUCT_ID,QUANTITY,UNIT_PRICE) values (2,8,141,97,419.99);
Insert into HWL_ORDER_ITEMS (ORDER_ID,ITEM_ID,PRODUCT_ID,QUANTITY,UNIT_PRICE) values (4,6,159,96,1994.49);
Insert into HWL_ORDER_ITEMS (ORDER_ID,ITEM_ID,PRODUCT_ID,QUANTITY,UNIT_PRICE) values (6,4,258,145,57.98);
Insert into HWL_ORDER_ITEMS (ORDER_ID,ITEM_ID,PRODUCT_ID,QUANTITY,UNIT_PRICE) values (10,7,127,52,719.99);
Insert into HWL_ORDER_ITEMS (ORDER_ID,ITEM_ID,PRODUCT_ID,QUANTITY,UNIT_PRICE) values (12,11,169,114,1844.89);
Insert into HWL_ORDER_ITEMS (ORDER_ID,ITEM_ID,PRODUCT_ID,QUANTITY,UNIT_PRICE) values (13,9,225,137,503.98);
Insert into HWL_ORDER_ITEMS (ORDER_ID,ITEM_ID,PRODUCT_ID,QUANTITY,UNIT_PRICE) values (14,6,188,79,482.49);
Insert into HWL_ORDER_ITEMS (ORDER_ID,ITEM_ID,PRODUCT_ID,QUANTITY,UNIT_PRICE) values (15,8,241,77,1756);
Insert into HWL_ORDER_ITEMS (ORDER_ID,ITEM_ID,PRODUCT_ID,QUANTITY,UNIT_PRICE) values (16,8,138,142,645.99);
Insert into HWL_ORDER_ITEMS (ORDER_ID,ITEM_ID,PRODUCT_ID,QUANTITY,UNIT_PRICE) values (18,6,259,60,80.72);
Insert into HWL_ORDER_ITEMS (ORDER_ID,ITEM_ID,PRODUCT_ID,QUANTITY,UNIT_PRICE) values (19,8,91,130,2259.99);
Insert into HWL_ORDER_ITEMS (ORDER_ID,ITEM_ID,PRODUCT_ID,QUANTITY,UNIT_PRICE) values (22,11,234,144,150.99);
Insert into HWL_ORDER_ITEMS (ORDER_ID,ITEM_ID,PRODUCT_ID,QUANTITY,UNIT_PRICE) values (23,9,14,86,704.99);
Insert into HWL_ORDER_ITEMS (ORDER_ID,ITEM_ID,PRODUCT_ID,QUANTITY,UNIT_PRICE) values (24,6,276,99,1163.99);
Insert into HWL_ORDER_ITEMS (ORDER_ID,ITEM_ID,PRODUCT_ID,QUANTITY,UNIT_PRICE) values (26,5,151,36,281.97);
Insert into HWL_ORDER_ITEMS (ORDER_ID,ITEM_ID,PRODUCT_ID,QUANTITY,UNIT_PRICE) values (27,11,116,67,731.99);
Insert into HWL_ORDER_ITEMS (ORDER_ID,ITEM_ID,PRODUCT_ID,QUANTITY,UNIT_PRICE) values (30,7,155,64,588.95);
Insert into HWL_ORDER_ITEMS (ORDER_ID,ITEM_ID,PRODUCT_ID,QUANTITY,UNIT_PRICE) values (33,6,190,70,948.99);
Insert into HWL_ORDER_ITEMS (ORDER_ID,ITEM_ID,PRODUCT_ID,QUANTITY,UNIT_PRICE) values (42,5,252,85,499.99);
Insert into HWL_ORDER_ITEMS (ORDER_ID,ITEM_ID,PRODUCT_ID,QUANTITY,UNIT_PRICE) values (43,7,1,57,640.99);
Insert into HWL_ORDER_ITEMS (ORDER_ID,ITEM_ID,PRODUCT_ID,QUANTITY,UNIT_PRICE) values (45,2,66,126,399.99);
Insert into HWL_ORDER_ITEMS (ORDER_ID,ITEM_ID,PRODUCT_ID,QUANTITY,UNIT_PRICE) values (58,10,163,31,1899.99);
Insert into HWL_ORDER_ITEMS (ORDER_ID,ITEM_ID,PRODUCT_ID,QUANTITY,UNIT_PRICE) values (60,6,51,79,2269.99);
Insert into HWL_ORDER_ITEMS (ORDER_ID,ITEM_ID,PRODUCT_ID,QUANTITY,UNIT_PRICE) values (65,5,119,141,899.99);
Insert into HWL_ORDER_ITEMS (ORDER_ID,ITEM_ID,PRODUCT_ID,QUANTITY,UNIT_PRICE) values (66,7,49,78,1499.99);
Insert into HWL_ORDER_ITEMS (ORDER_ID,ITEM_ID,PRODUCT_ID,QUANTITY,UNIT_PRICE) values (68,8,204,56,686.99);
Insert into HWL_ORDER_ITEMS (ORDER_ID,ITEM_ID,PRODUCT_ID,QUANTITY,UNIT_PRICE) values (87,9,121,142,721.99);
Insert into HWL_ORDER_ITEMS (ORDER_ID,ITEM_ID,PRODUCT_ID,QUANTITY,UNIT_PRICE) values (91,9,43,44,298.98);
Insert into HWL_ORDER_ITEMS (ORDER_ID,ITEM_ID,PRODUCT_ID,QUANTITY,UNIT_PRICE) values (92,6,164,91,1850);
Insert into HWL_ORDER_ITEMS (ORDER_ID,ITEM_ID,PRODUCT_ID,QUANTITY,UNIT_PRICE) values (93,3,251,30,337.81);
Insert into HWL_ORDER_ITEMS (ORDER_ID,ITEM_ID,PRODUCT_ID,QUANTITY,UNIT_PRICE) values (94,7,172,37,358.49);
Insert into HWL_ORDER_ITEMS (ORDER_ID,ITEM_ID,PRODUCT_ID,QUANTITY,UNIT_PRICE) values (99,7,201,31,653.5);
Insert into HWL_ORDER_ITEMS (ORDER_ID,ITEM_ID,PRODUCT_ID,QUANTITY,UNIT_PRICE) values (1,12,226,103,309.85);
Insert into HWL_ORDER_ITEMS (ORDER_ID,ITEM_ID,PRODUCT_ID,QUANTITY,UNIT_PRICE) values (6,5,11,74,2015.11);
Insert into HWL_ORDER_ITEMS (ORDER_ID,ITEM_ID,PRODUCT_ID,QUANTITY,UNIT_PRICE) values (10,8,18,124,799);
Insert into HWL_ORDER_ITEMS (ORDER_ID,ITEM_ID,PRODUCT_ID,QUANTITY,UNIT_PRICE) values (12,12,96,120,141.56);
Insert into HWL_ORDER_ITEMS (ORDER_ID,ITEM_ID,PRODUCT_ID,QUANTITY,UNIT_PRICE) values (13,10,245,138,1699);
Insert into HWL_ORDER_ITEMS (ORDER_ID,ITEM_ID,PRODUCT_ID,QUANTITY,UNIT_PRICE) values (14,7,113,32,704.99);
Insert into HWL_ORDER_ITEMS (ORDER_ID,ITEM_ID,PRODUCT_ID,QUANTITY,UNIT_PRICE) values (18,7,188,133,482.49);
Insert into HWL_ORDER_ITEMS (ORDER_ID,ITEM_ID,PRODUCT_ID,QUANTITY,UNIT_PRICE) values (19,9,63,83,572.96);
Insert into HWL_ORDER_ITEMS (ORDER_ID,ITEM_ID,PRODUCT_ID,QUANTITY,UNIT_PRICE) values (22,12,108,45,849.99);
Insert into HWL_ORDER_ITEMS (ORDER_ID,ITEM_ID,PRODUCT_ID,QUANTITY,UNIT_PRICE) values (23,10,187,110,353.98);
Insert into HWL_ORDER_ITEMS (ORDER_ID,ITEM_ID,PRODUCT_ID,QUANTITY,UNIT_PRICE) values (25,7,135,132,127.88);
Insert into HWL_ORDER_ITEMS (ORDER_ID,ITEM_ID,PRODUCT_ID,QUANTITY,UNIT_PRICE) values (27,12,92,105,2200);
Insert into HWL_ORDER_ITEMS (ORDER_ID,ITEM_ID,PRODUCT_ID,QUANTITY,UNIT_PRICE) values (28,7,54,131,1019.99);
Insert into HWL_ORDER_ITEMS (ORDER_ID,ITEM_ID,PRODUCT_ID,QUANTITY,UNIT_PRICE) values (29,10,76,62,629.99);
Insert into HWL_ORDER_ITEMS (ORDER_ID,ITEM_ID,PRODUCT_ID,QUANTITY,UNIT_PRICE) values (32,5,85,148,1274.99);
Insert into HWL_ORDER_ITEMS (ORDER_ID,ITEM_ID,PRODUCT_ID,QUANTITY,UNIT_PRICE) values (33,7,18,41,799);
Insert into HWL_ORDER_ITEMS (ORDER_ID,ITEM_ID,PRODUCT_ID,QUANTITY,UNIT_PRICE) values (36,7,152,45,280.98);
Insert into HWL_ORDER_ITEMS (ORDER_ID,ITEM_ID,PRODUCT_ID,QUANTITY,UNIT_PRICE) values (42,6,78,47,686.99);
Insert into HWL_ORDER_ITEMS (ORDER_ID,ITEM_ID,PRODUCT_ID,QUANTITY,UNIT_PRICE) values (43,8,169,73,1844.89);
Insert into HWL_ORDER_ITEMS (ORDER_ID,ITEM_ID,PRODUCT_ID,QUANTITY,UNIT_PRICE) values (45,3,68,88,766.11);
Insert into HWL_ORDER_ITEMS (ORDER_ID,ITEM_ID,PRODUCT_ID,QUANTITY,UNIT_PRICE) values (57,6,164,44,1850);
Insert into HWL_ORDER_ITEMS (ORDER_ID,ITEM_ID,PRODUCT_ID,QUANTITY,UNIT_PRICE) values (58,11,152,51,280.98);
Insert into HWL_ORDER_ITEMS (ORDER_ID,ITEM_ID,PRODUCT_ID,QUANTITY,UNIT_PRICE) values (59,8,287,96,329.99);
Insert into HWL_ORDER_ITEMS (ORDER_ID,ITEM_ID,PRODUCT_ID,QUANTITY,UNIT_PRICE) values (60,7,189,146,649);
Insert into HWL_ORDER_ITEMS (ORDER_ID,ITEM_ID,PRODUCT_ID,QUANTITY,UNIT_PRICE) values (66,8,75,122,624.04);
Insert into HWL_ORDER_ITEMS (ORDER_ID,ITEM_ID,PRODUCT_ID,QUANTITY,UNIT_PRICE) values (67,9,91,138,2259.99);
Insert into HWL_ORDER_ITEMS (ORDER_ID,ITEM_ID,PRODUCT_ID,QUANTITY,UNIT_PRICE) values (69,8,169,67,1844.89);
Insert into HWL_ORDER_ITEMS (ORDER_ID,ITEM_ID,PRODUCT_ID,QUANTITY,UNIT_PRICE) values (73,4,45,54,2501.69);
Insert into HWL_ORDER_ITEMS (ORDER_ID,ITEM_ID,PRODUCT_ID,QUANTITY,UNIT_PRICE) values (74,6,187,137,353.98);
Insert into HWL_ORDER_ITEMS (ORDER_ID,ITEM_ID,PRODUCT_ID,QUANTITY,UNIT_PRICE) values (75,10,72,86,589.99);
Insert into HWL_ORDER_ITEMS (ORDER_ID,ITEM_ID,PRODUCT_ID,QUANTITY,UNIT_PRICE) values (76,9,155,78,588.95);
Insert into HWL_ORDER_ITEMS (ORDER_ID,ITEM_ID,PRODUCT_ID,QUANTITY,UNIT_PRICE) values (87,10,76,96,629.99);
Insert into HWL_ORDER_ITEMS (ORDER_ID,ITEM_ID,PRODUCT_ID,QUANTITY,UNIT_PRICE) values (91,10,269,104,759.99);
Insert into HWL_ORDER_ITEMS (ORDER_ID,ITEM_ID,PRODUCT_ID,QUANTITY,UNIT_PRICE) values (92,7,108,104,849.99);
Insert into HWL_ORDER_ITEMS (ORDER_ID,ITEM_ID,PRODUCT_ID,QUANTITY,UNIT_PRICE) values (93,4,43,113,298.98);
Insert into HWL_ORDER_ITEMS (ORDER_ID,ITEM_ID,PRODUCT_ID,QUANTITY,UNIT_PRICE) values (94,8,258,73,57.98);
Insert into HWL_ORDER_ITEMS (ORDER_ID,ITEM_ID,PRODUCT_ID,QUANTITY,UNIT_PRICE) values (99,8,102,101,2042.69);
Insert into HWL_ORDER_ITEMS (ORDER_ID,ITEM_ID,PRODUCT_ID,QUANTITY,UNIT_PRICE) values (104,6,51,139,2269.99);
Insert into HWL_ORDER_ITEMS (ORDER_ID,ITEM_ID,PRODUCT_ID,QUANTITY,UNIT_PRICE) values (1,13,178,121,1999.89);
Insert into HWL_ORDER_ITEMS (ORDER_ID,ITEM_ID,PRODUCT_ID,QUANTITY,UNIT_PRICE) values (4,7,262,79,1449.99);
Insert into HWL_ORDER_ITEMS (ORDER_ID,ITEM_ID,PRODUCT_ID,QUANTITY,UNIT_PRICE) values (6,6,89,150,749.99);
Insert into HWL_ORDER_ITEMS (ORDER_ID,ITEM_ID,PRODUCT_ID,QUANTITY,UNIT_PRICE) values (8,8,100,68,97.88);
Insert into HWL_ORDER_ITEMS (ORDER_ID,ITEM_ID,PRODUCT_ID,QUANTITY,UNIT_PRICE) values (9,8,93,132,2116.72);
Insert into HWL_ORDER_ITEMS (ORDER_ID,ITEM_ID,PRODUCT_ID,QUANTITY,UNIT_PRICE) values (10,9,119,107,899.99);
Insert into HWL_ORDER_ITEMS (ORDER_ID,ITEM_ID,PRODUCT_ID,QUANTITY,UNIT_PRICE) values (14,8,238,64,741.78);
Insert into HWL_ORDER_ITEMS (ORDER_ID,ITEM_ID,PRODUCT_ID,QUANTITY,UNIT_PRICE) values (16,9,135,76,127.88);
Insert into HWL_ORDER_ITEMS (ORDER_ID,ITEM_ID,PRODUCT_ID,QUANTITY,UNIT_PRICE) values (18,8,136,32,826.99);
Insert into HWL_ORDER_ITEMS (ORDER_ID,ITEM_ID,PRODUCT_ID,QUANTITY,UNIT_PRICE) values (19,10,200,93,620.95);
Insert into HWL_ORDER_ITEMS (ORDER_ID,ITEM_ID,PRODUCT_ID,QUANTITY,UNIT_PRICE) values (22,13,281,73,864.98);
Insert into HWL_ORDER_ITEMS (ORDER_ID,ITEM_ID,PRODUCT_ID,QUANTITY,UNIT_PRICE) values (25,8,2,65,2554.99);
Insert into HWL_ORDER_ITEMS (ORDER_ID,ITEM_ID,PRODUCT_ID,QUANTITY,UNIT_PRICE) values (27,13,111,102,827.37);
Insert into HWL_ORDER_ITEMS (ORDER_ID,ITEM_ID,PRODUCT_ID,QUANTITY,UNIT_PRICE) values (28,8,40,105,299.89);
Insert into HWL_ORDER_ITEMS (ORDER_ID,ITEM_ID,PRODUCT_ID,QUANTITY,UNIT_PRICE) values (29,11,115,52,699.99);
Insert into HWL_ORDER_ITEMS (ORDER_ID,ITEM_ID,PRODUCT_ID,QUANTITY,UNIT_PRICE) values (31,6,171,103,382.98);
Insert into HWL_ORDER_ITEMS (ORDER_ID,ITEM_ID,PRODUCT_ID,QUANTITY,UNIT_PRICE) values (32,6,102,147,2042.69);
Insert into HWL_ORDER_ITEMS (ORDER_ID,ITEM_ID,PRODUCT_ID,QUANTITY,UNIT_PRICE) values (33,8,13,75,704.99);
Insert into HWL_ORDER_ITEMS (ORDER_ID,ITEM_ID,PRODUCT_ID,QUANTITY,UNIT_PRICE) values (34,6,101,62,635.99);
Insert into HWL_ORDER_ITEMS (ORDER_ID,ITEM_ID,PRODUCT_ID,QUANTITY,UNIT_PRICE) values (35,5,186,41,1449.98);
Insert into HWL_ORDER_ITEMS (ORDER_ID,ITEM_ID,PRODUCT_ID,QUANTITY,UNIT_PRICE) values (36,8,141,144,419.99);
Insert into HWL_ORDER_ITEMS (ORDER_ID,ITEM_ID,PRODUCT_ID,QUANTITY,UNIT_PRICE) values (39,9,144,125,289.79);
Insert into HWL_ORDER_ITEMS (ORDER_ID,ITEM_ID,PRODUCT_ID,QUANTITY,UNIT_PRICE) values (40,11,184,88,999.99);
Insert into HWL_ORDER_ITEMS (ORDER_ID,ITEM_ID,PRODUCT_ID,QUANTITY,UNIT_PRICE) values (41,9,55,61,150.99);
Insert into HWL_ORDER_ITEMS (ORDER_ID,ITEM_ID,PRODUCT_ID,QUANTITY,UNIT_PRICE) values (42,7,139,149,65.92);
Insert into HWL_ORDER_ITEMS (ORDER_ID,ITEM_ID,PRODUCT_ID,QUANTITY,UNIT_PRICE) values (46,11,89,119,749.99);
Insert into HWL_ORDER_ITEMS (ORDER_ID,ITEM_ID,PRODUCT_ID,QUANTITY,UNIT_PRICE) values (51,2,7,64,680.99);
Insert into HWL_ORDER_ITEMS (ORDER_ID,ITEM_ID,PRODUCT_ID,QUANTITY,UNIT_PRICE) values (53,4,177,96,1759.99);
Insert into HWL_ORDER_ITEMS (ORDER_ID,ITEM_ID,PRODUCT_ID,QUANTITY,UNIT_PRICE) values (58,12,62,148,789.79);
Insert into HWL_ORDER_ITEMS (ORDER_ID,ITEM_ID,PRODUCT_ID,QUANTITY,UNIT_PRICE) values (59,9,154,82,1204.98);
Insert into HWL_ORDER_ITEMS (ORDER_ID,ITEM_ID,PRODUCT_ID,QUANTITY,UNIT_PRICE) values (64,2,126,52,640.99);
Insert into HWL_ORDER_ITEMS (ORDER_ID,ITEM_ID,PRODUCT_ID,QUANTITY,UNIT_PRICE) values (65,6,262,118,1449.99);
Insert into HWL_ORDER_ITEMS (ORDER_ID,ITEM_ID,PRODUCT_ID,QUANTITY,UNIT_PRICE) values (66,9,279,90,1318.99);
Insert into HWL_ORDER_ITEMS (ORDER_ID,ITEM_ID,PRODUCT_ID,QUANTITY,UNIT_PRICE) values (67,10,239,45,739.99);
Insert into HWL_ORDER_ITEMS (ORDER_ID,ITEM_ID,PRODUCT_ID,QUANTITY,UNIT_PRICE) values (68,9,177,84,1759.99);
Insert into HWL_ORDER_ITEMS (ORDER_ID,ITEM_ID,PRODUCT_ID,QUANTITY,UNIT_PRICE) values (69,9,261,55,1504.99);

REM INSERTING into HWL_INVENTORIES
SET DEFINE OFF;
Insert into HWL_INVENTORIES (PRODUCT_ID,WAREHOUSE_ID,QUANTITY) values (210,8,122);
Insert into HWL_INVENTORIES (PRODUCT_ID,WAREHOUSE_ID,QUANTITY) values (211,8,123);
Insert into HWL_INVENTORIES (PRODUCT_ID,WAREHOUSE_ID,QUANTITY) values (212,8,123);
Insert into HWL_INVENTORIES (PRODUCT_ID,WAREHOUSE_ID,QUANTITY) values (214,8,124);
Insert into HWL_INVENTORIES (PRODUCT_ID,WAREHOUSE_ID,QUANTITY) values (216,8,125);
Insert into HWL_INVENTORIES (PRODUCT_ID,WAREHOUSE_ID,QUANTITY) values (217,8,125);
Insert into HWL_INVENTORIES (PRODUCT_ID,WAREHOUSE_ID,QUANTITY) values (218,8,126);
Insert into HWL_INVENTORIES (PRODUCT_ID,WAREHOUSE_ID,QUANTITY) values (220,8,149);
Insert into HWL_INVENTORIES (PRODUCT_ID,WAREHOUSE_ID,QUANTITY) values (221,8,150);
Insert into HWL_INVENTORIES (PRODUCT_ID,WAREHOUSE_ID,QUANTITY) values (222,8,150);
Insert into HWL_INVENTORIES (PRODUCT_ID,WAREHOUSE_ID,QUANTITY) values (223,8,151);
Insert into HWL_INVENTORIES (PRODUCT_ID,WAREHOUSE_ID,QUANTITY) values (229,8,123);
Insert into HWL_INVENTORIES (PRODUCT_ID,WAREHOUSE_ID,QUANTITY) values (230,8,124);
Insert into HWL_INVENTORIES (PRODUCT_ID,WAREHOUSE_ID,QUANTITY) values (231,8,124);
Insert into HWL_INVENTORIES (PRODUCT_ID,WAREHOUSE_ID,QUANTITY) values (232,8,124);
Insert into HWL_INVENTORIES (PRODUCT_ID,WAREHOUSE_ID,QUANTITY) values (233,8,124);
Insert into HWL_INVENTORIES (PRODUCT_ID,WAREHOUSE_ID,QUANTITY) values (234,8,124);
Insert into HWL_INVENTORIES (PRODUCT_ID,WAREHOUSE_ID,QUANTITY) values (235,8,125);
Insert into HWL_INVENTORIES (PRODUCT_ID,WAREHOUSE_ID,QUANTITY) values (241,8,121);
Insert into HWL_INVENTORIES (PRODUCT_ID,WAREHOUSE_ID,QUANTITY) values (242,8,121);
Insert into HWL_INVENTORIES (PRODUCT_ID,WAREHOUSE_ID,QUANTITY) values (243,8,121);
Insert into HWL_INVENTORIES (PRODUCT_ID,WAREHOUSE_ID,QUANTITY) values (245,8,137);
Insert into HWL_INVENTORIES (PRODUCT_ID,WAREHOUSE_ID,QUANTITY) values (254,8,136);
Insert into HWL_INVENTORIES (PRODUCT_ID,WAREHOUSE_ID,QUANTITY) values (255,8,136);
Insert into HWL_INVENTORIES (PRODUCT_ID,WAREHOUSE_ID,QUANTITY) values (256,8,136);
Insert into HWL_INVENTORIES (PRODUCT_ID,WAREHOUSE_ID,QUANTITY) values (257,8,136);
Insert into HWL_INVENTORIES (PRODUCT_ID,WAREHOUSE_ID,QUANTITY) values (258,8,136);
Insert into HWL_INVENTORIES (PRODUCT_ID,WAREHOUSE_ID,QUANTITY) values (259,8,137);
Insert into HWL_INVENTORIES (PRODUCT_ID,WAREHOUSE_ID,QUANTITY) values (260,8,137);
Insert into HWL_INVENTORIES (PRODUCT_ID,WAREHOUSE_ID,QUANTITY) values (263,8,137);
Insert into HWL_INVENTORIES (PRODUCT_ID,WAREHOUSE_ID,QUANTITY) values (264,8,137);
Insert into HWL_INVENTORIES (PRODUCT_ID,WAREHOUSE_ID,QUANTITY) values (269,8,178);
Insert into HWL_INVENTORIES (PRODUCT_ID,WAREHOUSE_ID,QUANTITY) values (270,8,178);
Insert into HWL_INVENTORIES (PRODUCT_ID,WAREHOUSE_ID,QUANTITY) values (271,8,183);
Insert into HWL_INVENTORIES (PRODUCT_ID,WAREHOUSE_ID,QUANTITY) values (272,8,184);
Insert into HWL_INVENTORIES (PRODUCT_ID,WAREHOUSE_ID,QUANTITY) values (273,8,156);
Insert into HWL_INVENTORIES (PRODUCT_ID,WAREHOUSE_ID,QUANTITY) values (274,8,160);
Insert into HWL_INVENTORIES (PRODUCT_ID,WAREHOUSE_ID,QUANTITY) values (276,8,187);
Insert into HWL_INVENTORIES (PRODUCT_ID,WAREHOUSE_ID,QUANTITY) values (277,8,187);
Insert into HWL_INVENTORIES (PRODUCT_ID,WAREHOUSE_ID,QUANTITY) values (278,8,188);
Insert into HWL_INVENTORIES (PRODUCT_ID,WAREHOUSE_ID,QUANTITY) values (280,8,154);
Insert into HWL_INVENTORIES (PRODUCT_ID,WAREHOUSE_ID,QUANTITY) values (281,8,167);
Insert into HWL_INVENTORIES (PRODUCT_ID,WAREHOUSE_ID,QUANTITY) values (283,8,194);
Insert into HWL_INVENTORIES (PRODUCT_ID,WAREHOUSE_ID,QUANTITY) values (284,8,268);
Insert into HWL_INVENTORIES (PRODUCT_ID,WAREHOUSE_ID,QUANTITY) values (285,8,176);
Insert into HWL_INVENTORIES (PRODUCT_ID,WAREHOUSE_ID,QUANTITY) values (286,8,177);
Insert into HWL_INVENTORIES (PRODUCT_ID,WAREHOUSE_ID,QUANTITY) values (2,9,23);
Insert into HWL_INVENTORIES (PRODUCT_ID,WAREHOUSE_ID,QUANTITY) values (3,9,35);
Insert into HWL_INVENTORIES (PRODUCT_ID,WAREHOUSE_ID,QUANTITY) values (4,9,35);
Insert into HWL_INVENTORIES (PRODUCT_ID,WAREHOUSE_ID,QUANTITY) values (5,9,36);
Insert into HWL_INVENTORIES (PRODUCT_ID,WAREHOUSE_ID,QUANTITY) values (6,9,36);
Insert into HWL_INVENTORIES (PRODUCT_ID,WAREHOUSE_ID,QUANTITY) values (7,9,36);
Insert into HWL_INVENTORIES (PRODUCT_ID,WAREHOUSE_ID,QUANTITY) values (8,9,36);
Insert into HWL_INVENTORIES (PRODUCT_ID,WAREHOUSE_ID,QUANTITY) values (9,9,36);
Insert into HWL_INVENTORIES (PRODUCT_ID,WAREHOUSE_ID,QUANTITY) values (11,9,37);
Insert into HWL_INVENTORIES (PRODUCT_ID,WAREHOUSE_ID,QUANTITY) values (12,9,37);
Insert into HWL_INVENTORIES (PRODUCT_ID,WAREHOUSE_ID,QUANTITY) values (13,9,37);
Insert into HWL_INVENTORIES (PRODUCT_ID,WAREHOUSE_ID,QUANTITY) values (14,9,38);
Insert into HWL_INVENTORIES (PRODUCT_ID,WAREHOUSE_ID,QUANTITY) values (15,9,41);
Insert into HWL_INVENTORIES (PRODUCT_ID,WAREHOUSE_ID,QUANTITY) values (17,9,3);
Insert into HWL_INVENTORIES (PRODUCT_ID,WAREHOUSE_ID,QUANTITY) values (18,9,3);
Insert into HWL_INVENTORIES (PRODUCT_ID,WAREHOUSE_ID,QUANTITY) values (19,9,3);
Insert into HWL_INVENTORIES (PRODUCT_ID,WAREHOUSE_ID,QUANTITY) values (20,9,4);
Insert into HWL_INVENTORIES (PRODUCT_ID,WAREHOUSE_ID,QUANTITY) values (21,9,4);
Insert into HWL_INVENTORIES (PRODUCT_ID,WAREHOUSE_ID,QUANTITY) values (27,9,5);
Insert into HWL_INVENTORIES (PRODUCT_ID,WAREHOUSE_ID,QUANTITY) values (29,9,6);
Insert into HWL_INVENTORIES (PRODUCT_ID,WAREHOUSE_ID,QUANTITY) values (30,9,6);
Insert into HWL_INVENTORIES (PRODUCT_ID,WAREHOUSE_ID,QUANTITY) values (31,9,7);
Insert into HWL_INVENTORIES (PRODUCT_ID,WAREHOUSE_ID,QUANTITY) values (32,9,7);
Insert into HWL_INVENTORIES (PRODUCT_ID,WAREHOUSE_ID,QUANTITY) values (34,9,8);
Insert into HWL_INVENTORIES (PRODUCT_ID,WAREHOUSE_ID,QUANTITY) values (46,9,6);
Insert into HWL_INVENTORIES (PRODUCT_ID,WAREHOUSE_ID,QUANTITY) values (47,9,0);
Insert into HWL_INVENTORIES (PRODUCT_ID,WAREHOUSE_ID,QUANTITY) values (54,9,33);
Insert into HWL_INVENTORIES (PRODUCT_ID,WAREHOUSE_ID,QUANTITY) values (62,9,32);
Insert into HWL_INVENTORIES (PRODUCT_ID,WAREHOUSE_ID,QUANTITY) values (63,9,33);
Insert into HWL_INVENTORIES (PRODUCT_ID,WAREHOUSE_ID,QUANTITY) values (67,9,34);
Insert into HWL_INVENTORIES (PRODUCT_ID,WAREHOUSE_ID,QUANTITY) values (68,9,34);
Insert into HWL_INVENTORIES (PRODUCT_ID,WAREHOUSE_ID,QUANTITY) values (69,9,35);
Insert into HWL_INVENTORIES (PRODUCT_ID,WAREHOUSE_ID,QUANTITY) values (70,9,35);
Insert into HWL_INVENTORIES (PRODUCT_ID,WAREHOUSE_ID,QUANTITY) values (71,9,35);
Insert into HWL_INVENTORIES (PRODUCT_ID,WAREHOUSE_ID,QUANTITY) values (72,9,35);
Insert into HWL_INVENTORIES (PRODUCT_ID,WAREHOUSE_ID,QUANTITY) values (73,9,27);
Insert into HWL_INVENTORIES (PRODUCT_ID,WAREHOUSE_ID,QUANTITY) values (74,9,27);
Insert into HWL_INVENTORIES (PRODUCT_ID,WAREHOUSE_ID,QUANTITY) values (76,9,28);
Insert into HWL_INVENTORIES (PRODUCT_ID,WAREHOUSE_ID,QUANTITY) values (78,9,29);
Insert into HWL_INVENTORIES (PRODUCT_ID,WAREHOUSE_ID,QUANTITY) values (79,9,29);
Insert into HWL_INVENTORIES (PRODUCT_ID,WAREHOUSE_ID,QUANTITY) values (80,9,29);
Insert into HWL_INVENTORIES (PRODUCT_ID,WAREHOUSE_ID,QUANTITY) values (84,9,33);
Insert into HWL_INVENTORIES (PRODUCT_ID,WAREHOUSE_ID,QUANTITY) values (87,9,35);
Insert into HWL_INVENTORIES (PRODUCT_ID,WAREHOUSE_ID,QUANTITY) values (88,9,7);
Insert into HWL_INVENTORIES (PRODUCT_ID,WAREHOUSE_ID,QUANTITY) values (89,9,8);
Insert into HWL_INVENTORIES (PRODUCT_ID,WAREHOUSE_ID,QUANTITY) values (90,9,8);
Insert into HWL_INVENTORIES (PRODUCT_ID,WAREHOUSE_ID,QUANTITY) values (91,9,22);
Insert into HWL_INVENTORIES (PRODUCT_ID,WAREHOUSE_ID,QUANTITY) values (98,9,32);
Insert into HWL_INVENTORIES (PRODUCT_ID,WAREHOUSE_ID,QUANTITY) values (101,9,3);
Insert into HWL_INVENTORIES (PRODUCT_ID,WAREHOUSE_ID,QUANTITY) values (102,9,36);
Insert into HWL_INVENTORIES (PRODUCT_ID,WAREHOUSE_ID,QUANTITY) values (103,9,5);
Insert into HWL_INVENTORIES (PRODUCT_ID,WAREHOUSE_ID,QUANTITY) values (105,9,6);
Insert into HWL_INVENTORIES (PRODUCT_ID,WAREHOUSE_ID,QUANTITY) values (106,9,6);
Insert into HWL_INVENTORIES (PRODUCT_ID,WAREHOUSE_ID,QUANTITY) values (107,9,6);
Insert into HWL_INVENTORIES (PRODUCT_ID,WAREHOUSE_ID,QUANTITY) values (108,9,6);
Insert into HWL_INVENTORIES (PRODUCT_ID,WAREHOUSE_ID,QUANTITY) values (109,9,6);
Insert into HWL_INVENTORIES (PRODUCT_ID,WAREHOUSE_ID,QUANTITY) values (110,9,7);
Insert into HWL_INVENTORIES (PRODUCT_ID,WAREHOUSE_ID,QUANTITY) values (114,9,8);
Insert into HWL_INVENTORIES (PRODUCT_ID,WAREHOUSE_ID,QUANTITY) values (115,9,9);
Insert into HWL_INVENTORIES (PRODUCT_ID,WAREHOUSE_ID,QUANTITY) values (116,9,9);
Insert into HWL_INVENTORIES (PRODUCT_ID,WAREHOUSE_ID,QUANTITY) values (117,9,9);
Insert into HWL_INVENTORIES (PRODUCT_ID,WAREHOUSE_ID,QUANTITY) values (119,9,10);
Insert into HWL_INVENTORIES (PRODUCT_ID,WAREHOUSE_ID,QUANTITY) values (120,9,10);
Insert into HWL_INVENTORIES (PRODUCT_ID,WAREHOUSE_ID,QUANTITY) values (121,9,10);
Insert into HWL_INVENTORIES (PRODUCT_ID,WAREHOUSE_ID,QUANTITY) values (122,9,11);
Insert into HWL_INVENTORIES (PRODUCT_ID,WAREHOUSE_ID,QUANTITY) values (123,9,11);
Insert into HWL_INVENTORIES (PRODUCT_ID,WAREHOUSE_ID,QUANTITY) values (124,9,11);
Insert into HWL_INVENTORIES (PRODUCT_ID,WAREHOUSE_ID,QUANTITY) values (125,9,11);
Insert into HWL_INVENTORIES (PRODUCT_ID,WAREHOUSE_ID,QUANTITY) values (126,9,12);
Insert into HWL_INVENTORIES (PRODUCT_ID,WAREHOUSE_ID,QUANTITY) values (128,9,12);
Insert into HWL_INVENTORIES (PRODUCT_ID,WAREHOUSE_ID,QUANTITY) values (129,9,12);
Insert into HWL_INVENTORIES (PRODUCT_ID,WAREHOUSE_ID,QUANTITY) values (132,9,13);
Insert into HWL_INVENTORIES (PRODUCT_ID,WAREHOUSE_ID,QUANTITY) values (133,9,13);
Insert into HWL_INVENTORIES (PRODUCT_ID,WAREHOUSE_ID,QUANTITY) values (136,9,14);
Insert into HWL_INVENTORIES (PRODUCT_ID,WAREHOUSE_ID,QUANTITY) values (137,9,15);
Insert into HWL_INVENTORIES (PRODUCT_ID,WAREHOUSE_ID,QUANTITY) values (138,9,16);
Insert into HWL_INVENTORIES (PRODUCT_ID,WAREHOUSE_ID,QUANTITY) values (141,9,18);
Insert into HWL_INVENTORIES (PRODUCT_ID,WAREHOUSE_ID,QUANTITY) values (142,9,19);
Insert into HWL_INVENTORIES (PRODUCT_ID,WAREHOUSE_ID,QUANTITY) values (159,9,15);
Insert into HWL_INVENTORIES (PRODUCT_ID,WAREHOUSE_ID,QUANTITY) values (160,9,21);
Insert into HWL_INVENTORIES (PRODUCT_ID,WAREHOUSE_ID,QUANTITY) values (161,9,36);
Insert into HWL_INVENTORIES (PRODUCT_ID,WAREHOUSE_ID,QUANTITY) values (163,9,35);
Insert into HWL_INVENTORIES (PRODUCT_ID,WAREHOUSE_ID,QUANTITY) values (166,9,54);
Insert into HWL_INVENTORIES (PRODUCT_ID,WAREHOUSE_ID,QUANTITY) values (174,9,74);
Insert into HWL_INVENTORIES (PRODUCT_ID,WAREHOUSE_ID,QUANTITY) values (175,9,74);
Insert into HWL_INVENTORIES (PRODUCT_ID,WAREHOUSE_ID,QUANTITY) values (182,9,110);
Insert into HWL_INVENTORIES (PRODUCT_ID,WAREHOUSE_ID,QUANTITY) values (184,9,111);
Insert into HWL_INVENTORIES (PRODUCT_ID,WAREHOUSE_ID,QUANTITY) values (185,9,111);
Insert into HWL_INVENTORIES (PRODUCT_ID,WAREHOUSE_ID,QUANTITY) values (188,9,119);
Insert into HWL_INVENTORIES (PRODUCT_ID,WAREHOUSE_ID,QUANTITY) values (189,9,119);
Insert into HWL_INVENTORIES (PRODUCT_ID,WAREHOUSE_ID,QUANTITY) values (190,9,120);
Insert into HWL_INVENTORIES (PRODUCT_ID,WAREHOUSE_ID,QUANTITY) values (191,9,120);
Insert into HWL_INVENTORIES (PRODUCT_ID,WAREHOUSE_ID,QUANTITY) values (193,9,121);
Insert into HWL_INVENTORIES (PRODUCT_ID,WAREHOUSE_ID,QUANTITY) values (195,9,122);
Insert into HWL_INVENTORIES (PRODUCT_ID,WAREHOUSE_ID,QUANTITY) values (196,9,122);
Insert into HWL_INVENTORIES (PRODUCT_ID,WAREHOUSE_ID,QUANTITY) values (198,9,122);
Insert into HWL_INVENTORIES (PRODUCT_ID,WAREHOUSE_ID,QUANTITY) values (199,9,123);
Insert into HWL_INVENTORIES (PRODUCT_ID,WAREHOUSE_ID,QUANTITY) values (200,9,123);
Insert into HWL_INVENTORIES (PRODUCT_ID,WAREHOUSE_ID,QUANTITY) values (201,9,124);
Insert into HWL_INVENTORIES (PRODUCT_ID,WAREHOUSE_ID,QUANTITY) values (203,9,124);
Insert into HWL_INVENTORIES (PRODUCT_ID,WAREHOUSE_ID,QUANTITY) values (204,9,125);
Insert into HWL_INVENTORIES (PRODUCT_ID,WAREHOUSE_ID,QUANTITY) values (205,9,125);
Insert into HWL_INVENTORIES (PRODUCT_ID,WAREHOUSE_ID,QUANTITY) values (207,9,109);
Insert into HWL_INVENTORIES (PRODUCT_ID,WAREHOUSE_ID,QUANTITY) values (210,9,110);
Insert into HWL_INVENTORIES (PRODUCT_ID,WAREHOUSE_ID,QUANTITY) values (211,9,111);
Insert into HWL_INVENTORIES (PRODUCT_ID,WAREHOUSE_ID,QUANTITY) values (212,9,111);
Insert into HWL_INVENTORIES (PRODUCT_ID,WAREHOUSE_ID,QUANTITY) values (214,9,112);
Insert into HWL_INVENTORIES (PRODUCT_ID,WAREHOUSE_ID,QUANTITY) values (216,9,113);
Insert into HWL_INVENTORIES (PRODUCT_ID,WAREHOUSE_ID,QUANTITY) values (217,9,113);
Insert into HWL_INVENTORIES (PRODUCT_ID,WAREHOUSE_ID,QUANTITY) values (218,9,114);
Insert into HWL_INVENTORIES (PRODUCT_ID,WAREHOUSE_ID,QUANTITY) values (220,9,134);
Insert into HWL_INVENTORIES (PRODUCT_ID,WAREHOUSE_ID,QUANTITY) values (221,9,135);
Insert into HWL_INVENTORIES (PRODUCT_ID,WAREHOUSE_ID,QUANTITY) values (222,9,135);
Insert into HWL_INVENTORIES (PRODUCT_ID,WAREHOUSE_ID,QUANTITY) values (223,9,136);
Insert into HWL_INVENTORIES (PRODUCT_ID,WAREHOUSE_ID,QUANTITY) values (241,9,109);
Insert into HWL_INVENTORIES (PRODUCT_ID,WAREHOUSE_ID,QUANTITY) values (242,9,109);
Insert into HWL_INVENTORIES (PRODUCT_ID,WAREHOUSE_ID,QUANTITY) values (243,9,109);
Insert into HWL_INVENTORIES (PRODUCT_ID,WAREHOUSE_ID,QUANTITY) values (245,9,125);
Insert into HWL_INVENTORIES (PRODUCT_ID,WAREHOUSE_ID,QUANTITY) values (269,9,161);
Insert into HWL_INVENTORIES (PRODUCT_ID,WAREHOUSE_ID,QUANTITY) values (270,9,161);
Insert into HWL_INVENTORIES (PRODUCT_ID,WAREHOUSE_ID,QUANTITY) values (271,9,165);
Insert into HWL_INVENTORIES (PRODUCT_ID,WAREHOUSE_ID,QUANTITY) values (272,9,166);
Insert into HWL_INVENTORIES (PRODUCT_ID,WAREHOUSE_ID,QUANTITY) values (274,9,148);
Insert into HWL_INVENTORIES (PRODUCT_ID,WAREHOUSE_ID,QUANTITY) values (276,9,169);
Insert into HWL_INVENTORIES (PRODUCT_ID,WAREHOUSE_ID,QUANTITY) values (277,9,169);
Insert into HWL_INVENTORIES (PRODUCT_ID,WAREHOUSE_ID,QUANTITY) values (278,9,170);
Insert into HWL_INVENTORIES (PRODUCT_ID,WAREHOUSE_ID,QUANTITY) values (281,9,155);
Insert into HWL_INVENTORIES (PRODUCT_ID,WAREHOUSE_ID,QUANTITY) values (283,9,179);
Insert into HWL_INVENTORIES (PRODUCT_ID,WAREHOUSE_ID,QUANTITY) values (3,1,106);
Insert into HWL_INVENTORIES (PRODUCT_ID,WAREHOUSE_ID,QUANTITY) values (4,1,106);
Insert into HWL_INVENTORIES (PRODUCT_ID,WAREHOUSE_ID,QUANTITY) values (5,1,106);
Insert into HWL_INVENTORIES (PRODUCT_ID,WAREHOUSE_ID,QUANTITY) values (6,1,107);
Insert into HWL_INVENTORIES (PRODUCT_ID,WAREHOUSE_ID,QUANTITY) values (11,1,108);
Insert into HWL_INVENTORIES (PRODUCT_ID,WAREHOUSE_ID,QUANTITY) values (12,1,108);
Insert into HWL_INVENTORIES (PRODUCT_ID,WAREHOUSE_ID,QUANTITY) values (80,1,125);
Insert into HWL_INVENTORIES (PRODUCT_ID,WAREHOUSE_ID,QUANTITY) values (87,1,131);
Insert into HWL_INVENTORIES (PRODUCT_ID,WAREHOUSE_ID,QUANTITY) values (88,1,117);
Insert into HWL_INVENTORIES (PRODUCT_ID,WAREHOUSE_ID,QUANTITY) values (89,1,118);
Insert into HWL_INVENTORIES (PRODUCT_ID,WAREHOUSE_ID,QUANTITY) values (90,1,118);
Insert into HWL_INVENTORIES (PRODUCT_ID,WAREHOUSE_ID,QUANTITY) values (103,1,125);
Insert into HWL_INVENTORIES (PRODUCT_ID,WAREHOUSE_ID,QUANTITY) values (105,1,126);
Insert into HWL_INVENTORIES (PRODUCT_ID,WAREHOUSE_ID,QUANTITY) values (108,1,126);
Insert into HWL_INVENTORIES (PRODUCT_ID,WAREHOUSE_ID,QUANTITY) values (110,1,127);
Insert into HWL_INVENTORIES (PRODUCT_ID,WAREHOUSE_ID,QUANTITY) values (114,1,128);
Insert into HWL_INVENTORIES (PRODUCT_ID,WAREHOUSE_ID,QUANTITY) values (123,1,131);
Insert into HWL_INVENTORIES (PRODUCT_ID,WAREHOUSE_ID,QUANTITY) values (132,1,133);
Insert into HWL_INVENTORIES (PRODUCT_ID,WAREHOUSE_ID,QUANTITY) values (133,1,133);
Insert into HWL_INVENTORIES (PRODUCT_ID,WAREHOUSE_ID,QUANTITY) values (142,1,89);
Insert into HWL_INVENTORIES (PRODUCT_ID,WAREHOUSE_ID,QUANTITY) values (161,1,132);
Insert into HWL_INVENTORIES (PRODUCT_ID,WAREHOUSE_ID,QUANTITY) values (174,1,170);
Insert into HWL_INVENTORIES (PRODUCT_ID,WAREHOUSE_ID,QUANTITY) values (175,1,170);
Insert into HWL_INVENTORIES (PRODUCT_ID,WAREHOUSE_ID,QUANTITY) values (182,1,175);
Insert into HWL_INVENTORIES (PRODUCT_ID,WAREHOUSE_ID,QUANTITY) values (184,1,175);
Insert into HWL_INVENTORIES (PRODUCT_ID,WAREHOUSE_ID,QUANTITY) values (185,1,176);
Insert into HWL_INVENTORIES (PRODUCT_ID,WAREHOUSE_ID,QUANTITY) values (207,1,205);
Insert into HWL_INVENTORIES (PRODUCT_ID,WAREHOUSE_ID,QUANTITY) values (216,1,209);
Insert into HWL_INVENTORIES (PRODUCT_ID,WAREHOUSE_ID,QUANTITY) values (220,1,196);
Insert into HWL_INVENTORIES (PRODUCT_ID,WAREHOUSE_ID,QUANTITY) values (221,1,197);
Insert into HWL_INVENTORIES (PRODUCT_ID,WAREHOUSE_ID,QUANTITY) values (222,1,197);
Insert into HWL_INVENTORIES (PRODUCT_ID,WAREHOUSE_ID,QUANTITY) values (223,1,197);
Insert into HWL_INVENTORIES (PRODUCT_ID,WAREHOUSE_ID,QUANTITY) values (245,1,221);
Insert into HWL_INVENTORIES (PRODUCT_ID,WAREHOUSE_ID,QUANTITY) values (269,1,222);
Insert into HWL_INVENTORIES (PRODUCT_ID,WAREHOUSE_ID,QUANTITY) values (270,1,222);
Insert into HWL_INVENTORIES (PRODUCT_ID,WAREHOUSE_ID,QUANTITY) values (281,1,251);
Insert into HWL_INVENTORIES (PRODUCT_ID,WAREHOUSE_ID,QUANTITY) values (3,2,96);
Insert into HWL_INVENTORIES (PRODUCT_ID,WAREHOUSE_ID,QUANTITY) values (4,2,96);
Insert into HWL_INVENTORIES (PRODUCT_ID,WAREHOUSE_ID,QUANTITY) values (5,2,96);
Insert into HWL_INVENTORIES (PRODUCT_ID,WAREHOUSE_ID,QUANTITY) values (6,2,96);
Insert into HWL_INVENTORIES (PRODUCT_ID,WAREHOUSE_ID,QUANTITY) values (7,2,97);
Insert into HWL_INVENTORIES (PRODUCT_ID,WAREHOUSE_ID,QUANTITY) values (8,2,97);
Insert into HWL_INVENTORIES (PRODUCT_ID,WAREHOUSE_ID,QUANTITY) values (9,2,97);
Insert into HWL_INVENTORIES (PRODUCT_ID,WAREHOUSE_ID,QUANTITY) values (11,2,98);
Insert into HWL_INVENTORIES (PRODUCT_ID,WAREHOUSE_ID,QUANTITY) values (12,2,98);
Insert into HWL_INVENTORIES (PRODUCT_ID,WAREHOUSE_ID,QUANTITY) values (13,2,98);
Insert into HWL_INVENTORIES (PRODUCT_ID,WAREHOUSE_ID,QUANTITY) values (14,2,98);
Insert into HWL_INVENTORIES (PRODUCT_ID,WAREHOUSE_ID,QUANTITY) values (15,2,99);
Insert into HWL_INVENTORIES (PRODUCT_ID,WAREHOUSE_ID,QUANTITY) values (17,2,100);
Insert into HWL_INVENTORIES (PRODUCT_ID,WAREHOUSE_ID,QUANTITY) values (18,2,101);
Insert into HWL_INVENTORIES (PRODUCT_ID,WAREHOUSE_ID,QUANTITY) values (19,2,101);
Insert into HWL_INVENTORIES (PRODUCT_ID,WAREHOUSE_ID,QUANTITY) values (20,2,104);
Insert into HWL_INVENTORIES (PRODUCT_ID,WAREHOUSE_ID,QUANTITY) values (21,2,105);
Insert into HWL_INVENTORIES (PRODUCT_ID,WAREHOUSE_ID,QUANTITY) values (22,2,114);
Insert into HWL_INVENTORIES (PRODUCT_ID,WAREHOUSE_ID,QUANTITY) values (23,2,114);
Insert into HWL_INVENTORIES (PRODUCT_ID,WAREHOUSE_ID,QUANTITY) values (24,2,115);
Insert into HWL_INVENTORIES (PRODUCT_ID,WAREHOUSE_ID,QUANTITY) values (25,2,115);
Insert into HWL_INVENTORIES (PRODUCT_ID,WAREHOUSE_ID,QUANTITY) values (26,2,115);
Insert into HWL_INVENTORIES (PRODUCT_ID,WAREHOUSE_ID,QUANTITY) values (27,2,106);
Insert into HWL_INVENTORIES (PRODUCT_ID,WAREHOUSE_ID,QUANTITY) values (29,2,107);
Insert into HWL_INVENTORIES (PRODUCT_ID,WAREHOUSE_ID,QUANTITY) values (30,2,107);
Insert into HWL_INVENTORIES (PRODUCT_ID,WAREHOUSE_ID,QUANTITY) values (33,2,117);
Insert into HWL_INVENTORIES (PRODUCT_ID,WAREHOUSE_ID,QUANTITY) values (35,2,118);
Insert into HWL_INVENTORIES (PRODUCT_ID,WAREHOUSE_ID,QUANTITY) values (36,2,118);
Insert into HWL_INVENTORIES (PRODUCT_ID,WAREHOUSE_ID,QUANTITY) values (37,2,119);
Insert into HWL_INVENTORIES (PRODUCT_ID,WAREHOUSE_ID,QUANTITY) values (38,2,119);
Insert into HWL_INVENTORIES (PRODUCT_ID,WAREHOUSE_ID,QUANTITY) values (39,2,119);
Insert into HWL_INVENTORIES (PRODUCT_ID,WAREHOUSE_ID,QUANTITY) values (40,2,119);
Insert into HWL_INVENTORIES (PRODUCT_ID,WAREHOUSE_ID,QUANTITY) values (41,2,119);
Insert into HWL_INVENTORIES (PRODUCT_ID,WAREHOUSE_ID,QUANTITY) values (42,2,122);
Insert into HWL_INVENTORIES (PRODUCT_ID,WAREHOUSE_ID,QUANTITY) values (43,2,122);
Insert into HWL_INVENTORIES (PRODUCT_ID,WAREHOUSE_ID,QUANTITY) values (44,2,122);
Insert into HWL_INVENTORIES (PRODUCT_ID,WAREHOUSE_ID,QUANTITY) values (50,2,117);
Insert into HWL_INVENTORIES (PRODUCT_ID,WAREHOUSE_ID,QUANTITY) values (54,2,110);
Insert into HWL_INVENTORIES (PRODUCT_ID,WAREHOUSE_ID,QUANTITY) values (62,2,149);
Insert into HWL_INVENTORIES (PRODUCT_ID,WAREHOUSE_ID,QUANTITY) values (63,2,149);
Insert into HWL_INVENTORIES (PRODUCT_ID,WAREHOUSE_ID,QUANTITY) values (67,2,154);
Insert into HWL_INVENTORIES (PRODUCT_ID,WAREHOUSE_ID,QUANTITY) values (68,2,154);
Insert into HWL_INVENTORIES (PRODUCT_ID,WAREHOUSE_ID,QUANTITY) values (69,2,154);
Insert into HWL_INVENTORIES (PRODUCT_ID,WAREHOUSE_ID,QUANTITY) values (70,2,155);
Insert into HWL_INVENTORIES (PRODUCT_ID,WAREHOUSE_ID,QUANTITY) values (71,2,155);
Insert into HWL_INVENTORIES (PRODUCT_ID,WAREHOUSE_ID,QUANTITY) values (72,2,155);
Insert into HWL_INVENTORIES (PRODUCT_ID,WAREHOUSE_ID,QUANTITY) values (73,2,111);
Insert into HWL_INVENTORIES (PRODUCT_ID,WAREHOUSE_ID,QUANTITY) values (74,2,111);
Insert into HWL_INVENTORIES (PRODUCT_ID,WAREHOUSE_ID,QUANTITY) values (76,2,112);
Insert into HWL_INVENTORIES (PRODUCT_ID,WAREHOUSE_ID,QUANTITY) values (78,2,113);
Insert into HWL_INVENTORIES (PRODUCT_ID,WAREHOUSE_ID,QUANTITY) values (79,2,113);
Insert into HWL_INVENTORIES (PRODUCT_ID,WAREHOUSE_ID,QUANTITY) values (80,2,113);
Insert into HWL_INVENTORIES (PRODUCT_ID,WAREHOUSE_ID,QUANTITY) values (87,2,119);
Insert into HWL_INVENTORIES (PRODUCT_ID,WAREHOUSE_ID,QUANTITY) values (88,2,167);
Insert into HWL_INVENTORIES (PRODUCT_ID,WAREHOUSE_ID,QUANTITY) values (89,2,167);
Insert into HWL_INVENTORIES (PRODUCT_ID,WAREHOUSE_ID,QUANTITY) values (90,2,167);
Insert into HWL_INVENTORIES (PRODUCT_ID,WAREHOUSE_ID,QUANTITY) values (94,2,91);
Insert into HWL_INVENTORIES (PRODUCT_ID,WAREHOUSE_ID,QUANTITY) values (99,2,94);
Insert into HWL_INVENTORIES (PRODUCT_ID,WAREHOUSE_ID,QUANTITY) values (100,2,94);
Insert into HWL_INVENTORIES (PRODUCT_ID,WAREHOUSE_ID,QUANTITY) values (101,2,173);
Insert into HWL_INVENTORIES (PRODUCT_ID,WAREHOUSE_ID,QUANTITY) values (103,2,178);
Insert into HWL_INVENTORIES (PRODUCT_ID,WAREHOUSE_ID,QUANTITY) values (104,2,81);
Insert into HWL_INVENTORIES (PRODUCT_ID,WAREHOUSE_ID,QUANTITY) values (105,2,178);
Insert into HWL_INVENTORIES (PRODUCT_ID,WAREHOUSE_ID,QUANTITY) values (106,2,178);
Insert into HWL_INVENTORIES (PRODUCT_ID,WAREHOUSE_ID,QUANTITY) values (107,2,178);
Insert into HWL_INVENTORIES (PRODUCT_ID,WAREHOUSE_ID,QUANTITY) values (108,2,179);
Insert into HWL_INVENTORIES (PRODUCT_ID,WAREHOUSE_ID,QUANTITY) values (109,2,179);
Insert into HWL_INVENTORIES (PRODUCT_ID,WAREHOUSE_ID,QUANTITY) values (110,2,179);
Insert into HWL_INVENTORIES (PRODUCT_ID,WAREHOUSE_ID,QUANTITY) values (114,2,180);
Insert into HWL_INVENTORIES (PRODUCT_ID,WAREHOUSE_ID,QUANTITY) values (115,2,181);
Insert into HWL_INVENTORIES (PRODUCT_ID,WAREHOUSE_ID,QUANTITY) values (116,2,182);
Insert into HWL_INVENTORIES (PRODUCT_ID,WAREHOUSE_ID,QUANTITY) values (117,2,182);
Insert into HWL_INVENTORIES (PRODUCT_ID,WAREHOUSE_ID,QUANTITY) values (119,2,183);
Insert into HWL_INVENTORIES (PRODUCT_ID,WAREHOUSE_ID,QUANTITY) values (120,2,183);
Insert into HWL_INVENTORIES (PRODUCT_ID,WAREHOUSE_ID,QUANTITY) values (121,2,183);
Insert into HWL_INVENTORIES (PRODUCT_ID,WAREHOUSE_ID,QUANTITY) values (122,2,183);
Insert into HWL_INVENTORIES (PRODUCT_ID,WAREHOUSE_ID,QUANTITY) values (123,2,184);
Insert into HWL_INVENTORIES (PRODUCT_ID,WAREHOUSE_ID,QUANTITY) values (124,2,184);
Insert into HWL_INVENTORIES (PRODUCT_ID,WAREHOUSE_ID,QUANTITY) values (125,2,184);
Insert into HWL_INVENTORIES (PRODUCT_ID,WAREHOUSE_ID,QUANTITY) values (126,2,184);
Insert into HWL_INVENTORIES (PRODUCT_ID,WAREHOUSE_ID,QUANTITY) values (128,2,185);
Insert into HWL_INVENTORIES (PRODUCT_ID,WAREHOUSE_ID,QUANTITY) values (129,2,185);
Insert into HWL_INVENTORIES (PRODUCT_ID,WAREHOUSE_ID,QUANTITY) values (130,2,88);
Insert into HWL_INVENTORIES (PRODUCT_ID,WAREHOUSE_ID,QUANTITY) values (131,2,88);
Insert into HWL_INVENTORIES (PRODUCT_ID,WAREHOUSE_ID,QUANTITY) values (132,2,185);
Insert into HWL_INVENTORIES (PRODUCT_ID,WAREHOUSE_ID,QUANTITY) values (133,2,185);
Insert into HWL_INVENTORIES (PRODUCT_ID,WAREHOUSE_ID,QUANTITY) values (134,2,89);
Insert into HWL_INVENTORIES (PRODUCT_ID,WAREHOUSE_ID,QUANTITY) values (135,2,89);
Insert into HWL_INVENTORIES (PRODUCT_ID,WAREHOUSE_ID,QUANTITY) values (136,2,186);
Insert into HWL_INVENTORIES (PRODUCT_ID,WAREHOUSE_ID,QUANTITY) values (138,2,191);
Insert into HWL_INVENTORIES (PRODUCT_ID,WAREHOUSE_ID,QUANTITY) values (139,2,93);
Insert into HWL_INVENTORIES (PRODUCT_ID,WAREHOUSE_ID,QUANTITY) values (140,2,94);
Insert into HWL_INVENTORIES (PRODUCT_ID,WAREHOUSE_ID,QUANTITY) values (142,2,194);
Insert into HWL_INVENTORIES (PRODUCT_ID,WAREHOUSE_ID,QUANTITY) values (144,2,95);
Insert into HWL_INVENTORIES (PRODUCT_ID,WAREHOUSE_ID,QUANTITY) values (145,2,96);
Insert into HWL_INVENTORIES (PRODUCT_ID,WAREHOUSE_ID,QUANTITY) values (146,2,96);
Insert into HWL_INVENTORIES (PRODUCT_ID,WAREHOUSE_ID,QUANTITY) values (147,2,96);
Insert into HWL_INVENTORIES (PRODUCT_ID,WAREHOUSE_ID,QUANTITY) values (148,2,97);
Insert into HWL_INVENTORIES (PRODUCT_ID,WAREHOUSE_ID,QUANTITY) values (149,2,97);
Insert into HWL_INVENTORIES (PRODUCT_ID,WAREHOUSE_ID,QUANTITY) values (150,2,101);
Insert into HWL_INVENTORIES (PRODUCT_ID,WAREHOUSE_ID,QUANTITY) values (151,2,101);
Insert into HWL_INVENTORIES (PRODUCT_ID,WAREHOUSE_ID,QUANTITY) values (152,2,101);
Insert into HWL_INVENTORIES (PRODUCT_ID,WAREHOUSE_ID,QUANTITY) values (161,2,120);
Insert into HWL_INVENTORIES (PRODUCT_ID,WAREHOUSE_ID,QUANTITY) values (166,2,138);
Insert into HWL_INVENTORIES (PRODUCT_ID,WAREHOUSE_ID,QUANTITY) values (168,2,128);
Insert into HWL_INVENTORIES (PRODUCT_ID,WAREHOUSE_ID,QUANTITY) values (174,2,158);
Insert into HWL_INVENTORIES (PRODUCT_ID,WAREHOUSE_ID,QUANTITY) values (175,2,158);
Insert into HWL_INVENTORIES (PRODUCT_ID,WAREHOUSE_ID,QUANTITY) values (182,2,177);
Insert into HWL_INVENTORIES (PRODUCT_ID,WAREHOUSE_ID,QUANTITY) values (184,2,178);
Insert into HWL_INVENTORIES (PRODUCT_ID,WAREHOUSE_ID,QUANTITY) values (185,2,178);
Insert into HWL_INVENTORIES (PRODUCT_ID,WAREHOUSE_ID,QUANTITY) values (188,2,171);
Insert into HWL_INVENTORIES (PRODUCT_ID,WAREHOUSE_ID,QUANTITY) values (189,2,172);
Insert into HWL_INVENTORIES (PRODUCT_ID,WAREHOUSE_ID,QUANTITY) values (190,2,172);
Insert into HWL_INVENTORIES (PRODUCT_ID,WAREHOUSE_ID,QUANTITY) values (191,2,173);
Insert into HWL_INVENTORIES (PRODUCT_ID,WAREHOUSE_ID,QUANTITY) values (193,2,173);
Insert into HWL_INVENTORIES (PRODUCT_ID,WAREHOUSE_ID,QUANTITY) values (195,2,174);
Insert into HWL_INVENTORIES (PRODUCT_ID,WAREHOUSE_ID,QUANTITY) values (196,2,174);
Insert into HWL_INVENTORIES (PRODUCT_ID,WAREHOUSE_ID,QUANTITY) values (198,2,175);
Insert into HWL_INVENTORIES (PRODUCT_ID,WAREHOUSE_ID,QUANTITY) values (199,2,176);
Insert into HWL_INVENTORIES (PRODUCT_ID,WAREHOUSE_ID,QUANTITY) values (200,2,176);
Insert into HWL_INVENTORIES (PRODUCT_ID,WAREHOUSE_ID,QUANTITY) values (201,2,176);
Insert into HWL_INVENTORIES (PRODUCT_ID,WAREHOUSE_ID,QUANTITY) values (203,2,177);
Insert into HWL_INVENTORIES (PRODUCT_ID,WAREHOUSE_ID,QUANTITY) values (204,2,177);
Insert into HWL_INVENTORIES (PRODUCT_ID,WAREHOUSE_ID,QUANTITY) values (205,2,177);
Insert into HWL_INVENTORIES (PRODUCT_ID,WAREHOUSE_ID,QUANTITY) values (207,2,193);
Insert into HWL_INVENTORIES (PRODUCT_ID,WAREHOUSE_ID,QUANTITY) values (210,2,194);
Insert into HWL_INVENTORIES (PRODUCT_ID,WAREHOUSE_ID,QUANTITY) values (211,2,195);
Insert into HWL_INVENTORIES (PRODUCT_ID,WAREHOUSE_ID,QUANTITY) values (212,2,195);
Insert into HWL_INVENTORIES (PRODUCT_ID,WAREHOUSE_ID,QUANTITY) values (214,2,196);
Insert into HWL_INVENTORIES (PRODUCT_ID,WAREHOUSE_ID,QUANTITY) values (216,2,197);
Insert into HWL_INVENTORIES (PRODUCT_ID,WAREHOUSE_ID,QUANTITY) values (218,2,198);
Insert into HWL_INVENTORIES (PRODUCT_ID,WAREHOUSE_ID,QUANTITY) values (220,2,184);
Insert into HWL_INVENTORIES (PRODUCT_ID,WAREHOUSE_ID,QUANTITY) values (221,2,185);
Insert into HWL_INVENTORIES (PRODUCT_ID,WAREHOUSE_ID,QUANTITY) values (222,2,185);
Insert into HWL_INVENTORIES (PRODUCT_ID,WAREHOUSE_ID,QUANTITY) values (223,2,185);
Insert into HWL_INVENTORIES (PRODUCT_ID,WAREHOUSE_ID,QUANTITY) values (227,2,189);
Insert into HWL_INVENTORIES (PRODUCT_ID,WAREHOUSE_ID,QUANTITY) values (228,2,189);
Insert into HWL_INVENTORIES (PRODUCT_ID,WAREHOUSE_ID,QUANTITY) values (229,2,212);
Insert into HWL_INVENTORIES (PRODUCT_ID,WAREHOUSE_ID,QUANTITY) values (230,2,213);
Insert into HWL_INVENTORIES (PRODUCT_ID,WAREHOUSE_ID,QUANTITY) values (231,2,213);
Insert into HWL_INVENTORIES (PRODUCT_ID,WAREHOUSE_ID,QUANTITY) values (232,2,213);
Insert into HWL_INVENTORIES (PRODUCT_ID,WAREHOUSE_ID,QUANTITY) values (233,2,213);
Insert into HWL_INVENTORIES (PRODUCT_ID,WAREHOUSE_ID,QUANTITY) values (234,2,213);
Insert into HWL_INVENTORIES (PRODUCT_ID,WAREHOUSE_ID,QUANTITY) values (235,2,214);
Insert into HWL_INVENTORIES (PRODUCT_ID,WAREHOUSE_ID,QUANTITY) values (236,2,214);
Insert into HWL_INVENTORIES (PRODUCT_ID,WAREHOUSE_ID,QUANTITY) values (237,2,214);
Insert into HWL_INVENTORIES (PRODUCT_ID,WAREHOUSE_ID,QUANTITY) values (238,2,214);
Insert into HWL_INVENTORIES (PRODUCT_ID,WAREHOUSE_ID,QUANTITY) values (239,2,214);
Insert into HWL_INVENTORIES (PRODUCT_ID,WAREHOUSE_ID,QUANTITY) values (245,2,209);
Insert into HWL_INVENTORIES (PRODUCT_ID,WAREHOUSE_ID,QUANTITY) values (254,2,225);
Insert into HWL_INVENTORIES (PRODUCT_ID,WAREHOUSE_ID,QUANTITY) values (255,2,225);
Insert into HWL_INVENTORIES (PRODUCT_ID,WAREHOUSE_ID,QUANTITY) values (256,2,225);
Insert into HWL_INVENTORIES (PRODUCT_ID,WAREHOUSE_ID,QUANTITY) values (257,2,226);
Insert into HWL_INVENTORIES (PRODUCT_ID,WAREHOUSE_ID,QUANTITY) values (258,2,226);
Insert into HWL_INVENTORIES (PRODUCT_ID,WAREHOUSE_ID,QUANTITY) values (259,2,226);
Insert into HWL_INVENTORIES (PRODUCT_ID,WAREHOUSE_ID,QUANTITY) values (260,2,226);
Insert into HWL_INVENTORIES (PRODUCT_ID,WAREHOUSE_ID,QUANTITY) values (261,2,226);
Insert into HWL_INVENTORIES (PRODUCT_ID,WAREHOUSE_ID,QUANTITY) values (262,2,227);
Insert into HWL_INVENTORIES (PRODUCT_ID,WAREHOUSE_ID,QUANTITY) values (263,2,227);
Insert into HWL_INVENTORIES (PRODUCT_ID,WAREHOUSE_ID,QUANTITY) values (264,2,227);
Insert into HWL_INVENTORIES (PRODUCT_ID,WAREHOUSE_ID,QUANTITY) values (265,2,227);
Insert into HWL_INVENTORIES (PRODUCT_ID,WAREHOUSE_ID,QUANTITY) values (269,2,210);
Insert into HWL_INVENTORIES (PRODUCT_ID,WAREHOUSE_ID,QUANTITY) values (270,2,210);
Insert into HWL_INVENTORIES (PRODUCT_ID,WAREHOUSE_ID,QUANTITY) values (271,2,215);
Insert into HWL_INVENTORIES (PRODUCT_ID,WAREHOUSE_ID,QUANTITY) values (272,2,216);
Insert into HWL_INVENTORIES (PRODUCT_ID,WAREHOUSE_ID,QUANTITY) values (273,2,264);
Insert into HWL_INVENTORIES (PRODUCT_ID,WAREHOUSE_ID,QUANTITY) values (274,2,232);
Insert into HWL_INVENTORIES (PRODUCT_ID,WAREHOUSE_ID,QUANTITY) values (276,2,219);
Insert into HWL_INVENTORIES (PRODUCT_ID,WAREHOUSE_ID,QUANTITY) values (277,2,219);
Insert into HWL_INVENTORIES (PRODUCT_ID,WAREHOUSE_ID,QUANTITY) values (278,2,220);
Insert into HWL_INVENTORIES (PRODUCT_ID,WAREHOUSE_ID,QUANTITY) values (279,2,244);
Insert into HWL_INVENTORIES (PRODUCT_ID,WAREHOUSE_ID,QUANTITY) values (280,2,244);
Insert into HWL_INVENTORIES (PRODUCT_ID,WAREHOUSE_ID,QUANTITY) values (281,2,239);
Insert into HWL_INVENTORIES (PRODUCT_ID,WAREHOUSE_ID,QUANTITY) values (283,2,226);
Insert into HWL_INVENTORIES (PRODUCT_ID,WAREHOUSE_ID,QUANTITY) values (284,2,353);
Insert into HWL_INVENTORIES (PRODUCT_ID,WAREHOUSE_ID,QUANTITY) values (285,2,267);
Insert into HWL_INVENTORIES (PRODUCT_ID,WAREHOUSE_ID,QUANTITY) values (286,2,267);
Insert into HWL_INVENTORIES (PRODUCT_ID,WAREHOUSE_ID,QUANTITY) values (2,3,100);
Insert into HWL_INVENTORIES (PRODUCT_ID,WAREHOUSE_ID,QUANTITY) values (3,3,88);
Insert into HWL_INVENTORIES (PRODUCT_ID,WAREHOUSE_ID,QUANTITY) values (4,3,88);
Insert into HWL_INVENTORIES (PRODUCT_ID,WAREHOUSE_ID,QUANTITY) values (5,3,89);
Insert into HWL_INVENTORIES (PRODUCT_ID,WAREHOUSE_ID,QUANTITY) values (6,3,89);
Insert into HWL_INVENTORIES (PRODUCT_ID,WAREHOUSE_ID,QUANTITY) values (11,3,90);
Insert into HWL_INVENTORIES (PRODUCT_ID,WAREHOUSE_ID,QUANTITY) values (12,3,90);
Insert into HWL_INVENTORIES (PRODUCT_ID,WAREHOUSE_ID,QUANTITY) values (46,3,112);
Insert into HWL_INVENTORIES (PRODUCT_ID,WAREHOUSE_ID,QUANTITY) values (47,3,66);
Insert into HWL_INVENTORIES (PRODUCT_ID,WAREHOUSE_ID,QUANTITY) values (80,3,101);
Insert into HWL_INVENTORIES (PRODUCT_ID,WAREHOUSE_ID,QUANTITY) values (87,3,107);
Insert into HWL_INVENTORIES (PRODUCT_ID,WAREHOUSE_ID,QUANTITY) values (88,3,118);
Insert into HWL_INVENTORIES (PRODUCT_ID,WAREHOUSE_ID,QUANTITY) values (89,3,118);
Insert into HWL_INVENTORIES (PRODUCT_ID,WAREHOUSE_ID,QUANTITY) values (90,3,118);
Insert into HWL_INVENTORIES (PRODUCT_ID,WAREHOUSE_ID,QUANTITY) values (91,3,94);
Insert into HWL_INVENTORIES (PRODUCT_ID,WAREHOUSE_ID,QUANTITY) values (98,3,69);
Insert into HWL_INVENTORIES (PRODUCT_ID,WAREHOUSE_ID,QUANTITY) values (102,3,73);
Insert into HWL_INVENTORIES (PRODUCT_ID,WAREHOUSE_ID,QUANTITY) values (103,3,126);
Insert into HWL_INVENTORIES (PRODUCT_ID,WAREHOUSE_ID,QUANTITY) values (105,3,126);
Insert into HWL_INVENTORIES (PRODUCT_ID,WAREHOUSE_ID,QUANTITY) values (108,3,127);
Insert into HWL_INVENTORIES (PRODUCT_ID,WAREHOUSE_ID,QUANTITY) values (110,3,127);
Insert into HWL_INVENTORIES (PRODUCT_ID,WAREHOUSE_ID,QUANTITY) values (114,3,131);
Insert into HWL_INVENTORIES (PRODUCT_ID,WAREHOUSE_ID,QUANTITY) values (123,3,135);
Insert into HWL_INVENTORIES (PRODUCT_ID,WAREHOUSE_ID,QUANTITY) values (132,3,136);
Insert into HWL_INVENTORIES (PRODUCT_ID,WAREHOUSE_ID,QUANTITY) values (133,3,136);
Insert into HWL_INVENTORIES (PRODUCT_ID,WAREHOUSE_ID,QUANTITY) values (142,3,142);
Insert into HWL_INVENTORIES (PRODUCT_ID,WAREHOUSE_ID,QUANTITY) values (159,3,87);
Insert into HWL_INVENTORIES (PRODUCT_ID,WAREHOUSE_ID,QUANTITY) values (160,3,93);
Insert into HWL_INVENTORIES (PRODUCT_ID,WAREHOUSE_ID,QUANTITY) values (161,3,108);
Insert into HWL_INVENTORIES (PRODUCT_ID,WAREHOUSE_ID,QUANTITY) values (163,3,107);
Insert into HWL_INVENTORIES (PRODUCT_ID,WAREHOUSE_ID,QUANTITY) values (174,3,146);
Insert into HWL_INVENTORIES (PRODUCT_ID,WAREHOUSE_ID,QUANTITY) values (175,3,146);
Insert into HWL_INVENTORIES (PRODUCT_ID,WAREHOUSE_ID,QUANTITY) values (182,3,245);
Insert into HWL_INVENTORIES (PRODUCT_ID,WAREHOUSE_ID,QUANTITY) values (184,3,246);
Insert into HWL_INVENTORIES (PRODUCT_ID,WAREHOUSE_ID,QUANTITY) values (185,3,246);
Insert into HWL_INVENTORIES (PRODUCT_ID,WAREHOUSE_ID,QUANTITY) values (207,3,181);
Insert into HWL_INVENTORIES (PRODUCT_ID,WAREHOUSE_ID,QUANTITY) values (216,3,185);
Insert into HWL_INVENTORIES (PRODUCT_ID,WAREHOUSE_ID,QUANTITY) values (220,3,272);
Insert into HWL_INVENTORIES (PRODUCT_ID,WAREHOUSE_ID,QUANTITY) values (221,3,273);
Insert into HWL_INVENTORIES (PRODUCT_ID,WAREHOUSE_ID,QUANTITY) values (222,3,273);
Insert into HWL_INVENTORIES (PRODUCT_ID,WAREHOUSE_ID,QUANTITY) values (223,3,273);
Insert into HWL_INVENTORIES (PRODUCT_ID,WAREHOUSE_ID,QUANTITY) values (241,3,181);
Insert into HWL_INVENTORIES (PRODUCT_ID,WAREHOUSE_ID,QUANTITY) values (242,3,181);
Insert into HWL_INVENTORIES (PRODUCT_ID,WAREHOUSE_ID,QUANTITY) values (243,3,181);
Insert into HWL_INVENTORIES (PRODUCT_ID,WAREHOUSE_ID,QUANTITY) values (245,3,197);
Insert into HWL_INVENTORIES (PRODUCT_ID,WAREHOUSE_ID,QUANTITY) values (269,3,304);
Insert into HWL_INVENTORIES (PRODUCT_ID,WAREHOUSE_ID,QUANTITY) values (270,3,304);
Insert into HWL_INVENTORIES (PRODUCT_ID,WAREHOUSE_ID,QUANTITY) values (281,3,227);
Insert into HWL_INVENTORIES (PRODUCT_ID,WAREHOUSE_ID,QUANTITY) values (3,4,63);
Insert into HWL_INVENTORIES (PRODUCT_ID,WAREHOUSE_ID,QUANTITY) values (4,4,63);
Insert into HWL_INVENTORIES (PRODUCT_ID,WAREHOUSE_ID,QUANTITY) values (5,4,63);
Insert into HWL_INVENTORIES (PRODUCT_ID,WAREHOUSE_ID,QUANTITY) values (6,4,64);
Insert into HWL_INVENTORIES (PRODUCT_ID,WAREHOUSE_ID,QUANTITY) values (7,4,64);
Insert into HWL_INVENTORIES (PRODUCT_ID,WAREHOUSE_ID,QUANTITY) values (8,4,67);
Insert into HWL_INVENTORIES (PRODUCT_ID,WAREHOUSE_ID,QUANTITY) values (9,4,67);
Insert into HWL_INVENTORIES (PRODUCT_ID,WAREHOUSE_ID,QUANTITY) values (11,4,68);
Insert into HWL_INVENTORIES (PRODUCT_ID,WAREHOUSE_ID,QUANTITY) values (12,4,68);
Insert into HWL_INVENTORIES (PRODUCT_ID,WAREHOUSE_ID,QUANTITY) values (13,4,68);
Insert into HWL_INVENTORIES (PRODUCT_ID,WAREHOUSE_ID,QUANTITY) values (14,4,68);
Insert into HWL_INVENTORIES (PRODUCT_ID,WAREHOUSE_ID,QUANTITY) values (15,4,69);
Insert into HWL_INVENTORIES (PRODUCT_ID,WAREHOUSE_ID,QUANTITY) values (17,4,70);
Insert into HWL_INVENTORIES (PRODUCT_ID,WAREHOUSE_ID,QUANTITY) values (18,4,71);
Insert into HWL_INVENTORIES (PRODUCT_ID,WAREHOUSE_ID,QUANTITY) values (19,4,71);
Insert into HWL_INVENTORIES (PRODUCT_ID,WAREHOUSE_ID,QUANTITY) values (20,4,71);
Insert into HWL_INVENTORIES (PRODUCT_ID,WAREHOUSE_ID,QUANTITY) values (21,4,72);
Insert into HWL_INVENTORIES (PRODUCT_ID,WAREHOUSE_ID,QUANTITY) values (27,4,73);
Insert into HWL_INVENTORIES (PRODUCT_ID,WAREHOUSE_ID,QUANTITY) values (29,4,74);
Insert into HWL_INVENTORIES (PRODUCT_ID,WAREHOUSE_ID,QUANTITY) values (30,4,74);
Insert into HWL_INVENTORIES (PRODUCT_ID,WAREHOUSE_ID,QUANTITY) values (54,4,88);
Insert into HWL_INVENTORIES (PRODUCT_ID,WAREHOUSE_ID,QUANTITY) values (62,4,74);
Insert into HWL_INVENTORIES (PRODUCT_ID,WAREHOUSE_ID,QUANTITY) values (63,4,74);
Insert into HWL_INVENTORIES (PRODUCT_ID,WAREHOUSE_ID,QUANTITY) values (67,4,76);
Insert into HWL_INVENTORIES (PRODUCT_ID,WAREHOUSE_ID,QUANTITY) values (68,4,76);
Insert into HWL_INVENTORIES (PRODUCT_ID,WAREHOUSE_ID,QUANTITY) values (69,4,76);
Insert into HWL_INVENTORIES (PRODUCT_ID,WAREHOUSE_ID,QUANTITY) values (70,4,76);
Insert into HWL_INVENTORIES (PRODUCT_ID,WAREHOUSE_ID,QUANTITY) values (71,4,76);
Insert into HWL_INVENTORIES (PRODUCT_ID,WAREHOUSE_ID,QUANTITY) values (72,4,77);
Insert into HWL_INVENTORIES (PRODUCT_ID,WAREHOUSE_ID,QUANTITY) values (73,4,87);
Insert into HWL_INVENTORIES (PRODUCT_ID,WAREHOUSE_ID,QUANTITY) values (74,4,87);
Insert into HWL_INVENTORIES (PRODUCT_ID,WAREHOUSE_ID,QUANTITY) values (76,4,88);
Insert into HWL_INVENTORIES (PRODUCT_ID,WAREHOUSE_ID,QUANTITY) values (78,4,89);
Insert into HWL_INVENTORIES (PRODUCT_ID,WAREHOUSE_ID,QUANTITY) values (79,4,89);
Insert into HWL_INVENTORIES (PRODUCT_ID,WAREHOUSE_ID,QUANTITY) values (80,4,89);
Insert into HWL_INVENTORIES (PRODUCT_ID,WAREHOUSE_ID,QUANTITY) values (87,4,95);
Insert into HWL_INVENTORIES (PRODUCT_ID,WAREHOUSE_ID,QUANTITY) values (88,4,86);
Insert into HWL_INVENTORIES (PRODUCT_ID,WAREHOUSE_ID,QUANTITY) values (89,4,86);
Insert into HWL_INVENTORIES (PRODUCT_ID,WAREHOUSE_ID,QUANTITY) values (90,4,86);
Insert into HWL_INVENTORIES (PRODUCT_ID,WAREHOUSE_ID,QUANTITY) values (101,4,95);
Insert into HWL_INVENTORIES (PRODUCT_ID,WAREHOUSE_ID,QUANTITY) values (103,4,97);
Insert into HWL_INVENTORIES (PRODUCT_ID,WAREHOUSE_ID,QUANTITY) values (105,4,97);
Insert into HWL_INVENTORIES (PRODUCT_ID,WAREHOUSE_ID,QUANTITY) values (106,4,97);
Insert into HWL_INVENTORIES (PRODUCT_ID,WAREHOUSE_ID,QUANTITY) values (107,4,97);
Insert into HWL_INVENTORIES (PRODUCT_ID,WAREHOUSE_ID,QUANTITY) values (108,4,98);
Insert into HWL_INVENTORIES (PRODUCT_ID,WAREHOUSE_ID,QUANTITY) values (109,4,98);
Insert into HWL_INVENTORIES (PRODUCT_ID,WAREHOUSE_ID,QUANTITY) values (110,4,98);
Insert into HWL_INVENTORIES (PRODUCT_ID,WAREHOUSE_ID,QUANTITY) values (114,4,99);
Insert into HWL_INVENTORIES (PRODUCT_ID,WAREHOUSE_ID,QUANTITY) values (115,4,100);
Insert into HWL_INVENTORIES (PRODUCT_ID,WAREHOUSE_ID,QUANTITY) values (116,4,100);
Insert into HWL_INVENTORIES (PRODUCT_ID,WAREHOUSE_ID,QUANTITY) values (117,4,101);
Insert into HWL_INVENTORIES (PRODUCT_ID,WAREHOUSE_ID,QUANTITY) values (119,4,102);
Insert into HWL_INVENTORIES (PRODUCT_ID,WAREHOUSE_ID,QUANTITY) values (120,4,102);
Insert into HWL_INVENTORIES (PRODUCT_ID,WAREHOUSE_ID,QUANTITY) values (121,4,102);
Insert into HWL_INVENTORIES (PRODUCT_ID,WAREHOUSE_ID,QUANTITY) values (122,4,102);
Insert into HWL_INVENTORIES (PRODUCT_ID,WAREHOUSE_ID,QUANTITY) values (123,4,103);
Insert into HWL_INVENTORIES (PRODUCT_ID,WAREHOUSE_ID,QUANTITY) values (124,4,103);
Insert into HWL_INVENTORIES (PRODUCT_ID,WAREHOUSE_ID,QUANTITY) values (125,4,103);
Insert into HWL_INVENTORIES (PRODUCT_ID,WAREHOUSE_ID,QUANTITY) values (126,4,103);
Insert into HWL_INVENTORIES (PRODUCT_ID,WAREHOUSE_ID,QUANTITY) values (128,4,103);
Insert into HWL_INVENTORIES (PRODUCT_ID,WAREHOUSE_ID,QUANTITY) values (129,4,104);
Insert into HWL_INVENTORIES (PRODUCT_ID,WAREHOUSE_ID,QUANTITY) values (132,4,104);
Insert into HWL_INVENTORIES (PRODUCT_ID,WAREHOUSE_ID,QUANTITY) values (133,4,104);
Insert into HWL_INVENTORIES (PRODUCT_ID,WAREHOUSE_ID,QUANTITY) values (136,4,105);
Insert into HWL_INVENTORIES (PRODUCT_ID,WAREHOUSE_ID,QUANTITY) values (138,4,107);
Insert into HWL_INVENTORIES (PRODUCT_ID,WAREHOUSE_ID,QUANTITY) values (142,4,110);
Insert into HWL_INVENTORIES (PRODUCT_ID,WAREHOUSE_ID,QUANTITY) values (161,4,96);
Insert into HWL_INVENTORIES (PRODUCT_ID,WAREHOUSE_ID,QUANTITY) values (166,4,114);
Insert into HWL_INVENTORIES (PRODUCT_ID,WAREHOUSE_ID,QUANTITY) values (174,4,134);
Insert into HWL_INVENTORIES (PRODUCT_ID,WAREHOUSE_ID,QUANTITY) values (175,4,134);
Insert into HWL_INVENTORIES (PRODUCT_ID,WAREHOUSE_ID,QUANTITY) values (182,4,210);
Insert into HWL_INVENTORIES (PRODUCT_ID,WAREHOUSE_ID,QUANTITY) values (184,4,211);
Insert into HWL_INVENTORIES (PRODUCT_ID,WAREHOUSE_ID,QUANTITY) values (185,4,211);
Insert into HWL_INVENTORIES (PRODUCT_ID,WAREHOUSE_ID,QUANTITY) values (188,4,219);
Insert into HWL_INVENTORIES (PRODUCT_ID,WAREHOUSE_ID,QUANTITY) values (189,4,219);
Insert into HWL_INVENTORIES (PRODUCT_ID,WAREHOUSE_ID,QUANTITY) values (190,4,223);
Insert into HWL_INVENTORIES (PRODUCT_ID,WAREHOUSE_ID,QUANTITY) values (191,4,223);
Insert into HWL_INVENTORIES (PRODUCT_ID,WAREHOUSE_ID,QUANTITY) values (193,4,223);
Insert into HWL_INVENTORIES (PRODUCT_ID,WAREHOUSE_ID,QUANTITY) values (195,4,224);
Insert into HWL_INVENTORIES (PRODUCT_ID,WAREHOUSE_ID,QUANTITY) values (196,4,225);
Insert into HWL_INVENTORIES (PRODUCT_ID,WAREHOUSE_ID,QUANTITY) values (198,4,225);
Insert into HWL_INVENTORIES (PRODUCT_ID,WAREHOUSE_ID,QUANTITY) values (199,4,226);
Insert into HWL_INVENTORIES (PRODUCT_ID,WAREHOUSE_ID,QUANTITY) values (200,4,226);
Insert into HWL_INVENTORIES (PRODUCT_ID,WAREHOUSE_ID,QUANTITY) values (201,4,227);
Insert into HWL_INVENTORIES (PRODUCT_ID,WAREHOUSE_ID,QUANTITY) values (203,4,227);
Insert into HWL_INVENTORIES (PRODUCT_ID,WAREHOUSE_ID,QUANTITY) values (204,4,227);
Insert into HWL_INVENTORIES (PRODUCT_ID,WAREHOUSE_ID,QUANTITY) values (205,4,228);
Insert into HWL_INVENTORIES (PRODUCT_ID,WAREHOUSE_ID,QUANTITY) values (207,4,169);
Insert into HWL_INVENTORIES (PRODUCT_ID,WAREHOUSE_ID,QUANTITY) values (210,4,170);
Insert into HWL_INVENTORIES (PRODUCT_ID,WAREHOUSE_ID,QUANTITY) values (211,4,171);
Insert into HWL_INVENTORIES (PRODUCT_ID,WAREHOUSE_ID,QUANTITY) values (212,4,171);
Insert into HWL_INVENTORIES (PRODUCT_ID,WAREHOUSE_ID,QUANTITY) values (214,4,172);
Insert into HWL_INVENTORIES (PRODUCT_ID,WAREHOUSE_ID,QUANTITY) values (216,4,173);
Insert into HWL_INVENTORIES (PRODUCT_ID,WAREHOUSE_ID,QUANTITY) values (218,4,174);
Insert into HWL_INVENTORIES (PRODUCT_ID,WAREHOUSE_ID,QUANTITY) values (220,4,234);
Insert into HWL_INVENTORIES (PRODUCT_ID,WAREHOUSE_ID,QUANTITY) values (221,4,235);
Insert into HWL_INVENTORIES (PRODUCT_ID,WAREHOUSE_ID,QUANTITY) values (222,4,235);
Insert into HWL_INVENTORIES (PRODUCT_ID,WAREHOUSE_ID,QUANTITY) values (223,4,236);
Insert into HWL_INVENTORIES (PRODUCT_ID,WAREHOUSE_ID,QUANTITY) values (245,4,185);
Insert into HWL_INVENTORIES (PRODUCT_ID,WAREHOUSE_ID,QUANTITY) values (269,4,266);
Insert into HWL_INVENTORIES (PRODUCT_ID,WAREHOUSE_ID,QUANTITY) values (270,4,266);
Insert into HWL_INVENTORIES (PRODUCT_ID,WAREHOUSE_ID,QUANTITY) values (271,4,271);
Insert into HWL_INVENTORIES (PRODUCT_ID,WAREHOUSE_ID,QUANTITY) values (272,4,272);
Insert into HWL_INVENTORIES (PRODUCT_ID,WAREHOUSE_ID,QUANTITY) values (274,4,208);
Insert into HWL_INVENTORIES (PRODUCT_ID,WAREHOUSE_ID,QUANTITY) values (276,4,275);
Insert into HWL_INVENTORIES (PRODUCT_ID,WAREHOUSE_ID,QUANTITY) values (277,4,275);
Insert into HWL_INVENTORIES (PRODUCT_ID,WAREHOUSE_ID,QUANTITY) values (278,4,276);
Insert into HWL_INVENTORIES (PRODUCT_ID,WAREHOUSE_ID,QUANTITY) values (281,4,215);
Insert into HWL_INVENTORIES (PRODUCT_ID,WAREHOUSE_ID,QUANTITY) values (283,4,282);
Insert into HWL_INVENTORIES (PRODUCT_ID,WAREHOUSE_ID,QUANTITY) values (2,5,71);
Insert into HWL_INVENTORIES (PRODUCT_ID,WAREHOUSE_ID,QUANTITY) values (3,5,46);
Insert into HWL_INVENTORIES (PRODUCT_ID,WAREHOUSE_ID,QUANTITY) values (4,5,46);
Insert into HWL_INVENTORIES (PRODUCT_ID,WAREHOUSE_ID,QUANTITY) values (5,5,47);
Insert into HWL_INVENTORIES (PRODUCT_ID,WAREHOUSE_ID,QUANTITY) values (6,5,47);
Insert into HWL_INVENTORIES (PRODUCT_ID,WAREHOUSE_ID,QUANTITY) values (11,5,48);
Insert into HWL_INVENTORIES (PRODUCT_ID,WAREHOUSE_ID,QUANTITY) values (12,5,48);
Insert into HWL_INVENTORIES (PRODUCT_ID,WAREHOUSE_ID,QUANTITY) values (22,5,73);
Insert into HWL_INVENTORIES (PRODUCT_ID,WAREHOUSE_ID,QUANTITY) values (23,5,74);
Insert into HWL_INVENTORIES (PRODUCT_ID,WAREHOUSE_ID,QUANTITY) values (24,5,74);
Insert into HWL_INVENTORIES (PRODUCT_ID,WAREHOUSE_ID,QUANTITY) values (25,5,74);
Insert into HWL_INVENTORIES (PRODUCT_ID,WAREHOUSE_ID,QUANTITY) values (26,5,74);
Insert into HWL_INVENTORIES (PRODUCT_ID,WAREHOUSE_ID,QUANTITY) values (33,5,77);
Insert into HWL_INVENTORIES (PRODUCT_ID,WAREHOUSE_ID,QUANTITY) values (35,5,77);
Insert into HWL_INVENTORIES (PRODUCT_ID,WAREHOUSE_ID,QUANTITY) values (36,5,78);
Insert into HWL_INVENTORIES (PRODUCT_ID,WAREHOUSE_ID,QUANTITY) values (37,5,78);
Insert into HWL_INVENTORIES (PRODUCT_ID,WAREHOUSE_ID,QUANTITY) values (38,5,78);
Insert into HWL_INVENTORIES (PRODUCT_ID,WAREHOUSE_ID,QUANTITY) values (39,5,78);
Insert into HWL_INVENTORIES (PRODUCT_ID,WAREHOUSE_ID,QUANTITY) values (40,5,78);
Insert into HWL_INVENTORIES (PRODUCT_ID,WAREHOUSE_ID,QUANTITY) values (41,5,79);
Insert into HWL_INVENTORIES (PRODUCT_ID,WAREHOUSE_ID,QUANTITY) values (42,5,81);
Insert into HWL_INVENTORIES (PRODUCT_ID,WAREHOUSE_ID,QUANTITY) values (43,5,81);
Insert into HWL_INVENTORIES (PRODUCT_ID,WAREHOUSE_ID,QUANTITY) values (44,5,82);
Insert into HWL_INVENTORIES (PRODUCT_ID,WAREHOUSE_ID,QUANTITY) values (46,5,90);
Insert into HWL_INVENTORIES (PRODUCT_ID,WAREHOUSE_ID,QUANTITY) values (47,5,44);
Insert into HWL_INVENTORIES (PRODUCT_ID,WAREHOUSE_ID,QUANTITY) values (50,5,69);
Insert into HWL_INVENTORIES (PRODUCT_ID,WAREHOUSE_ID,QUANTITY) values (80,5,77);
Insert into HWL_INVENTORIES (PRODUCT_ID,WAREHOUSE_ID,QUANTITY) values (87,5,83);
Insert into HWL_INVENTORIES (PRODUCT_ID,WAREHOUSE_ID,QUANTITY) values (88,5,62);
Insert into HWL_INVENTORIES (PRODUCT_ID,WAREHOUSE_ID,QUANTITY) values (89,5,63);
Insert into HWL_INVENTORIES (PRODUCT_ID,WAREHOUSE_ID,QUANTITY) values (90,5,63);
Insert into HWL_INVENTORIES (PRODUCT_ID,WAREHOUSE_ID,QUANTITY) values (91,5,70);
Insert into HWL_INVENTORIES (PRODUCT_ID,WAREHOUSE_ID,QUANTITY) values (94,5,85);
Insert into HWL_INVENTORIES (PRODUCT_ID,WAREHOUSE_ID,QUANTITY) values (98,5,86);
Insert into HWL_INVENTORIES (PRODUCT_ID,WAREHOUSE_ID,QUANTITY) values (99,5,88);
Insert into HWL_INVENTORIES (PRODUCT_ID,WAREHOUSE_ID,QUANTITY) values (100,5,88);
Insert into HWL_INVENTORIES (PRODUCT_ID,WAREHOUSE_ID,QUANTITY) values (102,5,90);
Insert into HWL_INVENTORIES (PRODUCT_ID,WAREHOUSE_ID,QUANTITY) values (103,5,73);
Insert into HWL_INVENTORIES (PRODUCT_ID,WAREHOUSE_ID,QUANTITY) values (104,5,84);
Insert into HWL_INVENTORIES (PRODUCT_ID,WAREHOUSE_ID,QUANTITY) values (105,5,74);
Insert into HWL_INVENTORIES (PRODUCT_ID,WAREHOUSE_ID,QUANTITY) values (108,5,74);
Insert into HWL_INVENTORIES (PRODUCT_ID,WAREHOUSE_ID,QUANTITY) values (110,5,75);
Insert into HWL_INVENTORIES (PRODUCT_ID,WAREHOUSE_ID,QUANTITY) values (114,5,76);
Insert into HWL_INVENTORIES (PRODUCT_ID,WAREHOUSE_ID,QUANTITY) values (123,5,79);
Insert into HWL_INVENTORIES (PRODUCT_ID,WAREHOUSE_ID,QUANTITY) values (130,5,42);
Insert into HWL_INVENTORIES (PRODUCT_ID,WAREHOUSE_ID,QUANTITY) values (131,5,42);
Insert into HWL_INVENTORIES (PRODUCT_ID,WAREHOUSE_ID,QUANTITY) values (132,5,81);
Insert into HWL_INVENTORIES (PRODUCT_ID,WAREHOUSE_ID,QUANTITY) values (133,5,81);
Insert into HWL_INVENTORIES (PRODUCT_ID,WAREHOUSE_ID,QUANTITY) values (134,5,42);
Insert into HWL_INVENTORIES (PRODUCT_ID,WAREHOUSE_ID,QUANTITY) values (135,5,43);
Insert into HWL_INVENTORIES (PRODUCT_ID,WAREHOUSE_ID,QUANTITY) values (139,5,47);
Insert into HWL_INVENTORIES (PRODUCT_ID,WAREHOUSE_ID,QUANTITY) values (140,5,47);
Insert into HWL_INVENTORIES (PRODUCT_ID,WAREHOUSE_ID,QUANTITY) values (142,5,87);
Insert into HWL_INVENTORIES (PRODUCT_ID,WAREHOUSE_ID,QUANTITY) values (144,5,49);
Insert into HWL_INVENTORIES (PRODUCT_ID,WAREHOUSE_ID,QUANTITY) values (145,5,49);
Insert into HWL_INVENTORIES (PRODUCT_ID,WAREHOUSE_ID,QUANTITY) values (146,5,50);
Insert into HWL_INVENTORIES (PRODUCT_ID,WAREHOUSE_ID,QUANTITY) values (147,5,50);
Insert into HWL_INVENTORIES (PRODUCT_ID,WAREHOUSE_ID,QUANTITY) values (148,5,50);
Insert into HWL_INVENTORIES (PRODUCT_ID,WAREHOUSE_ID,QUANTITY) values (149,5,50);
Insert into HWL_INVENTORIES (PRODUCT_ID,WAREHOUSE_ID,QUANTITY) values (150,5,54);
Insert into HWL_INVENTORIES (PRODUCT_ID,WAREHOUSE_ID,QUANTITY) values (151,5,54);
Insert into HWL_INVENTORIES (PRODUCT_ID,WAREHOUSE_ID,QUANTITY) values (152,5,54);
Insert into HWL_INVENTORIES (PRODUCT_ID,WAREHOUSE_ID,QUANTITY) values (159,5,63);
Insert into HWL_INVENTORIES (PRODUCT_ID,WAREHOUSE_ID,QUANTITY) values (160,5,69);
Insert into HWL_INVENTORIES (PRODUCT_ID,WAREHOUSE_ID,QUANTITY) values (161,5,84);
Insert into HWL_INVENTORIES (PRODUCT_ID,WAREHOUSE_ID,QUANTITY) values (163,5,83);
Insert into HWL_INVENTORIES (PRODUCT_ID,WAREHOUSE_ID,QUANTITY) values (168,5,92);
Insert into HWL_INVENTORIES (PRODUCT_ID,WAREHOUSE_ID,QUANTITY) values (174,5,122);
Insert into HWL_INVENTORIES (PRODUCT_ID,WAREHOUSE_ID,QUANTITY) values (175,5,122);
Insert into HWL_INVENTORIES (PRODUCT_ID,WAREHOUSE_ID,QUANTITY) values (182,5,184);
Insert into HWL_INVENTORIES (PRODUCT_ID,WAREHOUSE_ID,QUANTITY) values (184,5,184);
Insert into HWL_INVENTORIES (PRODUCT_ID,WAREHOUSE_ID,QUANTITY) values (185,5,185);
Insert into HWL_INVENTORIES (PRODUCT_ID,WAREHOUSE_ID,QUANTITY) values (207,5,157);
Insert into HWL_INVENTORIES (PRODUCT_ID,WAREHOUSE_ID,QUANTITY) values (216,5,161);
Insert into HWL_INVENTORIES (PRODUCT_ID,WAREHOUSE_ID,QUANTITY) values (220,5,208);
Insert into HWL_INVENTORIES (PRODUCT_ID,WAREHOUSE_ID,QUANTITY) values (221,5,209);
Insert into HWL_INVENTORIES (PRODUCT_ID,WAREHOUSE_ID,QUANTITY) values (222,5,209);
Insert into HWL_INVENTORIES (PRODUCT_ID,WAREHOUSE_ID,QUANTITY) values (223,5,209);
Insert into HWL_INVENTORIES (PRODUCT_ID,WAREHOUSE_ID,QUANTITY) values (229,5,163);
Insert into HWL_INVENTORIES (PRODUCT_ID,WAREHOUSE_ID,QUANTITY) values (230,5,163);
Insert into HWL_INVENTORIES (PRODUCT_ID,WAREHOUSE_ID,QUANTITY) values (231,5,163);
Insert into HWL_INVENTORIES (PRODUCT_ID,WAREHOUSE_ID,QUANTITY) values (232,5,163);
Insert into HWL_INVENTORIES (PRODUCT_ID,WAREHOUSE_ID,QUANTITY) values (233,5,164);
Insert into HWL_INVENTORIES (PRODUCT_ID,WAREHOUSE_ID,QUANTITY) values (234,5,164);
Insert into HWL_INVENTORIES (PRODUCT_ID,WAREHOUSE_ID,QUANTITY) values (235,5,164);
Insert into HWL_INVENTORIES (PRODUCT_ID,WAREHOUSE_ID,QUANTITY) values (236,5,164);
Insert into HWL_INVENTORIES (PRODUCT_ID,WAREHOUSE_ID,QUANTITY) values (237,5,164);
Insert into HWL_INVENTORIES (PRODUCT_ID,WAREHOUSE_ID,QUANTITY) values (238,5,165);
Insert into HWL_INVENTORIES (PRODUCT_ID,WAREHOUSE_ID,QUANTITY) values (239,5,165);
Insert into HWL_INVENTORIES (PRODUCT_ID,WAREHOUSE_ID,QUANTITY) values (241,5,157);
Insert into HWL_INVENTORIES (PRODUCT_ID,WAREHOUSE_ID,QUANTITY) values (242,5,157);
Insert into HWL_INVENTORIES (PRODUCT_ID,WAREHOUSE_ID,QUANTITY) values (243,5,157);
Insert into HWL_INVENTORIES (PRODUCT_ID,WAREHOUSE_ID,QUANTITY) values (245,5,173);
Insert into HWL_INVENTORIES (PRODUCT_ID,WAREHOUSE_ID,QUANTITY) values (254,5,175);
Insert into HWL_INVENTORIES (PRODUCT_ID,WAREHOUSE_ID,QUANTITY) values (255,5,175);
Insert into HWL_INVENTORIES (PRODUCT_ID,WAREHOUSE_ID,QUANTITY) values (256,5,175);
Insert into HWL_INVENTORIES (PRODUCT_ID,WAREHOUSE_ID,QUANTITY) values (257,5,176);
Insert into HWL_INVENTORIES (PRODUCT_ID,WAREHOUSE_ID,QUANTITY) values (258,5,176);
Insert into HWL_INVENTORIES (PRODUCT_ID,WAREHOUSE_ID,QUANTITY) values (259,5,176);
Insert into HWL_INVENTORIES (PRODUCT_ID,WAREHOUSE_ID,QUANTITY) values (260,5,176);
Insert into HWL_INVENTORIES (PRODUCT_ID,WAREHOUSE_ID,QUANTITY) values (261,5,176);
Insert into HWL_INVENTORIES (PRODUCT_ID,WAREHOUSE_ID,QUANTITY) values (262,5,177);
Insert into HWL_INVENTORIES (PRODUCT_ID,WAREHOUSE_ID,QUANTITY) values (263,5,177);
Insert into HWL_INVENTORIES (PRODUCT_ID,WAREHOUSE_ID,QUANTITY) values (264,5,177);
Insert into HWL_INVENTORIES (PRODUCT_ID,WAREHOUSE_ID,QUANTITY) values (265,5,177);
Insert into HWL_INVENTORIES (PRODUCT_ID,WAREHOUSE_ID,QUANTITY) values (269,5,237);
Insert into HWL_INVENTORIES (PRODUCT_ID,WAREHOUSE_ID,QUANTITY) values (270,5,237);
Insert into HWL_INVENTORIES (PRODUCT_ID,WAREHOUSE_ID,QUANTITY) values (273,5,199);
Insert into HWL_INVENTORIES (PRODUCT_ID,WAREHOUSE_ID,QUANTITY) values (279,5,193);
Insert into HWL_INVENTORIES (PRODUCT_ID,WAREHOUSE_ID,QUANTITY) values (280,5,194);
Insert into HWL_INVENTORIES (PRODUCT_ID,WAREHOUSE_ID,QUANTITY) values (281,5,203);
Insert into HWL_INVENTORIES (PRODUCT_ID,WAREHOUSE_ID,QUANTITY) values (284,5,220);
Insert into HWL_INVENTORIES (PRODUCT_ID,WAREHOUSE_ID,QUANTITY) values (285,5,216);
Insert into HWL_INVENTORIES (PRODUCT_ID,WAREHOUSE_ID,QUANTITY) values (286,5,216);
Insert into HWL_INVENTORIES (PRODUCT_ID,WAREHOUSE_ID,QUANTITY) values (2,6,58);
Insert into HWL_INVENTORIES (PRODUCT_ID,WAREHOUSE_ID,QUANTITY) values (3,6,29);
Insert into HWL_INVENTORIES (PRODUCT_ID,WAREHOUSE_ID,QUANTITY) values (4,6,30);
Insert into HWL_INVENTORIES (PRODUCT_ID,WAREHOUSE_ID,QUANTITY) values (5,6,30);
Insert into HWL_INVENTORIES (PRODUCT_ID,WAREHOUSE_ID,QUANTITY) values (6,6,30);
Insert into HWL_INVENTORIES (PRODUCT_ID,WAREHOUSE_ID,QUANTITY) values (7,6,30);
Insert into HWL_INVENTORIES (PRODUCT_ID,WAREHOUSE_ID,QUANTITY) values (8,6,30);
Insert into HWL_INVENTORIES (PRODUCT_ID,WAREHOUSE_ID,QUANTITY) values (9,6,31);
Insert into HWL_INVENTORIES (PRODUCT_ID,WAREHOUSE_ID,QUANTITY) values (11,6,31);
Insert into HWL_INVENTORIES (PRODUCT_ID,WAREHOUSE_ID,QUANTITY) values (12,6,32);
Insert into HWL_INVENTORIES (PRODUCT_ID,WAREHOUSE_ID,QUANTITY) values (13,6,32);
Insert into HWL_INVENTORIES (PRODUCT_ID,WAREHOUSE_ID,QUANTITY) values (14,6,32);
Insert into HWL_INVENTORIES (PRODUCT_ID,WAREHOUSE_ID,QUANTITY) values (15,6,33);
Insert into HWL_INVENTORIES (PRODUCT_ID,WAREHOUSE_ID,QUANTITY) values (17,6,34);
Insert into HWL_INVENTORIES (PRODUCT_ID,WAREHOUSE_ID,QUANTITY) values (18,6,35);
Insert into HWL_INVENTORIES (PRODUCT_ID,WAREHOUSE_ID,QUANTITY) values (19,6,35);
Insert into HWL_INVENTORIES (PRODUCT_ID,WAREHOUSE_ID,QUANTITY) values (20,6,35);
Insert into HWL_INVENTORIES (PRODUCT_ID,WAREHOUSE_ID,QUANTITY) values (21,6,36);
Insert into HWL_INVENTORIES (PRODUCT_ID,WAREHOUSE_ID,QUANTITY) values (22,6,62);
Insert into HWL_INVENTORIES (PRODUCT_ID,WAREHOUSE_ID,QUANTITY) values (23,6,62);
Insert into HWL_INVENTORIES (PRODUCT_ID,WAREHOUSE_ID,QUANTITY) values (24,6,62);
Insert into HWL_INVENTORIES (PRODUCT_ID,WAREHOUSE_ID,QUANTITY) values (25,6,62);
Insert into HWL_INVENTORIES (PRODUCT_ID,WAREHOUSE_ID,QUANTITY) values (26,6,63);
Insert into HWL_INVENTORIES (PRODUCT_ID,WAREHOUSE_ID,QUANTITY) values (27,6,37);
Insert into HWL_INVENTORIES (PRODUCT_ID,WAREHOUSE_ID,QUANTITY) values (29,6,38);
Insert into HWL_INVENTORIES (PRODUCT_ID,WAREHOUSE_ID,QUANTITY) values (30,6,38);
Insert into HWL_INVENTORIES (PRODUCT_ID,WAREHOUSE_ID,QUANTITY) values (31,6,39);
Insert into HWL_INVENTORIES (PRODUCT_ID,WAREHOUSE_ID,QUANTITY) values (32,6,39);
Insert into HWL_INVENTORIES (PRODUCT_ID,WAREHOUSE_ID,QUANTITY) values (33,6,65);
Insert into HWL_INVENTORIES (PRODUCT_ID,WAREHOUSE_ID,QUANTITY) values (34,6,39);
Insert into HWL_INVENTORIES (PRODUCT_ID,WAREHOUSE_ID,QUANTITY) values (35,6,66);
Insert into HWL_INVENTORIES (PRODUCT_ID,WAREHOUSE_ID,QUANTITY) values (36,6,66);
Insert into HWL_INVENTORIES (PRODUCT_ID,WAREHOUSE_ID,QUANTITY) values (37,6,66);
Insert into HWL_INVENTORIES (PRODUCT_ID,WAREHOUSE_ID,QUANTITY) values (38,6,66);
Insert into HWL_INVENTORIES (PRODUCT_ID,WAREHOUSE_ID,QUANTITY) values (39,6,66);
Insert into HWL_INVENTORIES (PRODUCT_ID,WAREHOUSE_ID,QUANTITY) values (40,6,67);
Insert into HWL_INVENTORIES (PRODUCT_ID,WAREHOUSE_ID,QUANTITY) values (41,6,67);
Insert into HWL_INVENTORIES (PRODUCT_ID,WAREHOUSE_ID,QUANTITY) values (42,6,69);
Insert into HWL_INVENTORIES (PRODUCT_ID,WAREHOUSE_ID,QUANTITY) values (43,6,69);
Insert into HWL_INVENTORIES (PRODUCT_ID,WAREHOUSE_ID,QUANTITY) values (44,6,70);
Insert into HWL_INVENTORIES (PRODUCT_ID,WAREHOUSE_ID,QUANTITY) values (46,6,29);
Insert into HWL_INVENTORIES (PRODUCT_ID,WAREHOUSE_ID,QUANTITY) values (47,6,33);
Insert into HWL_INVENTORIES (PRODUCT_ID,WAREHOUSE_ID,QUANTITY) values (50,6,84);
Insert into HWL_INVENTORIES (PRODUCT_ID,WAREHOUSE_ID,QUANTITY) values (54,6,66);
Insert into HWL_INVENTORIES (PRODUCT_ID,WAREHOUSE_ID,QUANTITY) values (56,6,58);
Insert into HWL_INVENTORIES (PRODUCT_ID,WAREHOUSE_ID,QUANTITY) values (57,6,66);
Insert into HWL_INVENTORIES (PRODUCT_ID,WAREHOUSE_ID,QUANTITY) values (62,6,30);
Insert into HWL_INVENTORIES (PRODUCT_ID,WAREHOUSE_ID,QUANTITY) values (63,6,30);
Insert into HWL_INVENTORIES (PRODUCT_ID,WAREHOUSE_ID,QUANTITY) values (67,6,34);
Insert into HWL_INVENTORIES (PRODUCT_ID,WAREHOUSE_ID,QUANTITY) values (68,6,35);
Insert into HWL_INVENTORIES (PRODUCT_ID,WAREHOUSE_ID,QUANTITY) values (69,6,35);
Insert into HWL_INVENTORIES (PRODUCT_ID,WAREHOUSE_ID,QUANTITY) values (70,6,35);
Insert into HWL_INVENTORIES (PRODUCT_ID,WAREHOUSE_ID,QUANTITY) values (71,6,35);
Insert into HWL_INVENTORIES (PRODUCT_ID,WAREHOUSE_ID,QUANTITY) values (72,6,35);
Insert into HWL_INVENTORIES (PRODUCT_ID,WAREHOUSE_ID,QUANTITY) values (73,6,63);
Insert into HWL_INVENTORIES (PRODUCT_ID,WAREHOUSE_ID,QUANTITY) values (74,6,63);
Insert into HWL_INVENTORIES (PRODUCT_ID,WAREHOUSE_ID,QUANTITY) values (76,6,64);
Insert into HWL_INVENTORIES (PRODUCT_ID,WAREHOUSE_ID,QUANTITY) values (78,6,65);
Insert into HWL_INVENTORIES (PRODUCT_ID,WAREHOUSE_ID,QUANTITY) values (79,6,65);
Insert into HWL_INVENTORIES (PRODUCT_ID,WAREHOUSE_ID,QUANTITY) values (80,6,65);
Insert into HWL_INVENTORIES (PRODUCT_ID,WAREHOUSE_ID,QUANTITY) values (84,6,69);
Insert into HWL_INVENTORIES (PRODUCT_ID,WAREHOUSE_ID,QUANTITY) values (87,6,71);
Insert into HWL_INVENTORIES (PRODUCT_ID,WAREHOUSE_ID,QUANTITY) values (88,6,44);
Insert into HWL_INVENTORIES (PRODUCT_ID,WAREHOUSE_ID,QUANTITY) values (89,6,45);
Insert into HWL_INVENTORIES (PRODUCT_ID,WAREHOUSE_ID,QUANTITY) values (90,6,45);
Insert into HWL_INVENTORIES (PRODUCT_ID,WAREHOUSE_ID,QUANTITY) values (91,6,58);
Insert into HWL_INVENTORIES (PRODUCT_ID,WAREHOUSE_ID,QUANTITY) values (94,6,71);
Insert into HWL_INVENTORIES (PRODUCT_ID,WAREHOUSE_ID,QUANTITY) values (95,6,60);
Insert into HWL_INVENTORIES (PRODUCT_ID,WAREHOUSE_ID,QUANTITY) values (96,6,60);
Insert into HWL_INVENTORIES (PRODUCT_ID,WAREHOUSE_ID,QUANTITY) values (98,6,72);
Insert into HWL_INVENTORIES (PRODUCT_ID,WAREHOUSE_ID,QUANTITY) values (99,6,73);
Insert into HWL_INVENTORIES (PRODUCT_ID,WAREHOUSE_ID,QUANTITY) values (100,6,74);
Insert into HWL_INVENTORIES (PRODUCT_ID,WAREHOUSE_ID,QUANTITY) values (101,6,51);
Insert into HWL_INVENTORIES (PRODUCT_ID,WAREHOUSE_ID,QUANTITY) values (102,6,76);
Insert into HWL_INVENTORIES (PRODUCT_ID,WAREHOUSE_ID,QUANTITY) values (103,6,53);
Insert into HWL_INVENTORIES (PRODUCT_ID,WAREHOUSE_ID,QUANTITY) values (104,6,71);
Insert into HWL_INVENTORIES (PRODUCT_ID,WAREHOUSE_ID,QUANTITY) values (105,6,53);
Insert into HWL_INVENTORIES (PRODUCT_ID,WAREHOUSE_ID,QUANTITY) values (106,6,53);
Insert into HWL_INVENTORIES (PRODUCT_ID,WAREHOUSE_ID,QUANTITY) values (107,6,53);
Insert into HWL_INVENTORIES (PRODUCT_ID,WAREHOUSE_ID,QUANTITY) values (108,6,54);
Insert into HWL_INVENTORIES (PRODUCT_ID,WAREHOUSE_ID,QUANTITY) values (109,6,54);
Insert into HWL_INVENTORIES (PRODUCT_ID,WAREHOUSE_ID,QUANTITY) values (110,6,54);
Insert into HWL_INVENTORIES (PRODUCT_ID,WAREHOUSE_ID,QUANTITY) values (114,6,55);
Insert into HWL_INVENTORIES (PRODUCT_ID,WAREHOUSE_ID,QUANTITY) values (115,6,56);
Insert into HWL_INVENTORIES (PRODUCT_ID,WAREHOUSE_ID,QUANTITY) values (116,6,56);
Insert into HWL_INVENTORIES (PRODUCT_ID,WAREHOUSE_ID,QUANTITY) values (117,6,57);
Insert into HWL_INVENTORIES (PRODUCT_ID,WAREHOUSE_ID,QUANTITY) values (119,6,58);
Insert into HWL_INVENTORIES (PRODUCT_ID,WAREHOUSE_ID,QUANTITY) values (120,6,58);
Insert into HWL_INVENTORIES (PRODUCT_ID,WAREHOUSE_ID,QUANTITY) values (121,6,58);
Insert into HWL_INVENTORIES (PRODUCT_ID,WAREHOUSE_ID,QUANTITY) values (122,6,58);
Insert into HWL_INVENTORIES (PRODUCT_ID,WAREHOUSE_ID,QUANTITY) values (123,6,59);
Insert into HWL_INVENTORIES (PRODUCT_ID,WAREHOUSE_ID,QUANTITY) values (124,6,59);
Insert into HWL_INVENTORIES (PRODUCT_ID,WAREHOUSE_ID,QUANTITY) values (125,6,59);
Insert into HWL_INVENTORIES (PRODUCT_ID,WAREHOUSE_ID,QUANTITY) values (126,6,59);
Insert into HWL_INVENTORIES (PRODUCT_ID,WAREHOUSE_ID,QUANTITY) values (128,6,59);
Insert into HWL_INVENTORIES (PRODUCT_ID,WAREHOUSE_ID,QUANTITY) values (129,6,60);
Insert into HWL_INVENTORIES (PRODUCT_ID,WAREHOUSE_ID,QUANTITY) values (130,6,78);
Insert into HWL_INVENTORIES (PRODUCT_ID,WAREHOUSE_ID,QUANTITY) values (131,6,29);
Insert into HWL_INVENTORIES (PRODUCT_ID,WAREHOUSE_ID,QUANTITY) values (132,6,60);
Insert into HWL_INVENTORIES (PRODUCT_ID,WAREHOUSE_ID,QUANTITY) values (133,6,60);
Insert into HWL_INVENTORIES (PRODUCT_ID,WAREHOUSE_ID,QUANTITY) values (134,6,29);
Insert into HWL_INVENTORIES (PRODUCT_ID,WAREHOUSE_ID,QUANTITY) values (135,6,29);
Insert into HWL_INVENTORIES (PRODUCT_ID,WAREHOUSE_ID,QUANTITY) values (136,6,61);
Insert into HWL_INVENTORIES (PRODUCT_ID,WAREHOUSE_ID,QUANTITY) values (137,6,65);
Insert into HWL_INVENTORIES (PRODUCT_ID,WAREHOUSE_ID,QUANTITY) values (138,6,66);
Insert into HWL_INVENTORIES (PRODUCT_ID,WAREHOUSE_ID,QUANTITY) values (139,6,34);
Insert into HWL_INVENTORIES (PRODUCT_ID,WAREHOUSE_ID,QUANTITY) values (140,6,34);
Insert into HWL_INVENTORIES (PRODUCT_ID,WAREHOUSE_ID,QUANTITY) values (141,6,68);
Insert into HWL_INVENTORIES (PRODUCT_ID,WAREHOUSE_ID,QUANTITY) values (142,6,69);
Insert into HWL_INVENTORIES (PRODUCT_ID,WAREHOUSE_ID,QUANTITY) values (144,6,36);
Insert into HWL_INVENTORIES (PRODUCT_ID,WAREHOUSE_ID,QUANTITY) values (145,6,36);
Insert into HWL_INVENTORIES (PRODUCT_ID,WAREHOUSE_ID,QUANTITY) values (146,6,37);
Insert into HWL_INVENTORIES (PRODUCT_ID,WAREHOUSE_ID,QUANTITY) values (147,6,37);
Insert into HWL_INVENTORIES (PRODUCT_ID,WAREHOUSE_ID,QUANTITY) values (148,6,37);
Insert into HWL_INVENTORIES (PRODUCT_ID,WAREHOUSE_ID,QUANTITY) values (149,6,37);
Insert into HWL_INVENTORIES (PRODUCT_ID,WAREHOUSE_ID,QUANTITY) values (150,6,41);
Insert into HWL_INVENTORIES (PRODUCT_ID,WAREHOUSE_ID,QUANTITY) values (151,6,41);
Insert into HWL_INVENTORIES (PRODUCT_ID,WAREHOUSE_ID,QUANTITY) values (152,6,41);
Insert into HWL_INVENTORIES (PRODUCT_ID,WAREHOUSE_ID,QUANTITY) values (157,6,42);
Insert into HWL_INVENTORIES (PRODUCT_ID,WAREHOUSE_ID,QUANTITY) values (159,6,51);
Insert into HWL_INVENTORIES (PRODUCT_ID,WAREHOUSE_ID,QUANTITY) values (160,6,57);
Insert into HWL_INVENTORIES (PRODUCT_ID,WAREHOUSE_ID,QUANTITY) values (161,6,72);
Insert into HWL_INVENTORIES (PRODUCT_ID,WAREHOUSE_ID,QUANTITY) values (163,6,71);
Insert into HWL_INVENTORIES (PRODUCT_ID,WAREHOUSE_ID,QUANTITY) values (166,6,90);
Insert into HWL_INVENTORIES (PRODUCT_ID,WAREHOUSE_ID,QUANTITY) values (168,6,80);
Insert into HWL_INVENTORIES (PRODUCT_ID,WAREHOUSE_ID,QUANTITY) values (170,6,81);
Insert into HWL_INVENTORIES (PRODUCT_ID,WAREHOUSE_ID,QUANTITY) values (172,6,85);
Insert into HWL_INVENTORIES (PRODUCT_ID,WAREHOUSE_ID,QUANTITY) values (173,6,94);
Insert into HWL_INVENTORIES (PRODUCT_ID,WAREHOUSE_ID,QUANTITY) values (174,6,110);
Insert into HWL_INVENTORIES (PRODUCT_ID,WAREHOUSE_ID,QUANTITY) values (175,6,110);
Insert into HWL_INVENTORIES (PRODUCT_ID,WAREHOUSE_ID,QUANTITY) values (182,6,163);
Insert into HWL_INVENTORIES (PRODUCT_ID,WAREHOUSE_ID,QUANTITY) values (184,6,164);
Insert into HWL_INVENTORIES (PRODUCT_ID,WAREHOUSE_ID,QUANTITY) values (185,6,164);
Insert into HWL_INVENTORIES (PRODUCT_ID,WAREHOUSE_ID,QUANTITY) values (188,6,172);
Insert into HWL_INVENTORIES (PRODUCT_ID,WAREHOUSE_ID,QUANTITY) values (189,6,172);
Insert into HWL_INVENTORIES (PRODUCT_ID,WAREHOUSE_ID,QUANTITY) values (190,6,173);
Insert into HWL_INVENTORIES (PRODUCT_ID,WAREHOUSE_ID,QUANTITY) values (191,6,173);
Insert into HWL_INVENTORIES (PRODUCT_ID,WAREHOUSE_ID,QUANTITY) values (193,6,174);
Insert into HWL_INVENTORIES (PRODUCT_ID,WAREHOUSE_ID,QUANTITY) values (195,6,175);
Insert into HWL_INVENTORIES (PRODUCT_ID,WAREHOUSE_ID,QUANTITY) values (196,6,175);
Insert into HWL_INVENTORIES (PRODUCT_ID,WAREHOUSE_ID,QUANTITY) values (198,6,176);
Insert into HWL_INVENTORIES (PRODUCT_ID,WAREHOUSE_ID,QUANTITY) values (199,6,176);
Insert into HWL_INVENTORIES (PRODUCT_ID,WAREHOUSE_ID,QUANTITY) values (200,6,177);
Insert into HWL_INVENTORIES (PRODUCT_ID,WAREHOUSE_ID,QUANTITY) values (201,6,177);
Insert into HWL_INVENTORIES (PRODUCT_ID,WAREHOUSE_ID,QUANTITY) values (203,6,177);
Insert into HWL_INVENTORIES (PRODUCT_ID,WAREHOUSE_ID,QUANTITY) values (204,6,178);
Insert into HWL_INVENTORIES (PRODUCT_ID,WAREHOUSE_ID,QUANTITY) values (205,6,178);
Insert into HWL_INVENTORIES (PRODUCT_ID,WAREHOUSE_ID,QUANTITY) values (207,6,145);
Insert into HWL_INVENTORIES (PRODUCT_ID,WAREHOUSE_ID,QUANTITY) values (210,6,146);
Insert into HWL_INVENTORIES (PRODUCT_ID,WAREHOUSE_ID,QUANTITY) values (211,6,147);
Insert into HWL_INVENTORIES (PRODUCT_ID,WAREHOUSE_ID,QUANTITY) values (212,6,147);
Insert into HWL_INVENTORIES (PRODUCT_ID,WAREHOUSE_ID,QUANTITY) values (214,6,148);
Insert into HWL_INVENTORIES (PRODUCT_ID,WAREHOUSE_ID,QUANTITY) values (216,6,149);
Insert into HWL_INVENTORIES (PRODUCT_ID,WAREHOUSE_ID,QUANTITY) values (217,6,149);
Insert into HWL_INVENTORIES (PRODUCT_ID,WAREHOUSE_ID,QUANTITY) values (218,6,150);
Insert into HWL_INVENTORIES (PRODUCT_ID,WAREHOUSE_ID,QUANTITY) values (220,6,185);
Insert into HWL_INVENTORIES (PRODUCT_ID,WAREHOUSE_ID,QUANTITY) values (221,6,185);
Insert into HWL_INVENTORIES (PRODUCT_ID,WAREHOUSE_ID,QUANTITY) values (222,6,186);
Insert into HWL_INVENTORIES (PRODUCT_ID,WAREHOUSE_ID,QUANTITY) values (223,6,186);
Insert into HWL_INVENTORIES (PRODUCT_ID,WAREHOUSE_ID,QUANTITY) values (227,6,141);
Insert into HWL_INVENTORIES (PRODUCT_ID,WAREHOUSE_ID,QUANTITY) values (228,6,141);
Insert into HWL_INVENTORIES (PRODUCT_ID,WAREHOUSE_ID,QUANTITY) values (229,6,149);
Insert into HWL_INVENTORIES (PRODUCT_ID,WAREHOUSE_ID,QUANTITY) values (230,6,149);
Insert into HWL_INVENTORIES (PRODUCT_ID,WAREHOUSE_ID,QUANTITY) values (231,6,150);
Insert into HWL_INVENTORIES (PRODUCT_ID,WAREHOUSE_ID,QUANTITY) values (232,6,150);
Insert into HWL_INVENTORIES (PRODUCT_ID,WAREHOUSE_ID,QUANTITY) values (233,6,150);
Insert into HWL_INVENTORIES (PRODUCT_ID,WAREHOUSE_ID,QUANTITY) values (234,6,150);
Insert into HWL_INVENTORIES (PRODUCT_ID,WAREHOUSE_ID,QUANTITY) values (235,6,150);
Insert into HWL_INVENTORIES (PRODUCT_ID,WAREHOUSE_ID,QUANTITY) values (236,6,151);
Insert into HWL_INVENTORIES (PRODUCT_ID,WAREHOUSE_ID,QUANTITY) values (237,6,151);
Insert into HWL_INVENTORIES (PRODUCT_ID,WAREHOUSE_ID,QUANTITY) values (238,6,151);
Insert into HWL_INVENTORIES (PRODUCT_ID,WAREHOUSE_ID,QUANTITY) values (239,6,151);
Insert into HWL_INVENTORIES (PRODUCT_ID,WAREHOUSE_ID,QUANTITY) values (241,6,145);
Insert into HWL_INVENTORIES (PRODUCT_ID,WAREHOUSE_ID,QUANTITY) values (242,6,145);
Insert into HWL_INVENTORIES (PRODUCT_ID,WAREHOUSE_ID,QUANTITY) values (243,6,145);
Insert into HWL_INVENTORIES (PRODUCT_ID,WAREHOUSE_ID,QUANTITY) values (245,6,161);
Insert into HWL_INVENTORIES (PRODUCT_ID,WAREHOUSE_ID,QUANTITY) values (247,6,148);
Insert into HWL_INVENTORIES (PRODUCT_ID,WAREHOUSE_ID,QUANTITY) values (251,6,150);
Insert into HWL_INVENTORIES (PRODUCT_ID,WAREHOUSE_ID,QUANTITY) values (254,6,161);
Insert into HWL_INVENTORIES (PRODUCT_ID,WAREHOUSE_ID,QUANTITY) values (255,6,162);
Insert into HWL_INVENTORIES (PRODUCT_ID,WAREHOUSE_ID,QUANTITY) values (256,6,162);
Insert into HWL_INVENTORIES (PRODUCT_ID,WAREHOUSE_ID,QUANTITY) values (257,6,162);
Insert into HWL_INVENTORIES (PRODUCT_ID,WAREHOUSE_ID,QUANTITY) values (258,6,162);
Insert into HWL_INVENTORIES (PRODUCT_ID,WAREHOUSE_ID,QUANTITY) values (259,6,162);
Insert into HWL_INVENTORIES (PRODUCT_ID,WAREHOUSE_ID,QUANTITY) values (260,6,163);
Insert into HWL_INVENTORIES (PRODUCT_ID,WAREHOUSE_ID,QUANTITY) values (261,6,163);
Insert into HWL_INVENTORIES (PRODUCT_ID,WAREHOUSE_ID,QUANTITY) values (262,6,163);
Insert into HWL_INVENTORIES (PRODUCT_ID,WAREHOUSE_ID,QUANTITY) values (263,6,163);
Insert into HWL_INVENTORIES (PRODUCT_ID,WAREHOUSE_ID,QUANTITY) values (264,6,163);
Insert into HWL_INVENTORIES (PRODUCT_ID,WAREHOUSE_ID,QUANTITY) values (265,6,164);
Insert into HWL_INVENTORIES (PRODUCT_ID,WAREHOUSE_ID,QUANTITY) values (269,6,214);
Insert into HWL_INVENTORIES (PRODUCT_ID,WAREHOUSE_ID,QUANTITY) values (270,6,214);
Insert into HWL_INVENTORIES (PRODUCT_ID,WAREHOUSE_ID,QUANTITY) values (271,6,221);
Insert into HWL_INVENTORIES (PRODUCT_ID,WAREHOUSE_ID,QUANTITY) values (272,6,222);
Insert into HWL_INVENTORIES (PRODUCT_ID,WAREHOUSE_ID,QUANTITY) values (273,6,184);
Insert into HWL_INVENTORIES (PRODUCT_ID,WAREHOUSE_ID,QUANTITY) values (274,6,184);
Insert into HWL_INVENTORIES (PRODUCT_ID,WAREHOUSE_ID,QUANTITY) values (276,6,225);
Insert into HWL_INVENTORIES (PRODUCT_ID,WAREHOUSE_ID,QUANTITY) values (277,6,225);
Insert into HWL_INVENTORIES (PRODUCT_ID,WAREHOUSE_ID,QUANTITY) values (278,6,226);
Insert into HWL_INVENTORIES (PRODUCT_ID,WAREHOUSE_ID,QUANTITY) values (279,6,180);
Insert into HWL_INVENTORIES (PRODUCT_ID,WAREHOUSE_ID,QUANTITY) values (280,6,180);
Insert into HWL_INVENTORIES (PRODUCT_ID,WAREHOUSE_ID,QUANTITY) values (281,6,191);
Insert into HWL_INVENTORIES (PRODUCT_ID,WAREHOUSE_ID,QUANTITY) values (283,6,232);
Insert into HWL_INVENTORIES (PRODUCT_ID,WAREHOUSE_ID,QUANTITY) values (284,6,320);
Insert into HWL_INVENTORIES (PRODUCT_ID,WAREHOUSE_ID,QUANTITY) values (285,6,202);
Insert into HWL_INVENTORIES (PRODUCT_ID,WAREHOUSE_ID,QUANTITY) values (286,6,203);
Insert into HWL_INVENTORIES (PRODUCT_ID,WAREHOUSE_ID,QUANTITY) values (287,6,212);
Insert into HWL_INVENTORIES (PRODUCT_ID,WAREHOUSE_ID,QUANTITY) values (288,6,213);
Insert into HWL_INVENTORIES (PRODUCT_ID,WAREHOUSE_ID,QUANTITY) values (2,7,46);
Insert into HWL_INVENTORIES (PRODUCT_ID,WAREHOUSE_ID,QUANTITY) values (3,7,63);
Insert into HWL_INVENTORIES (PRODUCT_ID,WAREHOUSE_ID,QUANTITY) values (4,7,63);
Insert into HWL_INVENTORIES (PRODUCT_ID,WAREHOUSE_ID,QUANTITY) values (5,7,63);
Insert into HWL_INVENTORIES (PRODUCT_ID,WAREHOUSE_ID,QUANTITY) values (6,7,63);
Insert into HWL_INVENTORIES (PRODUCT_ID,WAREHOUSE_ID,QUANTITY) values (11,7,65);
Insert into HWL_INVENTORIES (PRODUCT_ID,WAREHOUSE_ID,QUANTITY) values (12,7,65);
Insert into HWL_INVENTORIES (PRODUCT_ID,WAREHOUSE_ID,QUANTITY) values (22,7,50);
Insert into HWL_INVENTORIES (PRODUCT_ID,WAREHOUSE_ID,QUANTITY) values (23,7,50);
Insert into HWL_INVENTORIES (PRODUCT_ID,WAREHOUSE_ID,QUANTITY) values (24,7,50);
Insert into HWL_INVENTORIES (PRODUCT_ID,WAREHOUSE_ID,QUANTITY) values (25,7,51);
Insert into HWL_INVENTORIES (PRODUCT_ID,WAREHOUSE_ID,QUANTITY) values (26,7,51);
Insert into HWL_INVENTORIES (PRODUCT_ID,WAREHOUSE_ID,QUANTITY) values (33,7,53);
Insert into HWL_INVENTORIES (PRODUCT_ID,WAREHOUSE_ID,QUANTITY) values (35,7,54);
Insert into HWL_INVENTORIES (PRODUCT_ID,WAREHOUSE_ID,QUANTITY) values (36,7,54);
Insert into HWL_INVENTORIES (PRODUCT_ID,WAREHOUSE_ID,QUANTITY) values (37,7,55);
Insert into HWL_INVENTORIES (PRODUCT_ID,WAREHOUSE_ID,QUANTITY) values (38,7,55);
Insert into HWL_INVENTORIES (PRODUCT_ID,WAREHOUSE_ID,QUANTITY) values (39,7,55);
Insert into HWL_INVENTORIES (PRODUCT_ID,WAREHOUSE_ID,QUANTITY) values (40,7,55);
Insert into HWL_INVENTORIES (PRODUCT_ID,WAREHOUSE_ID,QUANTITY) values (41,7,55);
Insert into HWL_INVENTORIES (PRODUCT_ID,WAREHOUSE_ID,QUANTITY) values (42,7,57);
Insert into HWL_INVENTORIES (PRODUCT_ID,WAREHOUSE_ID,QUANTITY) values (43,7,58);
Insert into HWL_INVENTORIES (PRODUCT_ID,WAREHOUSE_ID,QUANTITY) values (44,7,58);
Insert into HWL_INVENTORIES (PRODUCT_ID,WAREHOUSE_ID,QUANTITY) values (46,7,18);
Insert into HWL_INVENTORIES (PRODUCT_ID,WAREHOUSE_ID,QUANTITY) values (47,7,22);
Insert into HWL_INVENTORIES (PRODUCT_ID,WAREHOUSE_ID,QUANTITY) values (50,7,58);
Insert into HWL_INVENTORIES (PRODUCT_ID,WAREHOUSE_ID,QUANTITY) values (80,7,53);
Insert into HWL_INVENTORIES (PRODUCT_ID,WAREHOUSE_ID,QUANTITY) values (87,7,59);
Insert into HWL_INVENTORIES (PRODUCT_ID,WAREHOUSE_ID,QUANTITY) values (88,7,27);
Insert into HWL_INVENTORIES (PRODUCT_ID,WAREHOUSE_ID,QUANTITY) values (89,7,27);
Insert into HWL_INVENTORIES (PRODUCT_ID,WAREHOUSE_ID,QUANTITY) values (90,7,27);
Insert into HWL_INVENTORIES (PRODUCT_ID,WAREHOUSE_ID,QUANTITY) values (91,7,46);
Insert into HWL_INVENTORIES (PRODUCT_ID,WAREHOUSE_ID,QUANTITY) values (94,7,57);
Insert into HWL_INVENTORIES (PRODUCT_ID,WAREHOUSE_ID,QUANTITY) values (98,7,58);
Insert into HWL_INVENTORIES (PRODUCT_ID,WAREHOUSE_ID,QUANTITY) values (99,7,60);
Insert into HWL_INVENTORIES (PRODUCT_ID,WAREHOUSE_ID,QUANTITY) values (100,7,60);
Insert into HWL_INVENTORIES (PRODUCT_ID,WAREHOUSE_ID,QUANTITY) values (102,7,62);
Insert into HWL_INVENTORIES (PRODUCT_ID,WAREHOUSE_ID,QUANTITY) values (103,7,35);
Insert into HWL_INVENTORIES (PRODUCT_ID,WAREHOUSE_ID,QUANTITY) values (104,7,58);
Insert into HWL_INVENTORIES (PRODUCT_ID,WAREHOUSE_ID,QUANTITY) values (105,7,35);
Insert into HWL_INVENTORIES (PRODUCT_ID,WAREHOUSE_ID,QUANTITY) values (108,7,36);
Insert into HWL_INVENTORIES (PRODUCT_ID,WAREHOUSE_ID,QUANTITY) values (110,7,36);
Insert into HWL_INVENTORIES (PRODUCT_ID,WAREHOUSE_ID,QUANTITY) values (114,7,37);
Insert into HWL_INVENTORIES (PRODUCT_ID,WAREHOUSE_ID,QUANTITY) values (123,7,41);
Insert into HWL_INVENTORIES (PRODUCT_ID,WAREHOUSE_ID,QUANTITY) values (130,7,66);
Insert into HWL_INVENTORIES (PRODUCT_ID,WAREHOUSE_ID,QUANTITY) values (131,7,66);
Insert into HWL_INVENTORIES (PRODUCT_ID,WAREHOUSE_ID,QUANTITY) values (132,7,45);
Insert into HWL_INVENTORIES (PRODUCT_ID,WAREHOUSE_ID,QUANTITY) values (133,7,45);
Insert into HWL_INVENTORIES (PRODUCT_ID,WAREHOUSE_ID,QUANTITY) values (134,7,17);
Insert into HWL_INVENTORIES (PRODUCT_ID,WAREHOUSE_ID,QUANTITY) values (135,7,17);
Insert into HWL_INVENTORIES (PRODUCT_ID,WAREHOUSE_ID,QUANTITY) values (139,7,21);
Insert into HWL_INVENTORIES (PRODUCT_ID,WAREHOUSE_ID,QUANTITY) values (140,7,21);
Insert into HWL_INVENTORIES (PRODUCT_ID,WAREHOUSE_ID,QUANTITY) values (142,7,51);
Insert into HWL_INVENTORIES (PRODUCT_ID,WAREHOUSE_ID,QUANTITY) values (144,7,23);
Insert into HWL_INVENTORIES (PRODUCT_ID,WAREHOUSE_ID,QUANTITY) values (145,7,23);
Insert into HWL_INVENTORIES (PRODUCT_ID,WAREHOUSE_ID,QUANTITY) values (146,7,24);
Insert into HWL_INVENTORIES (PRODUCT_ID,WAREHOUSE_ID,QUANTITY) values (147,7,24);
Insert into HWL_INVENTORIES (PRODUCT_ID,WAREHOUSE_ID,QUANTITY) values (148,7,24);
Insert into HWL_INVENTORIES (PRODUCT_ID,WAREHOUSE_ID,QUANTITY) values (149,7,24);
Insert into HWL_INVENTORIES (PRODUCT_ID,WAREHOUSE_ID,QUANTITY) values (150,7,28);
Insert into HWL_INVENTORIES (PRODUCT_ID,WAREHOUSE_ID,QUANTITY) values (151,7,28);
Insert into HWL_INVENTORIES (PRODUCT_ID,WAREHOUSE_ID,QUANTITY) values (152,7,28);
Insert into HWL_INVENTORIES (PRODUCT_ID,WAREHOUSE_ID,QUANTITY) values (159,7,39);
Insert into HWL_INVENTORIES (PRODUCT_ID,WAREHOUSE_ID,QUANTITY) values (160,7,45);
Insert into HWL_INVENTORIES (PRODUCT_ID,WAREHOUSE_ID,QUANTITY) values (161,7,60);
Insert into HWL_INVENTORIES (PRODUCT_ID,WAREHOUSE_ID,QUANTITY) values (163,7,59);
Insert into HWL_INVENTORIES (PRODUCT_ID,WAREHOUSE_ID,QUANTITY) values (168,7,68);
Insert into HWL_INVENTORIES (PRODUCT_ID,WAREHOUSE_ID,QUANTITY) values (174,7,98);
Insert into HWL_INVENTORIES (PRODUCT_ID,WAREHOUSE_ID,QUANTITY) values (175,7,98);
Insert into HWL_INVENTORIES (PRODUCT_ID,WAREHOUSE_ID,QUANTITY) values (182,7,143);
Insert into HWL_INVENTORIES (PRODUCT_ID,WAREHOUSE_ID,QUANTITY) values (184,7,143);
Insert into HWL_INVENTORIES (PRODUCT_ID,WAREHOUSE_ID,QUANTITY) values (185,7,144);
Insert into HWL_INVENTORIES (PRODUCT_ID,WAREHOUSE_ID,QUANTITY) values (207,7,133);
Insert into HWL_INVENTORIES (PRODUCT_ID,WAREHOUSE_ID,QUANTITY) values (216,7,137);
Insert into HWL_INVENTORIES (PRODUCT_ID,WAREHOUSE_ID,QUANTITY) values (220,7,167);
Insert into HWL_INVENTORIES (PRODUCT_ID,WAREHOUSE_ID,QUANTITY) values (221,7,168);
Insert into HWL_INVENTORIES (PRODUCT_ID,WAREHOUSE_ID,QUANTITY) values (222,7,168);
Insert into HWL_INVENTORIES (PRODUCT_ID,WAREHOUSE_ID,QUANTITY) values (223,7,168);
Insert into HWL_INVENTORIES (PRODUCT_ID,WAREHOUSE_ID,QUANTITY) values (229,7,136);
Insert into HWL_INVENTORIES (PRODUCT_ID,WAREHOUSE_ID,QUANTITY) values (230,7,136);
Insert into HWL_INVENTORIES (PRODUCT_ID,WAREHOUSE_ID,QUANTITY) values (231,7,136);
Insert into HWL_INVENTORIES (PRODUCT_ID,WAREHOUSE_ID,QUANTITY) values (232,7,137);
Insert into HWL_INVENTORIES (PRODUCT_ID,WAREHOUSE_ID,QUANTITY) values (233,7,137);
Insert into HWL_INVENTORIES (PRODUCT_ID,WAREHOUSE_ID,QUANTITY) values (234,7,137);
Insert into HWL_INVENTORIES (PRODUCT_ID,WAREHOUSE_ID,QUANTITY) values (235,7,137);
Insert into HWL_INVENTORIES (PRODUCT_ID,WAREHOUSE_ID,QUANTITY) values (241,7,133);
Insert into HWL_INVENTORIES (PRODUCT_ID,WAREHOUSE_ID,QUANTITY) values (242,7,133);
Insert into HWL_INVENTORIES (PRODUCT_ID,WAREHOUSE_ID,QUANTITY) values (243,7,133);
Insert into HWL_INVENTORIES (PRODUCT_ID,WAREHOUSE_ID,QUANTITY) values (245,7,149);
Insert into HWL_INVENTORIES (PRODUCT_ID,WAREHOUSE_ID,QUANTITY) values (254,7,148);
Insert into HWL_INVENTORIES (PRODUCT_ID,WAREHOUSE_ID,QUANTITY) values (255,7,148);
Insert into HWL_INVENTORIES (PRODUCT_ID,WAREHOUSE_ID,QUANTITY) values (256,7,149);
Insert into HWL_INVENTORIES (PRODUCT_ID,WAREHOUSE_ID,QUANTITY) values (257,7,149);
Insert into HWL_INVENTORIES (PRODUCT_ID,WAREHOUSE_ID,QUANTITY) values (258,7,149);
Insert into HWL_INVENTORIES (PRODUCT_ID,WAREHOUSE_ID,QUANTITY) values (259,7,149);
Insert into HWL_INVENTORIES (PRODUCT_ID,WAREHOUSE_ID,QUANTITY) values (260,7,149);
Insert into HWL_INVENTORIES (PRODUCT_ID,WAREHOUSE_ID,QUANTITY) values (263,7,150);
Insert into HWL_INVENTORIES (PRODUCT_ID,WAREHOUSE_ID,QUANTITY) values (264,7,150);
Insert into HWL_INVENTORIES (PRODUCT_ID,WAREHOUSE_ID,QUANTITY) values (269,7,196);
Insert into HWL_INVENTORIES (PRODUCT_ID,WAREHOUSE_ID,QUANTITY) values (270,7,196);
Insert into HWL_INVENTORIES (PRODUCT_ID,WAREHOUSE_ID,QUANTITY) values (273,7,170);
Insert into HWL_INVENTORIES (PRODUCT_ID,WAREHOUSE_ID,QUANTITY) values (280,7,167);
Insert into HWL_INVENTORIES (PRODUCT_ID,WAREHOUSE_ID,QUANTITY) values (281,7,179);
Insert into HWL_INVENTORIES (PRODUCT_ID,WAREHOUSE_ID,QUANTITY) values (284,7,294);
Insert into HWL_INVENTORIES (PRODUCT_ID,WAREHOUSE_ID,QUANTITY) values (285,7,189);
Insert into HWL_INVENTORIES (PRODUCT_ID,WAREHOUSE_ID,QUANTITY) values (286,7,189);
Insert into HWL_INVENTORIES (PRODUCT_ID,WAREHOUSE_ID,QUANTITY) values (2,8,34);
Insert into HWL_INVENTORIES (PRODUCT_ID,WAREHOUSE_ID,QUANTITY) values (3,8,49);
Insert into HWL_INVENTORIES (PRODUCT_ID,WAREHOUSE_ID,QUANTITY) values (4,8,49);
Insert into HWL_INVENTORIES (PRODUCT_ID,WAREHOUSE_ID,QUANTITY) values (5,8,49);
Insert into HWL_INVENTORIES (PRODUCT_ID,WAREHOUSE_ID,QUANTITY) values (6,8,50);
Insert into HWL_INVENTORIES (PRODUCT_ID,WAREHOUSE_ID,QUANTITY) values (7,8,50);
Insert into HWL_INVENTORIES (PRODUCT_ID,WAREHOUSE_ID,QUANTITY) values (8,8,50);
Insert into HWL_INVENTORIES (PRODUCT_ID,WAREHOUSE_ID,QUANTITY) values (9,8,50);
Insert into HWL_INVENTORIES (PRODUCT_ID,WAREHOUSE_ID,QUANTITY) values (11,8,51);
Insert into HWL_INVENTORIES (PRODUCT_ID,WAREHOUSE_ID,QUANTITY) values (12,8,51);
Insert into HWL_INVENTORIES (PRODUCT_ID,WAREHOUSE_ID,QUANTITY) values (13,8,51);
Insert into HWL_INVENTORIES (PRODUCT_ID,WAREHOUSE_ID,QUANTITY) values (14,8,51);
Insert into HWL_INVENTORIES (PRODUCT_ID,WAREHOUSE_ID,QUANTITY) values (15,8,52);
Insert into HWL_INVENTORIES (PRODUCT_ID,WAREHOUSE_ID,QUANTITY) values (17,8,54);
Insert into HWL_INVENTORIES (PRODUCT_ID,WAREHOUSE_ID,QUANTITY) values (18,8,54);
Insert into HWL_INVENTORIES (PRODUCT_ID,WAREHOUSE_ID,QUANTITY) values (19,8,54);
Insert into HWL_INVENTORIES (PRODUCT_ID,WAREHOUSE_ID,QUANTITY) values (20,8,5);
Insert into HWL_INVENTORIES (PRODUCT_ID,WAREHOUSE_ID,QUANTITY) values (21,8,5);
Insert into HWL_INVENTORIES (PRODUCT_ID,WAREHOUSE_ID,QUANTITY) values (22,8,38);
Insert into HWL_INVENTORIES (PRODUCT_ID,WAREHOUSE_ID,QUANTITY) values (23,8,39);
Insert into HWL_INVENTORIES (PRODUCT_ID,WAREHOUSE_ID,QUANTITY) values (24,8,39);
Insert into HWL_INVENTORIES (PRODUCT_ID,WAREHOUSE_ID,QUANTITY) values (25,8,39);
Insert into HWL_INVENTORIES (PRODUCT_ID,WAREHOUSE_ID,QUANTITY) values (26,8,39);
Insert into HWL_INVENTORIES (PRODUCT_ID,WAREHOUSE_ID,QUANTITY) values (27,8,6);
Insert into HWL_INVENTORIES (PRODUCT_ID,WAREHOUSE_ID,QUANTITY) values (29,8,7);
Insert into HWL_INVENTORIES (PRODUCT_ID,WAREHOUSE_ID,QUANTITY) values (30,8,7);
Insert into HWL_INVENTORIES (PRODUCT_ID,WAREHOUSE_ID,QUANTITY) values (31,8,8);
Insert into HWL_INVENTORIES (PRODUCT_ID,WAREHOUSE_ID,QUANTITY) values (32,8,8);
Insert into HWL_INVENTORIES (PRODUCT_ID,WAREHOUSE_ID,QUANTITY) values (33,8,42);
Insert into HWL_INVENTORIES (PRODUCT_ID,WAREHOUSE_ID,QUANTITY) values (34,8,9);
Insert into HWL_INVENTORIES (PRODUCT_ID,WAREHOUSE_ID,QUANTITY) values (35,8,42);
Insert into HWL_INVENTORIES (PRODUCT_ID,WAREHOUSE_ID,QUANTITY) values (36,8,43);
Insert into HWL_INVENTORIES (PRODUCT_ID,WAREHOUSE_ID,QUANTITY) values (37,8,43);
Insert into HWL_INVENTORIES (PRODUCT_ID,WAREHOUSE_ID,QUANTITY) values (38,8,43);
Insert into HWL_INVENTORIES (PRODUCT_ID,WAREHOUSE_ID,QUANTITY) values (39,8,43);
Insert into HWL_INVENTORIES (PRODUCT_ID,WAREHOUSE_ID,QUANTITY) values (40,8,44);
Insert into HWL_INVENTORIES (PRODUCT_ID,WAREHOUSE_ID,QUANTITY) values (41,8,44);
Insert into HWL_INVENTORIES (PRODUCT_ID,WAREHOUSE_ID,QUANTITY) values (42,8,46);
Insert into HWL_INVENTORIES (PRODUCT_ID,WAREHOUSE_ID,QUANTITY) values (43,8,46);
Insert into HWL_INVENTORIES (PRODUCT_ID,WAREHOUSE_ID,QUANTITY) values (44,8,47);
Insert into HWL_INVENTORIES (PRODUCT_ID,WAREHOUSE_ID,QUANTITY) values (46,8,7);
Insert into HWL_INVENTORIES (PRODUCT_ID,WAREHOUSE_ID,QUANTITY) values (47,8,11);
Insert into HWL_INVENTORIES (PRODUCT_ID,WAREHOUSE_ID,QUANTITY) values (50,8,32);
Insert into HWL_INVENTORIES (PRODUCT_ID,WAREHOUSE_ID,QUANTITY) values (54,8,44);
Insert into HWL_INVENTORIES (PRODUCT_ID,WAREHOUSE_ID,QUANTITY) values (62,8,47);
Insert into HWL_INVENTORIES (PRODUCT_ID,WAREHOUSE_ID,QUANTITY) values (63,8,47);
Insert into HWL_INVENTORIES (PRODUCT_ID,WAREHOUSE_ID,QUANTITY) values (67,8,49);
Insert into HWL_INVENTORIES (PRODUCT_ID,WAREHOUSE_ID,QUANTITY) values (68,8,49);
Insert into HWL_INVENTORIES (PRODUCT_ID,WAREHOUSE_ID,QUANTITY) values (69,8,50);
Insert into HWL_INVENTORIES (PRODUCT_ID,WAREHOUSE_ID,QUANTITY) values (70,8,50);
Insert into HWL_INVENTORIES (PRODUCT_ID,WAREHOUSE_ID,QUANTITY) values (71,8,50);
Insert into HWL_INVENTORIES (PRODUCT_ID,WAREHOUSE_ID,QUANTITY) values (72,8,50);
Insert into HWL_INVENTORIES (PRODUCT_ID,WAREHOUSE_ID,QUANTITY) values (73,8,39);
Insert into HWL_INVENTORIES (PRODUCT_ID,WAREHOUSE_ID,QUANTITY) values (74,8,39);
Insert into HWL_INVENTORIES (PRODUCT_ID,WAREHOUSE_ID,QUANTITY) values (76,8,40);
Insert into HWL_INVENTORIES (PRODUCT_ID,WAREHOUSE_ID,QUANTITY) values (78,8,41);
Insert into HWL_INVENTORIES (PRODUCT_ID,WAREHOUSE_ID,QUANTITY) values (79,8,41);
Insert into HWL_INVENTORIES (PRODUCT_ID,WAREHOUSE_ID,QUANTITY) values (80,8,41);
Insert into HWL_INVENTORIES (PRODUCT_ID,WAREHOUSE_ID,QUANTITY) values (84,8,45);
Insert into HWL_INVENTORIES (PRODUCT_ID,WAREHOUSE_ID,QUANTITY) values (87,8,47);
Insert into HWL_INVENTORIES (PRODUCT_ID,WAREHOUSE_ID,QUANTITY) values (88,8,12);
Insert into HWL_INVENTORIES (PRODUCT_ID,WAREHOUSE_ID,QUANTITY) values (89,8,12);
Insert into HWL_INVENTORIES (PRODUCT_ID,WAREHOUSE_ID,QUANTITY) values (90,8,13);
Insert into HWL_INVENTORIES (PRODUCT_ID,WAREHOUSE_ID,QUANTITY) values (91,8,34);
Insert into HWL_INVENTORIES (PRODUCT_ID,WAREHOUSE_ID,QUANTITY) values (94,8,44);
Insert into HWL_INVENTORIES (PRODUCT_ID,WAREHOUSE_ID,QUANTITY) values (98,8,45);
Insert into HWL_INVENTORIES (PRODUCT_ID,WAREHOUSE_ID,QUANTITY) values (99,8,47);
Insert into HWL_INVENTORIES (PRODUCT_ID,WAREHOUSE_ID,QUANTITY) values (100,8,47);
Insert into HWL_INVENTORIES (PRODUCT_ID,WAREHOUSE_ID,QUANTITY) values (101,8,18);
Insert into HWL_INVENTORIES (PRODUCT_ID,WAREHOUSE_ID,QUANTITY) values (102,8,49);
Insert into HWL_INVENTORIES (PRODUCT_ID,WAREHOUSE_ID,QUANTITY) values (103,8,20);
Insert into HWL_INVENTORIES (PRODUCT_ID,WAREHOUSE_ID,QUANTITY) values (104,8,46);
Insert into HWL_INVENTORIES (PRODUCT_ID,WAREHOUSE_ID,QUANTITY) values (105,8,20);
Insert into HWL_INVENTORIES (PRODUCT_ID,WAREHOUSE_ID,QUANTITY) values (106,8,21);
Insert into HWL_INVENTORIES (PRODUCT_ID,WAREHOUSE_ID,QUANTITY) values (107,8,21);
Insert into HWL_INVENTORIES (PRODUCT_ID,WAREHOUSE_ID,QUANTITY) values (108,8,21);
Insert into HWL_INVENTORIES (PRODUCT_ID,WAREHOUSE_ID,QUANTITY) values (109,8,21);
Insert into HWL_INVENTORIES (PRODUCT_ID,WAREHOUSE_ID,QUANTITY) values (110,8,22);
Insert into HWL_INVENTORIES (PRODUCT_ID,WAREHOUSE_ID,QUANTITY) values (114,8,23);
Insert into HWL_INVENTORIES (PRODUCT_ID,WAREHOUSE_ID,QUANTITY) values (115,8,24);
Insert into HWL_INVENTORIES (PRODUCT_ID,WAREHOUSE_ID,QUANTITY) values (116,8,24);
Insert into HWL_INVENTORIES (PRODUCT_ID,WAREHOUSE_ID,QUANTITY) values (117,8,24);
Insert into HWL_INVENTORIES (PRODUCT_ID,WAREHOUSE_ID,QUANTITY) values (119,8,25);
Insert into HWL_INVENTORIES (PRODUCT_ID,WAREHOUSE_ID,QUANTITY) values (120,8,25);
Insert into HWL_INVENTORIES (PRODUCT_ID,WAREHOUSE_ID,QUANTITY) values (121,8,25);
Insert into HWL_INVENTORIES (PRODUCT_ID,WAREHOUSE_ID,QUANTITY) values (122,8,26);
Insert into HWL_INVENTORIES (PRODUCT_ID,WAREHOUSE_ID,QUANTITY) values (123,8,26);
Insert into HWL_INVENTORIES (PRODUCT_ID,WAREHOUSE_ID,QUANTITY) values (124,8,26);
Insert into HWL_INVENTORIES (PRODUCT_ID,WAREHOUSE_ID,QUANTITY) values (125,8,26);
Insert into HWL_INVENTORIES (PRODUCT_ID,WAREHOUSE_ID,QUANTITY) values (126,8,26);
Insert into HWL_INVENTORIES (PRODUCT_ID,WAREHOUSE_ID,QUANTITY) values (128,8,27);
Insert into HWL_INVENTORIES (PRODUCT_ID,WAREHOUSE_ID,QUANTITY) values (129,8,27);
Insert into HWL_INVENTORIES (PRODUCT_ID,WAREHOUSE_ID,QUANTITY) values (130,8,53);
Insert into HWL_INVENTORIES (PRODUCT_ID,WAREHOUSE_ID,QUANTITY) values (131,8,53);
Insert into HWL_INVENTORIES (PRODUCT_ID,WAREHOUSE_ID,QUANTITY) values (132,8,28);
Insert into HWL_INVENTORIES (PRODUCT_ID,WAREHOUSE_ID,QUANTITY) values (133,8,28);
Insert into HWL_INVENTORIES (PRODUCT_ID,WAREHOUSE_ID,QUANTITY) values (134,8,54);
Insert into HWL_INVENTORIES (PRODUCT_ID,WAREHOUSE_ID,QUANTITY) values (135,8,54);
Insert into HWL_INVENTORIES (PRODUCT_ID,WAREHOUSE_ID,QUANTITY) values (136,8,28);
Insert into HWL_INVENTORIES (PRODUCT_ID,WAREHOUSE_ID,QUANTITY) values (137,8,29);
Insert into HWL_INVENTORIES (PRODUCT_ID,WAREHOUSE_ID,QUANTITY) values (138,8,31);
Insert into HWL_INVENTORIES (PRODUCT_ID,WAREHOUSE_ID,QUANTITY) values (139,8,8);
Insert into HWL_INVENTORIES (PRODUCT_ID,WAREHOUSE_ID,QUANTITY) values (140,8,9);
Insert into HWL_INVENTORIES (PRODUCT_ID,WAREHOUSE_ID,QUANTITY) values (141,8,33);
Insert into HWL_INVENTORIES (PRODUCT_ID,WAREHOUSE_ID,QUANTITY) values (142,8,34);
Insert into HWL_INVENTORIES (PRODUCT_ID,WAREHOUSE_ID,QUANTITY) values (144,8,10);
Insert into HWL_INVENTORIES (PRODUCT_ID,WAREHOUSE_ID,QUANTITY) values (145,8,11);
Insert into HWL_INVENTORIES (PRODUCT_ID,WAREHOUSE_ID,QUANTITY) values (146,8,11);
Insert into HWL_INVENTORIES (PRODUCT_ID,WAREHOUSE_ID,QUANTITY) values (147,8,11);
Insert into HWL_INVENTORIES (PRODUCT_ID,WAREHOUSE_ID,QUANTITY) values (148,8,12);
Insert into HWL_INVENTORIES (PRODUCT_ID,WAREHOUSE_ID,QUANTITY) values (149,8,12);
Insert into HWL_INVENTORIES (PRODUCT_ID,WAREHOUSE_ID,QUANTITY) values (150,8,15);
Insert into HWL_INVENTORIES (PRODUCT_ID,WAREHOUSE_ID,QUANTITY) values (151,8,15);
Insert into HWL_INVENTORIES (PRODUCT_ID,WAREHOUSE_ID,QUANTITY) values (152,8,15);
Insert into HWL_INVENTORIES (PRODUCT_ID,WAREHOUSE_ID,QUANTITY) values (159,8,27);
Insert into HWL_INVENTORIES (PRODUCT_ID,WAREHOUSE_ID,QUANTITY) values (160,8,33);
Insert into HWL_INVENTORIES (PRODUCT_ID,WAREHOUSE_ID,QUANTITY) values (161,8,48);
Insert into HWL_INVENTORIES (PRODUCT_ID,WAREHOUSE_ID,QUANTITY) values (163,8,47);
Insert into HWL_INVENTORIES (PRODUCT_ID,WAREHOUSE_ID,QUANTITY) values (166,8,66);
Insert into HWL_INVENTORIES (PRODUCT_ID,WAREHOUSE_ID,QUANTITY) values (168,8,56);
Insert into HWL_INVENTORIES (PRODUCT_ID,WAREHOUSE_ID,QUANTITY) values (174,8,86);
Insert into HWL_INVENTORIES (PRODUCT_ID,WAREHOUSE_ID,QUANTITY) values (175,8,86);
Insert into HWL_INVENTORIES (PRODUCT_ID,WAREHOUSE_ID,QUANTITY) values (182,8,128);
Insert into HWL_INVENTORIES (PRODUCT_ID,WAREHOUSE_ID,QUANTITY) values (184,8,128);
Insert into HWL_INVENTORIES (PRODUCT_ID,WAREHOUSE_ID,QUANTITY) values (185,8,129);
Insert into HWL_INVENTORIES (PRODUCT_ID,WAREHOUSE_ID,QUANTITY) values (188,8,137);
Insert into HWL_INVENTORIES (PRODUCT_ID,WAREHOUSE_ID,QUANTITY) values (189,8,137);
Insert into HWL_INVENTORIES (PRODUCT_ID,WAREHOUSE_ID,QUANTITY) values (190,8,137);
Insert into HWL_INVENTORIES (PRODUCT_ID,WAREHOUSE_ID,QUANTITY) values (191,8,138);
Insert into HWL_INVENTORIES (PRODUCT_ID,WAREHOUSE_ID,QUANTITY) values (193,8,138);
Insert into HWL_INVENTORIES (PRODUCT_ID,WAREHOUSE_ID,QUANTITY) values (195,8,139);
Insert into HWL_INVENTORIES (PRODUCT_ID,WAREHOUSE_ID,QUANTITY) values (196,8,139);
Insert into HWL_INVENTORIES (PRODUCT_ID,WAREHOUSE_ID,QUANTITY) values (198,8,140);
Insert into HWL_INVENTORIES (PRODUCT_ID,WAREHOUSE_ID,QUANTITY) values (199,8,141);
Insert into HWL_INVENTORIES (PRODUCT_ID,WAREHOUSE_ID,QUANTITY) values (200,8,141);
Insert into HWL_INVENTORIES (PRODUCT_ID,WAREHOUSE_ID,QUANTITY) values (201,8,142);
Insert into HWL_INVENTORIES (PRODUCT_ID,WAREHOUSE_ID,QUANTITY) values (203,8,142);
Insert into HWL_INVENTORIES (PRODUCT_ID,WAREHOUSE_ID,QUANTITY) values (204,8,142);
Insert into HWL_INVENTORIES (PRODUCT_ID,WAREHOUSE_ID,QUANTITY) values (205,8,142);
Insert into HWL_INVENTORIES (PRODUCT_ID,WAREHOUSE_ID,QUANTITY) values (207,8,121);


-- enable FK constraints
ALTER TABLE hwl_countries ENABLE CONSTRAINT fk_countries_regions;
ALTER TABLE hwl_locations ENABLE CONSTRAINT fk_locations_countries;
ALTER TABLE hwl_warehouses ENABLE CONSTRAINT fk_warehouses_locations;
ALTER TABLE hwl_employees ENABLE CONSTRAINT fk_employees_manager;
ALTER TABLE hwl_products ENABLE CONSTRAINT fk_products_categories;
ALTER TABLE hwl_contacts ENABLE CONSTRAINT fk_contacts_customers;
ALTER TABLE hwl_orders ENABLE CONSTRAINT fk_orders_customers;
ALTER TABLE hwl_orders ENABLE CONSTRAINT fk_orders_employees;
ALTER TABLE hwl_order_items ENABLE CONSTRAINT fk_order_items_products;
ALTER TABLE hwl_order_items ENABLE CONSTRAINT fk_order_items_orders;
ALTER TABLE hwl_inventories ENABLE CONSTRAINT fk_inventories_products;
ALTER TABLE hwl_inventories ENABLE CONSTRAINT fk_inventories_warehouses;